0,1,2,3,4,5,6,7,8,9,10,11,12,13
5,0,1,2,3,4,5,0,1,2,3,4,5,41
0,1,2,3,4,5,0,1,2,3,4,5,41,5
1,2,3,4,5,0,1,2,3,4,5,41,5,4
2,3,4,5,0,1,2,3,4,5,41,5,4,52
3,4,5,0,1,2,3,4,5,41,5,4,52,30
4,5,0,1,2,3,4,5,41,5,4,52,30,33
5,0,1,2,3,4,5,41,5,4,52,30,33,9
0,1,2,3,4,5,41,5,4,52,30,33,9,39
1,2,3,4,5,41,5,4,52,30,33,9,39,37
2,3,4,5,41,5,4,52,30,33,9,39,37,49
3,4,5,41,5,4,52,30,33,9,39,37,49,43
4,5,41,5,4,52,30,33,9,39,37,49,43,41
5,41,5,4,52,30,33,9,39,37,49,43,41,36
41,5,4,52,30,33,9,39,37,49,43,41,36,30
5,4,52,30,33,9,39,37,49,43,41,36,30,10
4,52,30,33,9,39,37,49,43,41,36,30,10,11
52,30,33,9,39,37,49,43,41,36,30,10,11,29
30,33,9,39,37,49,43,41,36,30,10,11,29,47
33,9,39,37,49,43,41,36,30,10,11,29,47,6
9,39,37,49,43,41,36,30,10,11,29,47,6,59
39,37,49,43,41,36,30,10,11,29,47,6,59,42
37,49,43,41,36,30,10,11,29,47,6,59,42,27
49,43,41,36,30,10,11,29,47,6,59,42,27,1
43,41,36,30,10,11,29,47,6,59,42,27,1,5
41,36,30,10,11,29,47,6,59,42,27,1,5,1
36,30,10,11,29,47,6,59,42,27,1,5,1,19
30,10,11,29,47,6,59,42,27,1,5,1,19,46
10,11,29,47,6,59,42,27,1,5,1,19,46,6
11,29,47,6,59,42,27,1,5,1,19,46,6,16
29,47,6,59,42,27,1,5,1,19,46,6,16,2
47,6,59,42,27,1,5,1,19,46,6,16,2,19
6,59,42,27,1,5,1,19,46,6,16,2,19,40
59,42,27,1,5,1,19,46,6,16,2,19,40,7
42,27,1,5,1,19,46,6,16,2,19,40,7,13
27,1,5,1,19,46,6,16,2,19,40,7,13,22
1,5,1,19,46,6,16,2,19,40,7,13,22,47
5,1,19,46,6,16,2,19,40,7,13,22,47,56
1,19,46,6,16,2,19,40,7,13,22,47,56,38
19,46,6,16,2,19,40,7,13,22,47,56,38,21
46,6,16,2,19,40,7,13,22,47,56,38,21,20
6,16,2,19,40,7,13,22,47,56,38,21,20,3
16,2,19,40,7,13,22,47,56,38,21,20,3,5
2,19,40,7,13,22,47,56,38,21,20,3,5,53
19,40,7,13,22,47,56,38,21,20,3,5,53,17
40,7,13,22,47,56,38,21,20,3,5,53,17,38
7,13,22,47,56,38,21,20,3,5,53,17,38,4
13,22,47,56,38,21,20,3,5,53,17,38,4,47
22,47,56,38,21,20,3,5,53,17,38,4,47,37
47,56,38,21,20,3,5,53,17,38,4,47,37,55
56,38,21,20,3,5,53,17,38,4,47,37,55,43
38,21,20,3,5,53,17,38,4,47,37,55,43,56
21,20,3,5,53,17,38,4,47,37,55,43,56,54
20,3,5,53,17,38,4,47,37,55,43,56,54,8
3,5,53,17,38,4,47,37,55,43,56,54,8,60
5,53,17,38,4,47,37,55,43,56,54,8,60,25
53,17,38,4,47,37,55,43,56,54,8,60,25,4
17,38,4,47,37,55,43,56,54,8,60,25,4,18
38,4,47,37,55,43,56,54,8,60,25,4,18,57
4,47,37,55,43,56,54,8,60,25,4,18,57,21
47,37,55,43,56,54,8,60,25,4,18,57,21,38
37,55,43,56,54,8,60,25,4,18,57,21,38,25
55,43,56,54,8,60,25,4,18,57,21,38,25,15
43,56,54,8,60,25,4,18,57,21,38,25,15,58
56,54,8,60,25,4,18,57,21,38,25,15,58,37
54,8,60,25,4,18,57,21,38,25,15,58,37,59
8,60,25,4,18,57,21,38,25,15,58,37,59,38
60,25,4,18,57,21,38,25,15,58,37,59,38,20
25,4,18,57,21,38,25,15,58,37,59,38,20,27
4,18,57,21,38,25,15,58,37,59,38,20,27,43
18,57,21,38,25,15,58,37,59,38,20,27,43,16
57,21,38,25,15,58,37,59,38,20,27,43,16,19
21,38,25,15,58,37,59,38,20,27,43,16,19,4
38,25,15,58,37,59,38,20,27,43,16,19,4,47
25,15,58,37,59,38,20,27,43,16,19,4,47,32
15,58,37,59,38,20,27,43,16,19,4,47,32,50
58,37,59,38,20,27,43,16,19,4,47,32,50,54
37,59,38,20,27,43,16,19,4,47,32,50,54,18
59,38,20,27,43,16,19,4,47,32,50,54,18,56
38,20,27,43,16,19,4,47,32,50,54,18,56,16
20,27,43,16,19,4,47,32,50,54,18,56,16,2
27,43,16,19,4,47,32,50,54,18,56,16,2,27
43,16,19,4,47,32,50,54,18,56,16,2,27,47
16,19,4,47,32,50,54,18,56,16,2,27,47,23
19,4,47,32,50,54,18,56,16,2,27,47,23,53
4,47,32,50,54,18,56,16,2,27,47,23,53,60
47,32,50,54,18,56,16,2,27,47,23,53,60,12
32,50,54,18,56,16,2,27,47,23,53,60,12,33
50,54,18,56,16,2,27,47,23,53,60,12,33,52
54,18,56,16,2,27,47,23,53,60,12,33,52,35
18,56,16,2,27,47,23,53,60,12,33,52,35,51
56,16,2,27,47,23,53,60,12,33,52,35,51,60
16,2,27,47,23,53,60,12,33,52,35,51,60,58
2,27,47,23,53,60,12,33,52,35,51,60,58,49
27,47,23,53,60,12,33,52,35,51,60,58,49,32
47,23,53,60,12,33,52,35,51,60,58,49,32,20
23,53,60,12,33,52,35,51,60,58,49,32,20,34
53,60,12,33,52,35,51,60,58,49,32,20,34,10
60,12,33,52,35,51,60,58,49,32,20,34,10,20
12,33,52,35,51,60,58,49,32,20,34,10,20,6
33,52,35,51,60,58,49,32,20,34,10,20,6,19
52,35,51,60,58,49,32,20,34,10,20,6,19,51
35,51,60,58,49,32,20,34,10,20,6,19,51,13
51,60,58,49,32,20,34,10,20,6,19,51,13,37
60,58,49,32,20,34,10,20,6,19,51,13,37,36
58,49,32,20,34,10,20,6,19,51,13,37,36,56
49,32,20,34,10,20,6,19,51,13,37,36,56,27
32,20,34,10,20,6,19,51,13,37,36,56,27,42
20,34,10,20,6,19,51,13,37,36,56,27,42,23
34,10,20,6,19,51,13,37,36,56,27,42,23,5
10,20,6,19,51,13,37,36,56,27,42,23,5,25
20,6,19,51,13,37,36,56,27,42,23,5,25,12
6,19,51,13,37,36,56,27,42,23,5,25,12,10
19,51,13,37,36,56,27,42,23,5,25,12,10,60
51,13,37,36,56,27,42,23,5,25,12,10,60,24
13,37,36,56,27,42,23,5,25,12,10,60,24,25
37,36,56,27,42,23,5,25,12,10,60,24,25,28
36,56,27,42,23,5,25,12,10,60,24,25,28,30
56,27,42,23,5,25,12,10,60,24,25,28,30,33
27,42,23,5,25,12,10,60,24,25,28,30,33,51
42,23,5,25,12,10,60,24,25,28,30,33,51,11
23,5,25,12,10,60,24,25,28,30,33,51,11,49
5,25,12,10,60,24,25,28,30,33,51,11,49,46
25,12,10,60,24,25,28,30,33,51,11,49,46,6
12,10,60,24,25,28,30,33,51,11,49,46,6,53
10,60,24,25,28,30,33,51,11,49,46,6,53,33
60,24,25,28,30,33,51,11,49,46,6,53,33,36
24,25,28,30,33,51,11,49,46,6,53,33,36,9
25,28,30,33,51,11,49,46,6,53,33,36,9,38
28,30,33,51,11,49,46,6,53,33,36,9,38,56
30,33,51,11,49,46,6,53,33,36,9,38,56,1
33,51,11,49,46,6,53,33,36,9,38,56,1,31
51,11,49,46,6,53,33,36,9,38,56,1,31,46
11,49,46,6,53,33,36,9,38,56,1,31,46,17
49,46,6,53,33,36,9,38,56,1,31,46,17,52
46,6,53,33,36,9,38,56,1,31,46,17,52,51
6,53,33,36,9,38,56,1,31,46,17,52,51,59
53,33,36,9,38,56,1,31,46,17,52,51,59,39
33,36,9,38,56,1,31,46,17,52,51,59,39,37
36,9,38,56,1,31,46,17,52,51,59,39,37,1
9,38,56,1,31,46,17,52,51,59,39,37,1,8
38,56,1,31,46,17,52,51,59,39,37,1,8,14
56,1,31,46,17,52,51,59,39,37,1,8,14,28
1,31,46,17,52,51,59,39,37,1,8,14,28,33
31,46,17,52,51,59,39,37,1,8,14,28,33,43
46,17,52,51,59,39,37,1,8,14,28,33,43,56
17,52,51,59,39,37,1,8,14,28,33,43,56,50
52,51,59,39,37,1,8,14,28,33,43,56,50,55
51,59,39,37,1,8,14,28,33,43,56,50,55,54
59,39,37,1,8,14,28,33,43,56,50,55,54,24
39,37,1,8,14,28,33,43,56,50,55,54,24,43
37,1,8,14,28,33,43,56,50,55,54,24,43,50
1,8,14,28,33,43,56,50,55,54,24,43,50,53
8,14,28,33,43,56,50,55,54,24,43,50,53,57
14,28,33,43,56,50,55,54,24,43,50,53,57,10
28,33,43,56,50,55,54,24,43,50,53,57,10,58
33,43,56,50,55,54,24,43,50,53,57,10,58,22
43,56,50,55,54,24,43,50,53,57,10,58,22,44
56,50,55,54,24,43,50,53,57,10,58,22,44,33
50,55,54,24,43,50,53,57,10,58,22,44,33,13
55,54,24,43,50,53,57,10,58,22,44,33,13,51
54,24,43,50,53,57,10,58,22,44,33,13,51,17
24,43,50,53,57,10,58,22,44,33,13,51,17,20
43,50,53,57,10,58,22,44,33,13,51,17,20,60
50,53,57,10,58,22,44,33,13,51,17,20,60,6
53,57,10,58,22,44,33,13,51,17,20,60,6,22
57,10,58,22,44,33,13,51,17,20,60,6,22,3
10,58,22,44,33,13,51,17,20,60,6,22,3,24
58,22,44,33,13,51,17,20,60,6,22,3,24,54
22,44,33,13,51,17,20,60,6,22,3,24,54,14
44,33,13,51,17,20,60,6,22,3,24,54,14,56
33,13,51,17,20,60,6,22,3,24,54,14,56,58
13,51,17,20,60,6,22,3,24,54,14,56,58,8
51,17,20,60,6,22,3,24,54,14,56,58,8,43
17,20,60,6,22,3,24,54,14,56,58,8,43,3
20,60,6,22,3,24,54,14,56,58,8,43,3,38
60,6,22,3,24,54,14,56,58,8,43,3,38,50
6,22,3,24,54,14,56,58,8,43,3,38,50,7
22,3,24,54,14,56,58,8,43,3,38,50,7,29
3,24,54,14,56,58,8,43,3,38,50,7,29,15
24,54,14,56,58,8,43,3,38,50,7,29,15,14
54,14,56,58,8,43,3,38,50,7,29,15,14,56
14,56,58,8,43,3,38,50,7,29,15,14,56,19
56,58,8,43,3,38,50,7,29,15,14,56,19,28
58,8,43,3,38,50,7,29,15,14,56,19,28,48
8,43,3,38,50,7,29,15,14,56,19,28,48,17
43,3,38,50,7,29,15,14,56,19,28,48,17,45
3,38,50,7,29,15,14,56,19,28,48,17,45,43
38,50,7,29,15,14,56,19,28,48,17,45,43,33
50,7,29,15,14,56,19,28,48,17,45,43,33,14
7,29,15,14,56,19,28,48,17,45,43,33,14,36
29,15,14,56,19,28,48,17,45,43,33,14,36,5
15,14,56,19,28,48,17,45,43,33,14,36,5,44
14,56,19,28,48,17,45,43,33,14,36,5,44,5
56,19,28,48,17,45,43,33,14,36,5,44,5,33
19,28,48,17,45,43,33,14,36,5,44,5,33,49
28,48,17,45,43,33,14,36,5,44,5,33,49,17
48,17,45,43,33,14,36,5,44,5,33,49,17,42
17,45,43,33,14,36,5,44,5,33,49,17,42,39
45,43,33,14,36,5,44,5,33,49,17,42,39,15
43,33,14,36,5,44,5,33,49,17,42,39,15,13
33,14,36,5,44,5,33,49,17,42,39,15,13,57
14,36,5,44,5,33,49,17,42,39,15,13,57,53
36,5,44,5,33,49,17,42,39,15,13,57,53,40
5,44,5,33,49,17,42,39,15,13,57,53,40,17
44,5,33,49,17,42,39,15,13,57,53,40,17,21
5,33,49,17,42,39,15,13,57,53,40,17,21,57
33,49,17,42,39,15,13,57,53,40,17,21,57,16
49,17,42,39,15,13,57,53,40,17,21,57,16,23
17,42,39,15,13,57,53,40,17,21,57,16,23,54
42,39,15,13,57,53,40,17,21,57,16,23,54,4
39,15,13,57,53,40,17,21,57,16,23,54,4,13
15,13,57,53,40,17,21,57,16,23,54,4,13,3
13,57,53,40,17,21,57,16,23,54,4,13,3,51
57,53,40,17,21,57,16,23,54,4,13,3,51,17
53,40,17,21,57,16,23,54,4,13,3,51,17,29
40,17,21,57,16,23,54,4,13,3,51,17,29,25
17,21,57,16,23,54,4,13,3,51,17,29,25,22
21,57,16,23,54,4,13,3,51,17,29,25,22,6
57,16,23,54,4,13,3,51,17,29,25,22,6,7
16,23,54,4,13,3,51,17,29,25,22,6,7,52
23,54,4,13,3,51,17,29,25,22,6,7,52,38
54,4,13,3,51,17,29,25,22,6,7,52,38,60
4,13,3,51,17,29,25,22,6,7,52,38,60,55
13,3,51,17,29,25,22,6,7,52,38,60,55,42
3,51,17,29,25,22,6,7,52,38,60,55,42,10
51,17,29,25,22,6,7,52,38,60,55,42,10,43
17,29,25,22,6,7,52,38,60,55,42,10,43,45
29,25,22,6,7,52,38,60,55,42,10,43,45,54
25,22,6,7,52,38,60,55,42,10,43,45,54,16
22,6,7,52,38,60,55,42,10,43,45,54,16,37
6,7,52,38,60,55,42,10,43,45,54,16,37,45
7,52,38,60,55,42,10,43,45,54,16,37,45,52
52,38,60,55,42,10,43,45,54,16,37,45,52,56
38,60,55,42,10,43,45,54,16,37,45,52,56,12
60,55,42,10,43,45,54,16,37,45,52,56,12,3
55,42,10,43,45,54,16,37,45,52,56,12,3,12
42,10,43,45,54,16,37,45,52,56,12,3,12,46
10,43,45,54,16,37,45,52,56,12,3,12,46,5
43,45,54,16,37,45,52,56,12,3,12,46,5,47
45,54,16,37,45,52,56,12,3,12,46,5,47,8
54,16,37,45,52,56,12,3,12,46,5,47,8,38
16,37,45,52,56,12,3,12,46,5,47,8,38,26
37,45,52,56,12,3,12,46,5,47,8,38,26,35
45,52,56,12,3,12,46,5,47,8,38,26,35,39
52,56,12,3,12,46,5,47,8,38,26,35,39,12
56,12,3,12,46,5,47,8,38,26,35,39,12,47
12,3,12,46,5,47,8,38,26,35,39,12,47,24
3,12,46,5,47,8,38,26,35,39,12,47,24,36
12,46,5,47,8,38,26,35,39,12,47,24,36,19
46,5,47,8,38,26,35,39,12,47,24,36,19,33
5,47,8,38,26,35,39,12,47,24,36,19,33,7
47,8,38,26,35,39,12,47,24,36,19,33,7,11
8,38,26,35,39,12,47,24,36,19,33,7,11,2
38,26,35,39,12,47,24,36,19,33,7,11,2,58
26,35,39,12,47,24,36,19,33,7,11,2,58,25
35,39,12,47,24,36,19,33,7,11,2,58,25,6
39,12,47,24,36,19,33,7,11,2,58,25,6,26
12,47,24,36,19,33,7,11,2,58,25,6,26,17
47,24,36,19,33,7,11,2,58,25,6,26,17,47
24,36,19,33,7,11,2,58,25,6,26,17,47,38
36,19,33,7,11,2,58,25,6,26,17,47,38,18
19,33,7,11,2,58,25,6,26,17,47,38,18,14
33,7,11,2,58,25,6,26,17,47,38,18,14,29
7,11,2,58,25,6,26,17,47,38,18,14,29,44
11,2,58,25,6,26,17,47,38,18,14,29,44,30
2,58,25,6,26,17,47,38,18,14,29,44,30,7
58,25,6,26,17,47,38,18,14,29,44,30,7,37
25,6,26,17,47,38,18,14,29,44,30,7,37,55
6,26,17,47,38,18,14,29,44,30,7,37,55,44
26,17,47,38,18,14,29,44,30,7,37,55,44,53
17,47,38,18,14,29,44,30,7,37,55,44,53,32
47,38,18,14,29,44,30,7,37,55,44,53,32,46
38,18,14,29,44,30,7,37,55,44,53,32,46,1
18,14,29,44,30,7,37,55,44,53,32,46,1,60
14,29,44,30,7,37,55,44,53,32,46,1,60,24
29,44,30,7,37,55,44,53,32,46,1,60,24,23
44,30,7,37,55,44,53,32,46,1,60,24,23,35
30,7,37,55,44,53,32,46,1,60,24,23,35,17
7,37,55,44,53,32,46,1,60,24,23,35,17,3
37,55,44,53,32,46,1,60,24,23,35,17,3,48
55,44,53,32,46,1,60,24,23,35,17,3,48,25
44,53,32,46,1,60,24,23,35,17,3,48,25,56
53,32,46,1,60,24,23,35,17,3,48,25,56,47
32,46,1,60,24,23,35,17,3,48,25,56,47,5
46,1,60,24,23,35,17,3,48,25,56,47,5,34
1,60,24,23,35,17,3,48,25,56,47,5,34,28
60,24,23,35,17,3,48,25,56,47,5,34,28,2
24,23,35,17,3,48,25,56,47,5,34,28,2,50
23,35,17,3,48,25,56,47,5,34,28,2,50,33
35,17,3,48,25,56,47,5,34,28,2,50,33,7
17,3,48,25,56,47,5,34,28,2,50,33,7,43
3,48,25,56,47,5,34,28,2,50,33,7,43,35
48,25,56,47,5,34,28,2,50,33,7,43,35,13
25,56,47,5,34,28,2,50,33,7,43,35,13,55
56,47,5,34,28,2,50,33,7,43,35,13,55,57
47,5,34,28,2,50,33,7,43,35,13,55,57,44
5,34,28,2,50,33,7,43,35,13,55,57,44,21
34,28,2,50,33,7,43,35,13,55,57,44,21,16
28,2,50,33,7,43,35,13,55,57,44,21,16,58
2,50,33,7,43,35,13,55,57,44,21,16,58,6
50,33,7,43,35,13,55,57,44,21,16,58,6,23
33,7,43,35,13,55,57,44,21,16,58,6,23,24
7,43,35,13,55,57,44,21,16,58,6,23,24,42
43,35,13,55,57,44,21,16,58,6,23,24,42,25
35,13,55,57,44,21,16,58,6,23,24,42,25,17
13,55,57,44,21,16,58,6,23,24,42,25,17,47
55,57,44,21,16,58,6,23,24,42,25,17,47,58
57,44,21,16,58,6,23,24,42,25,17,47,58,15
44,21,16,58,6,23,24,42,25,17,47,58,15,59
21,16,58,6,23,24,42,25,17,47,58,15,59,30
16,58,6,23,24,42,25,17,47,58,15,59,30,38
58,6,23,24,42,25,17,47,58,15,59,30,38,46
6,23,24,42,25,17,47,58,15,59,30,38,46,42
23,24,42,25,17,47,58,15,59,30,38,46,42,13
24,42,25,17,47,58,15,59,30,38,46,42,13,3
42,25,17,47,58,15,59,30,38,46,42,13,3,46
25,17,47,58,15,59,30,38,46,42,13,3,46,38
17,47,58,15,59,30,38,46,42,13,3,46,38,16
47,58,15,59,30,38,46,42,13,3,46,38,16,5
58,15,59,30,38,46,42,13,3,46,38,16,5,21
15,59,30,38,46,42,13,3,46,38,16,5,21,9
59,30,38,46,42,13,3,46,38,16,5,21,9,56
30,38,46,42,13,3,46,38,16,5,21,9,56,18
38,46,42,13,3,46,38,16,5,21,9,56,18,36
46,42,13,3,46,38,16,5,21,9,56,18,36,29
42,13,3,46,38,16,5,21,9,56,18,36,29,2
13,3,46,38,16,5,21,9,56,18,36,29,2,14
3,46,38,16,5,21,9,56,18,36,29,2,14,38
46,38,16,5,21,9,56,18,36,29,2,14,38,23
38,16,5,21,9,56,18,36,29,2,14,38,23,52
16,5,21,9,56,18,36,29,2,14,38,23,52,51
5,21,9,56,18,36,29,2,14,38,23,52,51,35
21,9,56,18,36,29,2,14,38,23,52,51,35,59
9,56,18,36,29,2,14,38,23,52,51,35,59,7
56,18,36,29,2,14,38,23,52,51,35,59,7,20
18,36,29,2,14,38,23,52,51,35,59,7,20,2
36,29,2,14,38,23,52,51,35,59,7,20,2,27
29,2,14,38,23,52,51,35,59,7,20,2,27,17
2,14,38,23,52,51,35,59,7,20,2,27,17,16
14,38,23,52,51,35,59,7,20,2,27,17,16,34
38,23,52,51,35,59,7,20,2,27,17,16,34,7
23,52,51,35,59,7,20,2,27,17,16,34,7,59
52,51,35,59,7,20,2,27,17,16,34,7,59,30
51,35,59,7,20,2,27,17,16,34,7,59,30,49
35,59,7,20,2,27,17,16,34,7,59,30,49,27
59,7,20,2,27,17,16,34,7,59,30,49,27,37
7,20,2,27,17,16,34,7,59,30,49,27,37,12
20,2,27,17,16,34,7,59,30,49,27,37,12,44
2,27,17,16,34,7,59,30,49,27,37,12,44,28
27,17,16,34,7,59,30,49,27,37,12,44,28,13
17,16,34,7,59,30,49,27,37,12,44,28,13,34
16,34,7,59,30,49,27,37,12,44,28,13,34,2
34,7,59,30,49,27,37,12,44,28,13,34,2,8
7,59,30,49,27,37,12,44,28,13,34,2,8,54
59,30,49,27,37,12,44,28,13,34,2,8,54,38
30,49,27,37,12,44,28,13,34,2,8,54,38,14
49,27,37,12,44,28,13,34,2,8,54,38,14,21
27,37,12,44,28,13,34,2,8,54,38,14,21,15
37,12,44,28,13,34,2,8,54,38,14,21,15,3
12,44,28,13,34,2,8,54,38,14,21,15,3,20
44,28,13,34,2,8,54,38,14,21,15,3,20,59
28,13,34,2,8,54,38,14,21,15,3,20,59,8
13,34,2,8,54,38,14,21,15,3,20,59,8,18
34,2,8,54,38,14,21,15,3,20,59,8,18,29
2,8,54,38,14,21,15,3,20,59,8,18,29,42
8,54,38,14,21,15,3,20,59,8,18,29,42,44
54,38,14,21,15,3,20,59,8,18,29,42,44,52
38,14,21,15,3,20,59,8,18,29,42,44,52,13
14,21,15,3,20,59,8,18,29,42,44,52,13,6
21,15,3,20,59,8,18,29,42,44,52,13,6,24
15,3,20,59,8,18,29,42,44,52,13,6,24,8
3,20,59,8,18,29,42,44,52,13,6,24,8,31
20,59,8,18,29,42,44,52,13,6,24,8,31,26
59,8,18,29,42,44,52,13,6,24,8,31,26,9
8,18,29,42,44,52,13,6,24,8,31,26,9,41
18,29,42,44,52,13,6,24,8,31,26,9,41,49
29,42,44,52,13,6,24,8,31,26,9,41,49,25
42,44,52,13,6,24,8,31,26,9,41,49,25,40
44,52,13,6,24,8,31,26,9,41,49,25,40,8
52,13,6,24,8,31,26,9,41,49,25,40,8,54
13,6,24,8,31,26,9,41,49,25,40,8,54,50
6,24,8,31,26,9,41,49,25,40,8,54,50,60
24,8,31,26,9,41,49,25,40,8,54,50,60,23
8,31,26,9,41,49,25,40,8,54,50,60,23,12
31,26,9,41,49,25,40,8,54,50,60,23,12,20
26,9,41,49,25,40,8,54,50,60,23,12,20,1
9,41,49,25,40,8,54,50,60,23,12,20,1,5
41,49,25,40,8,54,50,60,23,12,20,1,5,32
49,25,40,8,54,50,60,23,12,20,1,5,32,25
25,40,8,54,50,60,23,12,20,1,5,32,25,34
40,8,54,50,60,23,12,20,1,5,32,25,34,15
8,54,50,60,23,12,20,1,5,32,25,34,15,26
54,50,60,23,12,20,1,5,32,25,34,15,26,12
50,60,23,12,20,1,5,32,25,34,15,26,12,33
60,23,12,20,1,5,32,25,34,15,26,12,33,48
23,12,20,1,5,32,25,34,15,26,12,33,48,13
12,20,1,5,32,25,34,15,26,12,33,48,13,47
20,1,5,32,25,34,15,26,12,33,48,13,47,14
1,5,32,25,34,15,26,12,33,48,13,47,14,27
5,32,25,34,15,26,12,33,48,13,47,14,27,52
32,25,34,15,26,12,33,48,13,47,14,27,52,17
25,34,15,26,12,33,48,13,47,14,27,52,17,12
34,15,26,12,33,48,13,47,14,27,52,17,12,53
15,26,12,33,48,13,47,14,27,52,17,12,53,13
26,12,33,48,13,47,14,27,52,17,12,53,13,3
12,33,48,13,47,14,27,52,17,12,53,13,3,1
33,48,13,47,14,27,52,17,12,53,13,3,1,12
48,13,47,14,27,52,17,12,53,13,3,1,12,59
13,47,14,27,52,17,12,53,13,3,1,12,59,56
47,14,27,52,17,12,53,13,3,1,12,59,56,58
14,27,52,17,12,53,13,3,1,12,59,56,58,34
27,52,17,12,53,13,3,1,12,59,56,58,34,53
52,17,12,53,13,3,1,12,59,56,58,34,53,25
17,12,53,13,3,1,12,59,56,58,34,53,25,45
12,53,13,3,1,12,59,56,58,34,53,25,45,40
53,13,3,1,12,59,56,58,34,53,25,45,40,17
13,3,1,12,59,56,58,34,53,25,45,40,17,23
3,1,12,59,56,58,34,53,25,45,40,17,23,43
1,12,59,56,58,34,53,25,45,40,17,23,43,27
12,59,56,58,34,53,25,45,40,17,23,43,27,58
59,56,58,34,53,25,45,40,17,23,43,27,58,53
56,58,34,53,25,45,40,17,23,43,27,58,53,16
58,34,53,25,45,40,17,23,43,27,58,53,16,45
34,53,25,45,40,17,23,43,27,58,53,16,45,43
53,25,45,40,17,23,43,27,58,53,16,45,43,33
25,45,40,17,23,43,27,58,53,16,45,43,33,27
45,40,17,23,43,27,58,53,16,45,43,33,27,19
40,17,23,43,27,58,53,16,45,43,33,27,19,48
17,23,43,27,58,53,16,45,43,33,27,19,48,43
23,43,27,58,53,16,45,43,33,27,19,48,43,1
43,27,58,53,16,45,43,33,27,19,48,43,1,34
27,58,53,16,45,43,33,27,19,48,43,1,34,44
58,53,16,45,43,33,27,19,48,43,1,34,44,57
53,16,45,43,33,27,19,48,43,1,34,44,57,25
16,45,43,33,27,19,48,43,1,34,44,57,25,45
45,43,33,27,19,48,43,1,34,44,57,25,45,28
43,33,27,19,48,43,1,34,44,57,25,45,28,51
33,27,19,48,43,1,34,44,57,25,45,28,51,26
27,19,48,43,1,34,44,57,25,45,28,51,26,2
19,48,43,1,34,44,57,25,45,28,51,26,2,24
48,43,1,34,44,57,25,45,28,51,26,2,24,34
43,1,34,44,57,25,45,28,51,26,2,24,34,50
1,34,44,57,25,45,28,51,26,2,24,34,50,38
34,44,57,25,45,28,51,26,2,24,34,50,38,37
44,57,25,45,28,51,26,2,24,34,50,38,37,36
57,25,45,28,51,26,2,24,34,50,38,37,36,49
25,45,28,51,26,2,24,34,50,38,37,36,49,37
45,28,51,26,2,24,34,50,38,37,36,49,37,35
28,51,26,2,24,34,50,38,37,36,49,37,35,24
51,26,2,24,34,50,38,37,36,49,37,35,24,21
26,2,24,34,50,38,37,36,49,37,35,24,21,33
2,24,34,50,38,37,36,49,37,35,24,21,33,18
24,34,50,38,37,36,49,37,35,24,21,33,18,23
34,50,38,37,36,49,37,35,24,21,33,18,23,8
50,38,37,36,49,37,35,24,21,33,18,23,8,17
38,37,36,49,37,35,24,21,33,18,23,8,17,53
37,36,49,37,35,24,21,33,18,23,8,17,53,29
36,49,37,35,24,21,33,18,23,8,17,53,29,54
49,37,35,24,21,33,18,23,8,17,53,29,54,40
37,35,24,21,33,18,23,8,17,53,29,54,40,57
35,24,21,33,18,23,8,17,53,29,54,40,57,49
24,21,33,18,23,8,17,53,29,54,40,57,49,21
21,33,18,23,8,17,53,29,54,40,57,49,21,22
33,18,23,8,17,53,29,54,40,57,49,21,22,32
18,23,8,17,53,29,54,40,57,49,21,22,32,46
23,8,17,53,29,54,40,57,49,21,22,32,46,12
8,17,53,29,54,40,57,49,21,22,32,46,12,25
17,53,29,54,40,57,49,21,22,32,46,12,25,31
53,29,54,40,57,49,21,22,32,46,12,25,31,43
29,54,40,57,49,21,22,32,46,12,25,31,43,25
54,40,57,49,21,22,32,46,12,25,31,43,25,2
40,57,49,21,22,32,46,12,25,31,43,25,2,13
57,49,21,22,32,46,12,25,31,43,25,2,13,31
49,21,22,32,46,12,25,31,43,25,2,13,31,17
21,22,32,46,12,25,31,43,25,2,13,31,17,51
22,32,46,12,25,31,43,25,2,13,31,17,51,40
32,46,12,25,31,43,25,2,13,31,17,51,40,37
46,12,25,31,43,25,2,13,31,17,51,40,37,23
12,25,31,43,25,2,13,31,17,51,40,37,23,48
25,31,43,25,2,13,31,17,51,40,37,23,48,28
31,43,25,2,13,31,17,51,40,37,23,48,28,47
43,25,2,13,31,17,51,40,37,23,48,28,47,41
25,2,13,31,17,51,40,37,23,48,28,47,41,10
2,13,31,17,51,40,37,23,48,28,47,41,10,60
13,31,17,51,40,37,23,48,28,47,41,10,60,54
31,17,51,40,37,23,48,28,47,41,10,60,54,23
17,51,40,37,23,48,28,47,41,10,60,54,23,51
51,40,37,23,48,28,47,41,10,60,54,23,51,36
40,37,23,48,28,47,41,10,60,54,23,51,36,53
37,23,48,28,47,41,10,60,54,23,51,36,53,29
23,48,28,47,41,10,60,54,23,51,36,53,29,18
48,28,47,41,10,60,54,23,51,36,53,29,18,15
28,47,41,10,60,54,23,51,36,53,29,18,15,24
47,41,10,60,54,23,51,36,53,29,18,15,24,16
41,10,60,54,23,51,36,53,29,18,15,24,16,4
10,60,54,23,51,36,53,29,18,15,24,16,4,42
60,54,23,51,36,53,29,18,15,24,16,4,42,57
54,23,51,36,53,29,18,15,24,16,4,42,57,15
23,51,36,53,29,18,15,24,16,4,42,57,15,10
51,36,53,29,18,15,24,16,4,42,57,15,10,34
36,53,29,18,15,24,16,4,42,57,15,10,34,4
53,29,18,15,24,16,4,42,57,15,10,34,4,6
29,18,15,24,16,4,42,57,15,10,34,4,6,25
18,15,24,16,4,42,57,15,10,34,4,6,25,40
15,24,16,4,42,57,15,10,34,4,6,25,40,47
24,16,4,42,57,15,10,34,4,6,25,40,47,15
16,4,42,57,15,10,34,4,6,25,40,47,15,30
4,42,57,15,10,34,4,6,25,40,47,15,30,37
42,57,15,10,34,4,6,25,40,47,15,30,37,45
57,15,10,34,4,6,25,40,47,15,30,37,45,6
15,10,34,4,6,25,40,47,15,30,37,45,6,54
10,34,4,6,25,40,47,15,30,37,45,6,54,21
34,4,6,25,40,47,15,30,37,45,6,54,21,6
4,6,25,40,47,15,30,37,45,6,54,21,6,34
6,25,40,47,15,30,37,45,6,54,21,6,34,36
25,40,47,15,30,37,45,6,54,21,6,34,36,22
40,47,15,30,37,45,6,54,21,6,34,36,22,40
47,15,30,37,45,6,54,21,6,34,36,22,40,4
15,30,37,45,6,54,21,6,34,36,22,40,4,28
30,37,45,6,54,21,6,34,36,22,40,4,28,32
37,45,6,54,21,6,34,36,22,40,4,28,32,11
45,6,54,21,6,34,36,22,40,4,28,32,11,5
6,54,21,6,34,36,22,40,4,28,32,11,5,45
54,21,6,34,36,22,40,4,28,32,11,5,45,37
21,6,34,36,22,40,4,28,32,11,5,45,37,29
6,34,36,22,40,4,28,32,11,5,45,37,29,4
34,36,22,40,4,28,32,11,5,45,37,29,4,43
36,22,40,4,28,32,11,5,45,37,29,4,43,18
22,40,4,28,32,11,5,45,37,29,4,43,18,59
40,4,28,32,11,5,45,37,29,4,43,18,59,42
4,28,32,11,5,45,37,29,4,43,18,59,42,34
28,32,11,5,45,37,29,4,43,18,59,42,34,13
32,11,5,45,37,29,4,43,18,59,42,34,13,44
11,5,45,37,29,4,43,18,59,42,34,13,44,55
5,45,37,29,4,43,18,59,42,34,13,44,55,21
45,37,29,4,43,18,59,42,34,13,44,55,21,26
37,29,4,43,18,59,42,34,13,44,55,21,26,40
29,4,43,18,59,42,34,13,44,55,21,26,40,54
4,43,18,59,42,34,13,44,55,21,26,40,54,9
43,18,59,42,34,13,44,55,21,26,40,54,9,52
18,59,42,34,13,44,55,21,26,40,54,9,52,60
59,42,34,13,44,55,21,26,40,54,9,52,60,4
42,34,13,44,55,21,26,40,54,9,52,60,4,10
34,13,44,55,21,26,40,54,9,52,60,4,10,35
13,44,55,21,26,40,54,9,52,60,4,10,35,39
44,55,21,26,40,54,9,52,60,4,10,35,39,2
55,21,26,40,54,9,52,60,4,10,35,39,2,5
21,26,40,54,9,52,60,4,10,35,39,2,5,23
26,40,54,9,52,60,4,10,35,39,2,5,23,51
40,54,9,52,60,4,10,35,39,2,5,23,51,3
54,9,52,60,4,10,35,39,2,5,23,51,3,1
9,52,60,4,10,35,39,2,5,23,51,3,1,24
52,60,4,10,35,39,2,5,23,51,3,1,24,22
60,4,10,35,39,2,5,23,51,3,1,24,22,53
4,10,35,39,2,5,23,51,3,1,24,22,53,31
10,35,39,2,5,23,51,3,1,24,22,53,31,28
35,39,2,5,23,51,3,1,24,22,53,31,28,2
39,2,5,23,51,3,1,24,22,53,31,28,2,36
2,5,23,51,3,1,24,22,53,31,28,2,36,28
5,23,51,3,1,24,22,53,31,28,2,36,28,51
23,51,3,1,24,22,53,31,28,2,36,28,51,55
51,3,1,24,22,53,31,28,2,36,28,51,55,18
3,1,24,22,53,31,28,2,36,28,51,55,18,52
1,24,22,53,31,28,2,36,28,51,55,18,52,8
24,22,53,31,28,2,36,28,51,55,18,52,8,46
22,53,31,28,2,36,28,51,55,18,52,8,46,60
53,31,28,2,36,28,51,55,18,52,8,46,60,6
31,28,2,36,28,51,55,18,52,8,46,60,6,40
28,2,36,28,51,55,18,52,8,46,60,6,40,50
2,36,28,51,55,18,52,8,46,60,6,40,50,45
36,28,51,55,18,52,8,46,60,6,40,50,45,4
28,51,55,18,52,8,46,60,6,40,50,45,4,42
51,55,18,52,8,46,60,6,40,50,45,4,42,58
55,18,52,8,46,60,6,40,50,45,4,42,58,26
18,52,8,46,60,6,40,50,45,4,42,58,26,7
52,8,46,60,6,40,50,45,4,42,58,26,7,40
8,46,60,6,40,50,45,4,42,58,26,7,40,56
46,60,6,40,50,45,4,42,58,26,7,40,56,53
60,6,40,50,45,4,42,58,26,7,40,56,53,11
6,40,50,45,4,42,58,26,7,40,56,53,11,14
40,50,45,4,42,58,26,7,40,56,53,11,14,5
50,45,4,42,58,26,7,40,56,53,11,14,5,35
45,4,42,58,26,7,40,56,53,11,14,5,35,43
4,42,58,26,7,40,56,53,11,14,5,35,43,33
42,58,26,7,40,56,53,11,14,5,35,43,33,14
58,26,7,40,56,53,11,14,5,35,43,33,14,31
26,7,40,56,53,11,14,5,35,43,33,14,31,35
7,40,56,53,11,14,5,35,43,33,14,31,35,13
40,56,53,11,14,5,35,43,33,14,31,35,13,30
56,53,11,14,5,35,43,33,14,31,35,13,30,33
53,11,14,5,35,43,33,14,31,35,13,30,33,24
11,14,5,35,43,33,14,31,35,13,30,33,24,11
14,5,35,43,33,14,31,35,13,30,33,24,11,46
5,35,43,33,14,31,35,13,30,33,24,11,46,60
35,43,33,14,31,35,13,30,33,24,11,46,60,46
43,33,14,31,35,13,30,33,24,11,46,60,46,48
33,14,31,35,13,30,33,24,11,46,60,46,48,30
14,31,35,13,30,33,24,11,46,60,46,48,30,14
31,35,13,30,33,24,11,46,60,46,48,30,14,29
35,13,30,33,24,11,46,60,46,48,30,14,29,51
13,30,33,24,11,46,60,46,48,30,14,29,51,39
30,33,24,11,46,60,46,48,30,14,29,51,39,1
33,24,11,46,60,46,48,30,14,29,51,39,1,37
24,11,46,60,46,48,30,14,29,51,39,1,37,31
11,46,60,46,48,30,14,29,51,39,1,37,31,29
46,60,46,48,30,14,29,51,39,1,37,31,29,18
60,46,48,30,14,29,51,39,1,37,31,29,18,44
46,48,30,14,29,51,39,1,37,31,29,18,44,42
48,30,14,29,51,39,1,37,31,29,18,44,42,37
30,14,29,51,39,1,37,31,29,18,44,42,37,56
14,29,51,39,1,37,31,29,18,44,42,37,56,19
29,51,39,1,37,31,29,18,44,42,37,56,19,20
51,39,1,37,31,29,18,44,42,37,56,19,20,9
39,1,37,31,29,18,44,42,37,56,19,20,9,1
1,37,31,29,18,44,42,37,56,19,20,9,1,57
37,31,29,18,44,42,37,56,19,20,9,1,57,7
31,29,18,44,42,37,56,19,20,9,1,57,7,54
29,18,44,42,37,56,19,20,9,1,57,7,54,49
18,44,42,37,56,19,20,9,1,57,7,54,49,13
44,42,37,56,19,20,9,1,57,7,54,49,13,1
42,37,56,19,20,9,1,57,7,54,49,13,1,38
37,56,19,20,9,1,57,7,54,49,13,1,38,21
56,19,20,9,1,57,7,54,49,13,1,38,21,52
19,20,9,1,57,7,54,49,13,1,38,21,52,4
20,9,1,57,7,54,49,13,1,38,21,52,4,3
9,1,57,7,54,49,13,1,38,21,52,4,3,13
1,57,7,54,49,13,1,38,21,52,4,3,13,31
57,7,54,49,13,1,38,21,52,4,3,13,31,43
7,54,49,13,1,38,21,52,4,3,13,31,43,46
54,49,13,1,38,21,52,4,3,13,31,43,46,49
49,13,1,38,21,52,4,3,13,31,43,46,49,24
13,1,38,21,52,4,3,13,31,43,46,49,24,16
1,38,21,52,4,3,13,31,43,46,49,24,16,38
38,21,52,4,3,13,31,43,46,49,24,16,38,5
21,52,4,3,13,31,43,46,49,24,16,38,5,39
52,4,3,13,31,43,46,49,24,16,38,5,39,35
4,3,13,31,43,46,49,24,16,38,5,39,35,2
3,13,31,43,46,49,24,16,38,5,39,35,2,24
13,31,43,46,49,24,16,38,5,39,35,2,24,52
31,43,46,49,24,16,38,5,39,35,2,24,52,4
43,46,49,24,16,38,5,39,35,2,24,52,4,16
46,49,24,16,38,5,39,35,2,24,52,4,16,51
49,24,16,38,5,39,35,2,24,52,4,16,51,60
24,16,38,5,39,35,2,24,52,4,16,51,60,29
16,38,5,39,35,2,24,52,4,16,51,60,29,34
38,5,39,35,2,24,52,4,16,51,60,29,34,24
5,39,35,2,24,52,4,16,51,60,29,34,24,21
39,35,2,24,52,4,16,51,60,29,34,24,21,59
35,2,24,52,4,16,51,60,29,34,24,21,59,54
2,24,52,4,16,51,60,29,34,24,21,59,54,13
24,52,4,16,51,60,29,34,24,21,59,54,13,44
52,4,16,51,60,29,34,24,21,59,54,13,44,49
4,16,51,60,29,34,24,21,59,54,13,44,49,48
16,51,60,29,34,24,21,59,54,13,44,49,48,1
51,60,29,34,24,21,59,54,13,44,49,48,1,57
60,29,34,24,21,59,54,13,44,49,48,1,57,58
29,34,24,21,59,54,13,44,49,48,1,57,58,18
34,24,21,59,54,13,44,49,48,1,57,58,18,31
24,21,59,54,13,44,49,48,1,57,58,18,31,43
21,59,54,13,44,49,48,1,57,58,18,31,43,52
59,54,13,44,49,48,1,57,58,18,31,43,52,52
54,13,44,49,48,1,57,58,18,31,43,52,52,32
13,44,49,48,1,57,58,18,31,43,52,52,32,4
44,49,48,1,57,58,18,31,43,52,52,32,4,33
49,48,1,57,58,18,31,43,52,52,32,4,33,25
48,1,57,58,18,31,43,52,52,32,4,33,25,22
1,57,58,18,31,43,52,52,32,4,33,25,22,37
57,58,18,31,43,52,52,32,4,33,25,22,37,43
58,18,31,43,52,52,32,4,33,25,22,37,43,34
18,31,43,52,52,32,4,33,25,22,37,43,34,20
31,43,52,52,32,4,33,25,22,37,43,34,20,12
43,52,52,32,4,33,25,22,37,43,34,20,12,42
52,52,32,4,33,25,22,37,43,34,20,12,42,34
52,32,4,33,25,22,37,43,34,20,12,42,34,54
32,4,33,25,22,37,43,34,20,12,42,34,54,26
4,33,25,22,37,43,34,20,12,42,34,54,26,28
33,25,22,37,43,34,20,12,42,34,54,26,28,55
25,22,37,43,34,20,12,42,34,54,26,28,55,7
22,37,43,34,20,12,42,34,54,26,28,55,7,47
37,43,34,20,12,42,34,54,26,28,55,7,47,54
43,34,20,12,42,34,54,26,28,55,7,47,54,18
34,20,12,42,34,54,26,28,55,7,47,54,18,6
20,12,42,34,54,26,28,55,7,47,54,18,6,12
12,42,34,54,26,28,55,7,47,54,18,6,12,37
42,34,54,26,28,55,7,47,54,18,6,12,37,6
34,54,26,28,55,7,47,54,18,6,12,37,6,14
54,26,28,55,7,47,54,18,6,12,37,6,14,24
26,28,55,7,47,54,18,6,12,37,6,14,24,20
28,55,7,47,54,18,6,12,37,6,14,24,20,4
55,7,47,54,18,6,12,37,6,14,24,20,4,38
7,47,54,18,6,12,37,6,14,24,20,4,38,36
47,54,18,6,12,37,6,14,24,20,4,38,36,42
54,18,6,12,37,6,14,24,20,4,38,36,42,32
18,6,12,37,6,14,24,20,4,38,36,42,32,5
6,12,37,6,14,24,20,4,38,36,42,32,5,13
12,37,6,14,24,20,4,38,36,42,32,5,13,51
37,6,14,24,20,4,38,36,42,32,5,13,51,53
6,14,24,20,4,38,36,42,32,5,13,51,53,42
14,24,20,4,38,36,42,32,5,13,51,53,42,27
24,20,4,38,36,42,32,5,13,51,53,42,27,20
20,4,38,36,42,32,5,13,51,53,42,27,20,33
4,38,36,42,32,5,13,51,53,42,27,20,33,25
38,36,42,32,5,13,51,53,42,27,20,33,25,22
36,42,32,5,13,51,53,42,27,20,33,25,22,57
42,32,5,13,51,53,42,27,20,33,25,22,57,37
32,5,13,51,53,42,27,20,33,25,22,57,37,9
5,13,51,53,42,27,20,33,25,22,57,37,9,25
13,51,53,42,27,20,33,25,22,57,37,9,25,56
51,53,42,27,20,33,25,22,57,37,9,25,56,47
53,42,27,20,33,25,22,57,37,9,25,56,47,21
42,27,20,33,25,22,57,37,9,25,56,47,21,1
27,20,33,25,22,57,37,9,25,56,47,21,1,50
20,33,25,22,57,37,9,25,56,47,21,1,50,36
33,25,22,57,37,9,25,56,47,21,1,50,36,38
25,22,57,37,9,25,56,47,21,1,50,36,38,46
22,57,37,9,25,56,47,21,1,50,36,38,46,45
57,37,9,25,56,47,21,1,50,36,38,46,45,16
37,9,25,56,47,21,1,50,36,38,46,45,16,40
9,25,56,47,21,1,50,36,38,46,45,16,40,27
25,56,47,21,1,50,36,38,46,45,16,40,27,3
56,47,21,1,50,36,38,46,45,16,40,27,3,53
47,21,1,50,36,38,46,45,16,40,27,3,53,41
21,1,50,36,38,46,45,16,40,27,3,53,41,44
1,50,36,38,46,45,16,40,27,3,53,41,44,2
50,36,38,46,45,16,40,27,3,53,41,44,2,29
36,38,46,45,16,40,27,3,53,41,44,2,29,55
38,46,45,16,40,27,3,53,41,44,2,29,55,20
46,45,16,40,27,3,53,41,44,2,29,55,20,43
45,16,40,27,3,53,41,44,2,29,55,20,43,39
16,40,27,3,53,41,44,2,29,55,20,43,39,11
40,27,3,53,41,44,2,29,55,20,43,39,11,53
27,3,53,41,44,2,29,55,20,43,39,11,53,17
3,53,41,44,2,29,55,20,43,39,11,53,17,13
53,41,44,2,29,55,20,43,39,11,53,17,13,42
41,44,2,29,55,20,43,39,11,53,17,13,42,16
44,2,29,55,20,43,39,11,53,17,13,42,16,32
2,29,55,20,43,39,11,53,17,13,42,16,32,14
29,55,20,43,39,11,53,17,13,42,16,32,14,26
55,20,43,39,11,53,17,13,42,16,32,14,26,52
20,43,39,11,53,17,13,42,16,32,14,26,52,5
43,39,11,53,17,13,42,16,32,14,26,52,5,34
39,11,53,17,13,42,16,32,14,26,52,5,34,57
11,53,17,13,42,16,32,14,26,52,5,34,57,15
53,17,13,42,16,32,14,26,52,5,34,57,15,41
17,13,42,16,32,14,26,52,5,34,57,15,41,56
13,42,16,32,14,26,52,5,34,57,15,41,56,47
42,16,32,14,26,52,5,34,57,15,41,56,47,25
16,32,14,26,52,5,34,57,15,41,56,47,25,59
32,14,26,52,5,34,57,15,41,56,47,25,59,53
14,26,52,5,34,57,15,41,56,47,25,59,53,41
26,52,5,34,57,15,41,56,47,25,59,53,41,32
52,5,34,57,15,41,56,47,25,59,53,41,32,28
5,34,57,15,41,56,47,25,59,53,41,32,28,6
34,57,15,41,56,47,25,59,53,41,32,28,6,10
57,15,41,56,47,25,59,53,41,32,28,6,10,11
15,41,56,47,25,59,53,41,32,28,6,10,11,40
41,56,47,25,59,53,41,32,28,6,10,11,40,59
56,47,25,59,53,41,32,28,6,10,11,40,59,21
47,25,59,53,41,32,28,6,10,11,40,59,21,51
25,59,53,41,32,28,6,10,11,40,59,21,51,54
59,53,41,32,28,6,10,11,40,59,21,51,54,29
53,41,32,28,6,10,11,40,59,21,51,54,29,50
41,32,28,6,10,11,40,59,21,51,54,29,50,23
32,28,6,10,11,40,59,21,51,54,29,50,23,43
28,6,10,11,40,59,21,51,54,29,50,23,43,3
6,10,11,40,59,21,51,54,29,50,23,43,3,21
10,11,40,59,21,51,54,29,50,23,43,3,21,9
11,40,59,21,51,54,29,50,23,43,3,21,9,18
40,59,21,51,54,29,50,23,43,3,21,9,18,46
59,21,51,54,29,50,23,43,3,21,9,18,46,54
21,51,54,29,50,23,43,3,21,9,18,46,54,10
51,54,29,50,23,43,3,21,9,18,46,54,10,9
54,29,50,23,43,3,21,9,18,46,54,10,9,1
29,50,23,43,3,21,9,18,46,54,10,9,1,32
50,23,43,3,21,9,18,46,54,10,9,1,32,13
23,43,3,21,9,18,46,54,10,9,1,32,13,42
43,3,21,9,18,46,54,10,9,1,32,13,42,38
3,21,9,18,46,54,10,9,1,32,13,42,38,49
21,9,18,46,54,10,9,1,32,13,42,38,49,53
9,18,46,54,10,9,1,32,13,42,38,49,53,29
18,46,54,10,9,1,32,13,42,38,49,53,29,30
46,54,10,9,1,32,13,42,38,49,53,29,30,9
54,10,9,1,32,13,42,38,49,53,29,30,9,17
10,9,1,32,13,42,38,49,53,29,30,9,17,27
9,1,32,13,42,38,49,53,29,30,9,17,27,4
1,32,13,42,38,49,53,29,30,9,17,27,4,44
32,13,42,38,49,53,29,30,9,17,27,4,44,44
13,42,38,49,53,29,30,9,17,27,4,44,44,35
42,38,49,53,29,30,9,17,27,4,44,44,35,50
38,49,53,29,30,9,17,27,4,44,44,35,50,41
49,53,29,30,9,17,27,4,44,44,35,50,41,9
53,29,30,9,17,27,4,44,44,35,50,41,9,7
29,30,9,17,27,4,44,44,35,50,41,9,7,19
30,9,17,27,4,44,44,35,50,41,9,7,19,57
9,17,27,4,44,44,35,50,41,9,7,19,57,6
17,27,4,44,44,35,50,41,9,7,19,57,6,39
27,4,44,44,35,50,41,9,7,19,57,6,39,34
4,44,44,35,50,41,9,7,19,57,6,39,34,5
44,44,35,50,41,9,7,19,57,6,39,34,5,60
44,35,50,41,9,7,19,57,6,39,34,5,60,32
35,50,41,9,7,19,57,6,39,34,5,60,32,25
50,41,9,7,19,57,6,39,34,5,60,32,25,36
41,9,7,19,57,6,39,34,5,60,32,25,36,52
9,7,19,57,6,39,34,5,60,32,25,36,52,4
7,19,57,6,39,34,5,60,32,25,36,52,4,35
19,57,6,39,34,5,60,32,25,36,52,4,35,40
57,6,39,34,5,60,32,25,36,52,4,35,40,21
6,39,34,5,60,32,25,36,52,4,35,40,21,59
39,34,5,60,32,25,36,52,4,35,40,21,59,53
34,5,60,32,25,36,52,4,35,40,21,59,53,22
5,60,32,25,36,52,4,35,40,21,59,53,22,17
60,32,25,36,52,4,35,40,21,59,53,22,17,25
32,25,36,52,4,35,40,21,59,53,22,17,25,45
25,36,52,4,35,40,21,59,53,22,17,25,45,38
36,52,4,35,40,21,59,53,22,17,25,45,38,1
52,4,35,40,21,59,53,22,17,25,45,38,1,59
4,35,40,21,59,53,22,17,25,45,38,1,59,26
35,40,21,59,53,22,17,25,45,38,1,59,26,15
40,21,59,53,22,17,25,45,38,1,59,26,15,16
21,59,53,22,17,25,45,38,1,59,26,15,16,22
59,53,22,17,25,45,38,1,59,26,15,16,22,19
53,22,17,25,45,38,1,59,26,15,16,22,19,49
22,17,25,45,38,1,59,26,15,16,22,19,49,41
17,25,45,38,1,59,26,15,16,22,19,49,41,14
25,45,38,1,59,26,15,16,22,19,49,41,14,37
45,38,1,59,26,15,16,22,19,49,41,14,37,5
38,1,59,26,15,16,22,19,49,41,14,37,5,40
1,59,26,15,16,22,19,49,41,14,37,5,40,27
59,26,15,16,22,19,49,41,14,37,5,40,27,26
26,15,16,22,19,49,41,14,37,5,40,27,26,27
15,16,22,19,49,41,14,37,5,40,27,26,27,13
16,22,19,49,41,14,37,5,40,27,26,27,13,42
22,19,49,41,14,37,5,40,27,26,27,13,42,41
19,49,41,14,37,5,40,27,26,27,13,42,41,3
49,41,14,37,5,40,27,26,27,13,42,41,3,55
41,14,37,5,40,27,26,27,13,42,41,3,55,31
14,37,5,40,27,26,27,13,42,41,3,55,31,46
37,5,40,27,26,27,13,42,41,3,55,31,46,44
5,40,27,26,27,13,42,41,3,55,31,46,44,41
40,27,26,27,13,42,41,3,55,31,46,44,41,7
27,26,27,13,42,41,3,55,31,46,44,41,7,10
26,27,13,42,41,3,55,31,46,44,41,7,10,22
27,13,42,41,3,55,31,46,44,41,7,10,22,42
13,42,41,3,55,31,46,44,41,7,10,22,42,13
42,41,3,55,31,46,44,41,7,10,22,42,13,41
41,3,55,31,46,44,41,7,10,22,42,13,41,58
3,55,31,46,44,41,7,10,22,42,13,41,58,20
55,31,46,44,41,7,10,22,42,13,41,58,20,59
31,46,44,41,7,10,22,42,13,41,58,20,59,19
46,44,41,7,10,22,42,13,41,58,20,59,19,54
44,41,7,10,22,42,13,41,58,20,59,19,54,15
41,7,10,22,42,13,41,58,20,59,19,54,15,8
7,10,22,42,13,41,58,20,59,19,54,15,8,40
10,22,42,13,41,58,20,59,19,54,15,8,40,18
22,42,13,41,58,20,59,19,54,15,8,40,18,6
42,13,41,58,20,59,19,54,15,8,40,18,6,20
13,41,58,20,59,19,54,15,8,40,18,6,20,50
41,58,20,59,19,54,15,8,40,18,6,20,50,53
58,20,59,19,54,15,8,40,18,6,20,50,53,8
20,59,19,54,15,8,40,18,6,20,50,53,8,32
59,19,54,15,8,40,18,6,20,50,53,8,32,44
19,54,15,8,40,18,6,20,50,53,8,32,44,36
54,15,8,40,18,6,20,50,53,8,32,44,36,45
15,8,40,18,6,20,50,53,8,32,44,36,45,55
8,40,18,6,20,50,53,8,32,44,36,45,55,43
40,18,6,20,50,53,8,32,44,36,45,55,43,15
18,6,20,50,53,8,32,44,36,45,55,43,15,41
6,20,50,53,8,32,44,36,45,55,43,15,41,51
20,50,53,8,32,44,36,45,55,43,15,41,51,16
50,53,8,32,44,36,45,55,43,15,41,51,16,31
53,8,32,44,36,45,55,43,15,41,51,16,31,51
8,32,44,36,45,55,43,15,41,51,16,31,51,34
32,44,36,45,55,43,15,41,51,16,31,51,34,25
44,36,45,55,43,15,41,51,16,31,51,34,25,60
36,45,55,43,15,41,51,16,31,51,34,25,60,42
45,55,43,15,41,51,16,31,51,34,25,60,42,32
55,43,15,41,51,16,31,51,34,25,60,42,32,24
43,15,41,51,16,31,51,34,25,60,42,32,24,6
15,41,51,16,31,51,34,25,60,42,32,24,6,38
41,51,16,31,51,34,25,60,42,32,24,6,38,23
51,16,31,51,34,25,60,42,32,24,6,38,23,28
16,31,51,34,25,60,42,32,24,6,38,23,28,16
31,51,34,25,60,42,32,24,6,38,23,28,16,32
51,34,25,60,42,32,24,6,38,23,28,16,32,55
34,25,60,42,32,24,6,38,23,28,16,32,55,59
25,60,42,32,24,6,38,23,28,16,32,55,59,41
60,42,32,24,6,38,23,28,16,32,55,59,41,58
42,32,24,6,38,23,28,16,32,55,59,41,58,35
32,24,6,38,23,28,16,32,55,59,41,58,35,11
24,6,38,23,28,16,32,55,59,41,58,35,11,45
6,38,23,28,16,32,55,59,41,58,35,11,45,48
38,23,28,16,32,55,59,41,58,35,11,45,48,7
23,28,16,32,55,59,41,58,35,11,45,48,7,28
28,16,32,55,59,41,58,35,11,45,48,7,28,20
16,32,55,59,41,58,35,11,45,48,7,28,20,50
32,55,59,41,58,35,11,45,48,7,28,20,50,44
55,59,41,58,35,11,45,48,7,28,20,50,44,12
59,41,58,35,11,45,48,7,28,20,50,44,12,55
41,58,35,11,45,48,7,28,20,50,44,12,55,52
58,35,11,45,48,7,28,20,50,44,12,55,52,54
35,11,45,48,7,28,20,50,44,12,55,52,54,3
11,45,48,7,28,20,50,44,12,55,52,54,3,43
45,48,7,28,20,50,44,12,55,52,54,3,43,16
48,7,28,20,50,44,12,55,52,54,3,43,16,56
7,28,20,50,44,12,55,52,54,3,43,16,56,52
28,20,50,44,12,55,52,54,3,43,16,56,52,20
20,50,44,12,55,52,54,3,43,16,56,52,20,12
50,44,12,55,52,54,3,43,16,56,52,20,12,5
44,12,55,52,54,3,43,16,56,52,20,12,5,15
12,55,52,54,3,43,16,56,52,20,12,5,15,51
55,52,54,3,43,16,56,52,20,12,5,15,51,58
52,54,3,43,16,56,52,20,12,5,15,51,58,29
54,3,43,16,56,52,20,12,5,15,51,58,29,47
3,43,16,56,52,20,12,5,15,51,58,29,47,2
43,16,56,52,20,12,5,15,51,58,29,47,2,31
16,56,52,20,12,5,15,51,58,29,47,2,31,42
56,52,20,12,5,15,51,58,29,47,2,31,42,45
52,20,12,5,15,51,58,29,47,2,31,42,45,30
20,12,5,15,51,58,29,47,2,31,42,45,30,8
12,5,15,51,58,29,47,2,31,42,45,30,8,10
5,15,51,58,29,47,2,31,42,45,30,8,10,24
15,51,58,29,47,2,31,42,45,30,8,10,24,33
51,58,29,47,2,31,42,45,30,8,10,24,33,45
58,29,47,2,31,42,45,30,8,10,24,33,45,48
29,47,2,31,42,45,30,8,10,24,33,45,48,12
47,2,31,42,45,30,8,10,24,33,45,48,12,32
2,31,42,45,30,8,10,24,33,45,48,12,32,44
31,42,45,30,8,10,24,33,45,48,12,32,44,43
42,45,30,8,10,24,33,45,48,12,32,44,43,35
45,30,8,10,24,33,45,48,12,32,44,43,35,30
30,8,10,24,33,45,48,12,32,44,43,35,30,52
8,10,24,33,45,48,12,32,44,43,35,30,52,23
10,24,33,45,48,12,32,44,43,35,30,52,23,42
24,33,45,48,12,32,44,43,35,30,52,23,42,17
33,45,48,12,32,44,43,35,30,52,23,42,17,55
45,48,12,32,44,43,35,30,52,23,42,17,55,49
48,12,32,44,43,35,30,52,23,42,17,55,49,17
12,32,44,43,35,30,52,23,42,17,55,49,17,13
32,44,43,35,30,52,23,42,17,55,49,17,13,4
44,43,35,30,52,23,42,17,55,49,17,13,4,44
43,35,30,52,23,42,17,55,49,17,13,4,44,41
35,30,52,23,42,17,55,49,17,13,4,44,41,21
30,52,23,42,17,55,49,17,13,4,44,41,21,58
52,23,42,17,55,49,17,13,4,44,41,21,58,43
23,42,17,55,49,17,13,4,44,41,21,58,43,51
42,17,55,49,17,13,4,44,41,21,58,43,51,14
17,55,49,17,13,4,44,41,21,58,43,51,14,17
55,49,17,13,4,44,41,21,58,43,51,14,17,4
49,17,13,4,44,41,21,58,43,51,14,17,4,16
17,13,4,44,41,21,58,43,51,14,17,4,16,9
13,4,44,41,21,58,43,51,14,17,4,16,9,50
4,44,41,21,58,43,51,14,17,4,16,9,50,58
44,41,21,58,43,51,14,17,4,16,9,50,58,11
41,21,58,43,51,14,17,4,16,9,50,58,11,35
21,58,43,51,14,17,4,16,9,50,58,11,35,13
58,43,51,14,17,4,16,9,50,58,11,35,13,42
43,51,14,17,4,16,9,50,58,11,35,13,42,52
51,14,17,4,16,9,50,58,11,35,13,42,52,58
14,17,4,16,9,50,58,11,35,13,42,52,58,2
17,4,16,9,50,58,11,35,13,42,52,58,2,54
4,16,9,50,58,11,35,13,42,52,58,2,54,25
16,9,50,58,11,35,13,42,52,58,2,54,25,37
9,50,58,11,35,13,42,52,58,2,54,25,37,30
50,58,11,35,13,42,52,58,2,54,25,37,30,39
58,11,35,13,42,52,58,2,54,25,37,30,39,6
11,35,13,42,52,58,2,54,25,37,30,39,6,41
35,13,42,52,58,2,54,25,37,30,39,6,41,23
13,42,52,58,2,54,25,37,30,39,6,41,23,33
42,52,58,2,54,25,37,30,39,6,41,23,33,51
52,58,2,54,25,37,30,39,6,41,23,33,51,38
58,2,54,25,37,30,39,6,41,23,33,51,38,48
2,54,25,37,30,39,6,41,23,33,51,38,48,21
54,25,37,30,39,6,41,23,33,51,38,48,21,41
25,37,30,39,6,41,23,33,51,38,48,21,41,56
37,30,39,6,41,23,33,51,38,48,21,41,56,27
30,39,6,41,23,33,51,38,48,21,41,56,27,36
39,6,41,23,33,51,38,48,21,41,56,27,36,53
6,41,23,33,51,38,48,21,41,56,27,36,53,8
41,23,33,51,38,48,21,41,56,27,36,53,8,4
23,33,51,38,48,21,41,56,27,36,53,8,4,19
33,51,38,48,21,41,56,27,36,53,8,4,19,14
51,38,48,21,41,56,27,36,53,8,4,19,14,10
38,48,21,41,56,27,36,53,8,4,19,14,10,44
48,21,41,56,27,36,53,8,4,19,14,10,44,28
21,41,56,27,36,53,8,4,19,14,10,44,28,39
41,56,27,36,53,8,4,19,14,10,44,28,39,56
56,27,36,53,8,4,19,14,10,44,28,39,56,19
27,36,53,8,4,19,14,10,44,28,39,56,19,23
36,53,8,4,19,14,10,44,28,39,56,19,23,10
53,8,4,19,14,10,44,28,39,56,19,23,10,35
8,4,19,14,10,44,28,39,56,19,23,10,35,60
4,19,14,10,44,28,39,56,19,23,10,35,60,57
19,14,10,44,28,39,56,19,23,10,35,60,57,59
14,10,44,28,39,56,19,23,10,35,60,57,59,13
10,44,28,39,56,19,23,10,35,60,57,59,13,12
44,28,39,56,19,23,10,35,60,57,59,13,12,22
28,39,56,19,23,10,35,60,57,59,13,12,22,1
39,56,19,23,10,35,60,57,59,13,12,22,1,38
56,19,23,10,35,60,57,59,13,12,22,1,38,48
19,23,10,35,60,57,59,13,12,22,1,38,48,28
23,10,35,60,57,59,13,12,22,1,38,48,28,11
10,35,60,57,59,13,12,22,1,38,48,28,11,33
35,60,57,59,13,12,22,1,38,48,28,11,33,45
60,57,59,13,12,22,1,38,48,28,11,33,45,2
57,59,13,12,22,1,38,48,28,11,33,45,2,35
59,13,12,22,1,38,48,28,11,33,45,2,35,9
13,12,22,1,38,48,28,11,33,45,2,35,9,50
12,22,1,38,48,28,11,33,45,2,35,9,50,31
22,1,38,48,28,11,33,45,2,35,9,50,31,52
1,38,48,28,11,33,45,2,35,9,50,31,52,51
38,48,28,11,33,45,2,35,9,50,31,52,51,37
48,28,11,33,45,2,35,9,50,31,52,51,37,13
28,11,33,45,2,35,9,50,31,52,51,37,13,21
11,33,45,2,35,9,50,31,52,51,37,13,21,1
33,45,2,35,9,50,31,52,51,37,13,21,1,7
45,2,35,9,50,31,52,51,37,13,21,1,7,51
2,35,9,50,31,52,51,37,13,21,1,7,51,55
35,9,50,31,52,51,37,13,21,1,7,51,55,41
9,50,31,52,51,37,13,21,1,7,51,55,41,58
50,31,52,51,37,13,21,1,7,51,55,41,58,46
31,52,51,37,13,21,1,7,51,55,41,58,46,54
52,51,37,13,21,1,7,51,55,41,58,46,54,27
51,37,13,21,1,7,51,55,41,58,46,54,27,4
37,13,21,1,7,51,55,41,58,46,54,27,4,43
13,21,1,7,51,55,41,58,46,54,27,4,43,40
21,1,7,51,55,41,58,46,54,27,4,43,40,46
1,7,51,55,41,58,46,54,27,4,43,40,46,49
7,51,55,41,58,46,54,27,4,43,40,46,49,36
51,55,41,58,46,54,27,4,43,40,46,49,36,14
55,41,58,46,54,27,4,43,40,46,49,36,14,26
41,58,46,54,27,4,43,40,46,49,36,14,26,35
58,46,54,27,4,43,40,46,49,36,14,26,35,10
46,54,27,4,43,40,46,49,36,14,26,35,10,29
54,27,4,43,40,46,49,36,14,26,35,10,29,28
27,4,43,40,46,49,36,14,26,35,10,29,28,49
4,43,40,46,49,36,14,26,35,10,29,28,49,17
43,40,46,49,36,14,26,35,10,29,28,49,17,42
40,46,49,36,14,26,35,10,29,28,49,17,42,50
46,49,36,14,26,35,10,29,28,49,17,42,50,11
49,36,14,26,35,10,29,28,49,17,42,50,11,52
36,14,26,35,10,29,28,49,17,42,50,11,52,22
14,26,35,10,29,28,49,17,42,50,11,52,22,23
26,35,10,29,28,49,17,42,50,11,52,22,23,36
35,10,29,28,49,17,42,50,11,52,22,23,36,59
10,29,28,49,17,42,50,11,52,22,23,36,59,10
29,28,49,17,42,50,11,52,22,23,36,59,10,20
28,49,17,42,50,11,52,22,23,36,59,10,20,13
49,17,42,50,11,52,22,23,36,59,10,20,13,1
17,42,50,11,52,22,23,36,59,10,20,13,1,42
42,50,11,52,22,23,36,59,10,20,13,1,42,50
50,11,52,22,23,36,59,10,20,13,1,42,50,28
11,52,22,23,36,59,10,20,13,1,42,50,28,4
52,22,23,36,59,10,20,13,1,42,50,28,4,1
22,23,36,59,10,20,13,1,42,50,28,4,1,45
23,36,59,10,20,13,1,42,50,28,4,1,45,53
36,59,10,20,13,1,42,50,28,4,1,45,53,3
59,10,20,13,1,42,50,28,4,1,45,53,3,35
10,20,13,1,42,50,28,4,1,45,53,3,35,22
20,13,1,42,50,28,4,1,45,53,3,35,22,39
13,1,42,50,28,4,1,45,53,3,35,22,39,41
1,42,50,28,4,1,45,53,3,35,22,39,41,59
42,50,28,4,1,45,53,3,35,22,39,41,59,38
50,28,4,1,45,53,3,35,22,39,41,59,38,5
28,4,1,45,53,3,35,22,39,41,59,38,5,27
4,1,45,53,3,35,22,39,41,59,38,5,27,19
1,45,53,3,35,22,39,41,59,38,5,27,19,26
45,53,3,35,22,39,41,59,38,5,27,19,26,15
53,3,35,22,39,41,59,38,5,27,19,26,15,33
3,35,22,39,41,59,38,5,27,19,26,15,33,6
35,22,39,41,59,38,5,27,19,26,15,33,6,53
22,39,41,59,38,5,27,19,26,15,33,6,53,5
39,41,59,38,5,27,19,26,15,33,6,53,5,26
41,59,38,5,27,19,26,15,33,6,53,5,26,27
59,38,5,27,19,26,15,33,6,53,5,26,27,23
38,5,27,19,26,15,33,6,53,5,26,27,23,39
5,27,19,26,15,33,6,53,5,26,27,23,39,6
27,19,26,15,33,6,53,5,26,27,23,39,6,29
19,26,15,33,6,53,5,26,27,23,39,6,29,60
26,15,33,6,53,5,26,27,23,39,6,29,60,51
15,33,6,53,5,26,27,23,39,6,29,60,51,23
33,6,53,5,26,27,23,39,6,29,60,51,23,33
6,53,5,26,27,23,39,6,29,60,51,23,33,1
53,5,26,27,23,39,6,29,60,51,23,33,1,55
5,26,27,23,39,6,29,60,51,23,33,1,55,35
26,27,23,39,6,29,60,51,23,33,1,55,35,51
27,23,39,6,29,60,51,23,33,1,55,35,51,27
23,39,6,29,60,51,23,33,1,55,35,51,27,46
39,6,29,60,51,23,33,1,55,35,51,27,46,60
6,29,60,51,23,33,1,55,35,51,27,46,60,5
29,60,51,23,33,1,55,35,51,27,46,60,5,10
60,51,23,33,1,55,35,51,27,46,60,5,10,28
51,23,33,1,55,35,51,27,46,60,5,10,28,3
23,33,1,55,35,51,27,46,60,5,10,28,3,16
33,1,55,35,51,27,46,60,5,10,28,3,16,11
1,55,35,51,27,46,60,5,10,28,3,16,11,7
55,35,51,27,46,60,5,10,28,3,16,11,7,40
35,51,27,46,60,5,10,28,3,16,11,7,40,44
51,27,46,60,5,10,28,3,16,11,7,40,44,2
27,46,60,5,10,28,3,16,11,7,40,44,2,9
46,60,5,10,28,3,16,11,7,40,44,2,9,60
60,5,10,28,3,16,11,7,40,44,2,9,60,21
5,10,28,3,16,11,7,40,44,2,9,60,21,16
10,28,3,16,11,7,40,44,2,9,60,21,16,41
28,3,16,11,7,40,44,2,9,60,21,16,41,34
3,16,11,7,40,44,2,9,60,21,16,41,34,59
16,11,7,40,44,2,9,60,21,16,41,34,59,17
11,7,40,44,2,9,60,21,16,41,34,59,17,22
7,40,44,2,9,60,21,16,41,34,59,17,22,46
40,44,2,9,60,21,16,41,34,59,17,22,46,43
44,2,9,60,21,16,41,34,59,17,22,46,43,55
2,9,60,21,16,41,34,59,17,22,46,43,55,24
9,60,21,16,41,34,59,17,22,46,43,55,24,26
60,21,16,41,34,59,17,22,46,43,55,24,26,51
21,16,41,34,59,17,22,46,43,55,24,26,51,25
16,41,34,59,17,22,46,43,55,24,26,51,25,14
41,34,59,17,22,46,43,55,24,26,51,25,14,23
34,59,17,22,46,43,55,24,26,51,25,14,23,6
59,17,22,46,43,55,24,26,51,25,14,23,6,44
17,22,46,43,55,24,26,51,25,14,23,6,44,58
22,46,43,55,24,26,51,25,14,23,6,44,58,41
46,43,55,24,26,51,25,14,23,6,44,58,41,36
43,55,24,26,51,25,14,23,6,44,58,41,36,48
55,24,26,51,25,14,23,6,44,58,41,36,48,34
24,26,51,25,14,23,6,44,58,41,36,48,34,42
26,51,25,14,23,6,44,58,41,36,48,34,42,43
51,25,14,23,6,44,58,41,36,48,34,42,43,46
25,14,23,6,44,58,41,36,48,34,42,43,46,27
14,23,6,44,58,41,36,48,34,42,43,46,27,17
23,6,44,58,41,36,48,34,42,43,46,27,17,41
6,44,58,41,36,48,34,42,43,46,27,17,41,53
44,58,41,36,48,34,42,43,46,27,17,41,53,38
58,41,36,48,34,42,43,46,27,17,41,53,38,4
41,36,48,34,42,43,46,27,17,41,53,38,4,31
36,48,34,42,43,46,27,17,41,53,38,4,31,15
48,34,42,43,46,27,17,41,53,38,4,31,15,32
34,42,43,46,27,17,41,53,38,4,31,15,32,40
42,43,46,27,17,41,53,38,4,31,15,32,40,42
43,46,27,17,41,53,38,4,31,15,32,40,42,21
46,27,17,41,53,38,4,31,15,32,40,42,21,10
27,17,41,53,38,4,31,15,32,40,42,21,10,5
17,41,53,38,4,31,15,32,40,42,21,10,5,58
41,53,38,4,31,15,32,40,42,21,10,5,58,5
53,38,4,31,15,32,40,42,21,10,5,58,5,41
38,4,31,15,32,40,42,21,10,5,58,5,41,3
4,31,15,32,40,42,21,10,5,58,5,41,3,1
31,15,32,40,42,21,10,5,58,5,41,3,1,23
15,32,40,42,21,10,5,58,5,41,3,1,23,1
32,40,42,21,10,5,58,5,41,3,1,23,1,60
40,42,21,10,5,58,5,41,3,1,23,1,60,26
42,21,10,5,58,5,41,3,1,23,1,60,26,41
21,10,5,58,5,41,3,1,23,1,60,26,41,28
10,5,58,5,41,3,1,23,1,60,26,41,28,54
5,58,5,41,3,1,23,1,60,26,41,28,54,12
58,5,41,3,1,23,1,60,26,41,28,54,12,4
5,41,3,1,23,1,60,26,41,28,54,12,4,11
41,3,1,23,1,60,26,41,28,54,12,4,11,49
3,1,23,1,60,26,41,28,54,12,4,11,49,43
1,23,1,60,26,41,28,54,12,4,11,49,43,19
23,1,60,26,41,28,54,12,4,11,49,43,19,32
1,60,26,41,28,54,12,4,11,49,43,19,32,42
60,26,41,28,54,12,4,11,49,43,19,32,42,43
26,41,28,54,12,4,11,49,43,19,32,42,43,25
41,28,54,12,4,11,49,43,19,32,42,43,25,28
28,54,12,4,11,49,43,19,32,42,43,25,28,33
54,12,4,11,49,43,19,32,42,43,25,28,33,17
12,4,11,49,43,19,32,42,43,25,28,33,17,3
4,11,49,43,19,32,42,43,25,28,33,17,3,44
11,49,43,19,32,42,43,25,28,33,17,3,44,37
49,43,19,32,42,43,25,28,33,17,3,44,37,9
43,19,32,42,43,25,28,33,17,3,44,37,9,32
19,32,42,43,25,28,33,17,3,44,37,9,32,32
32,42,43,25,28,33,17,3,44,37,9,32,32,17
42,43,25,28,33,17,3,44,37,9,32,32,17,9
43,25,28,33,17,3,44,37,9,32,32,17,9,14
25,28,33,17,3,44,37,9,32,32,17,9,14,24
28,33,17,3,44,37,9,32,32,17,9,14,24,7
33,17,3,44,37,9,32,32,17,9,14,24,7,19
17,3,44,37,9,32,32,17,9,14,24,7,19,52
3,44,37,9,32,32,17,9,14,24,7,19,52,29
44,37,9,32,32,17,9,14,24,7,19,52,29,15
37,9,32,32,17,9,14,24,7,19,52,29,15,12
9,32,32,17,9,14,24,7,19,52,29,15,12,5
32,32,17,9,14,24,7,19,52,29,15,12,5,40
32,17,9,14,24,7,19,52,29,15,12,5,40,23
17,9,14,24,7,19,52,29,15,12,5,40,23,1
9,14,24,7,19,52,29,15,12,5,40,23,1,18
14,24,7,19,52,29,15,12,5,40,23,1,18,35
24,7,19,52,29,15,12,5,40,23,1,18,35,8
7,19,52,29,15,12,5,40,23,1,18,35,8,52
19,52,29,15,12,5,40,23,1,18,35,8,52,37
52,29,15,12,5,40,23,1,18,35,8,52,37,57
29,15,12,5,40,23,1,18,35,8,52,37,57,16
15,12,5,40,23,1,18,35,8,52,37,57,16,10
12,5,40,23,1,18,35,8,52,37,57,16,10,50
5,40,23,1,18,35,8,52,37,57,16,10,50,12
40,23,1,18,35,8,52,37,57,16,10,50,12,15
23,1,18,35,8,52,37,57,16,10,50,12,15,44
1,18,35,8,52,37,57,16,10,50,12,15,44,34
18,35,8,52,37,57,16,10,50,12,15,44,34,51
35,8,52,37,57,16,10,50,12,15,44,34,51,19
8,52,37,57,16,10,50,12,15,44,34,51,19,55
52,37,57,16,10,50,12,15,44,34,51,19,55,22
37,57,16,10,50,12,15,44,34,51,19,55,22,5
57,16,10,50,12,15,44,34,51,19,55,22,5,30
16,10,50,12,15,44,34,51,19,55,22,5,30,35
10,50,12,15,44,34,51,19,55,22,5,30,35,20
50,12,15,44,34,51,19,55,22,5,30,35,20,49
12,15,44,34,51,19,55,22,5,30,35,20,49,53
15,44,34,51,19,55,22,5,30,35,20,49,53,44
44,34,51,19,55,22,5,30,35,20,49,53,44,12
34,51,19,55,22,5,30,35,20,49,53,44,12,24
51,19,55,22,5,30,35,20,49,53,44,12,24,45
19,55,22,5,30,35,20,49,53,44,12,24,45,11
55,22,5,30,35,20,49,53,44,12,24,45,11,55
22,5,30,35,20,49,53,44,12,24,45,11,55,44
5,30,35,20,49,53,44,12,24,45,11,55,44,19
30,35,20,49,53,44,12,24,45,11,55,44,19,29
35,20,49,53,44,12,24,45,11,55,44,19,29,47
20,49,53,44,12,24,45,11,55,44,19,29,47,31
49,53,44,12,24,45,11,55,44,19,29,47,31,41
53,44,12,24,45,11,55,44,19,29,47,31,41,51
44,12,24,45,11,55,44,19,29,47,31,41,51,39
12,24,45,11,55,44,19,29,47,31,41,51,39,58
24,45,11,55,44,19,29,47,31,41,51,39,58,29
45,11,55,44,19,29,47,31,41,51,39,58,29,26
11,55,44,19,29,47,31,41,51,39,58,29,26,32
55,44,19,29,47,31,41,51,39,58,29,26,32,54
44,19,29,47,31,41,51,39,58,29,26,32,54,43
19,29,47,31,41,51,39,58,29,26,32,54,43,46
29,47,31,41,51,39,58,29,26,32,54,43,46,40
47,31,41,51,39,58,29,26,32,54,43,46,40,20
31,41,51,39,58,29,26,32,54,43,46,40,20,26
41,51,39,58,29,26,32,54,43,46,40,20,26,56
51,39,58,29,26,32,54,43,46,40,20,26,56,18
39,58,29,26,32,54,43,46,40,20,26,56,18,34
58,29,26,32,54,43,46,40,20,26,56,18,34,51
29,26,32,54,43,46,40,20,26,56,18,34,51,19
26,32,54,43,46,40,20,26,56,18,34,51,19,7
32,54,43,46,40,20,26,56,18,34,51,19,7,3
54,43,46,40,20,26,56,18,34,51,19,7,3,55
43,46,40,20,26,56,18,34,51,19,7,3,55,24
46,40,20,26,56,18,34,51,19,7,3,55,24,53
40,20,26,56,18,34,51,19,7,3,55,24,53,23
20,26,56,18,34,51,19,7,3,55,24,53,23,15
26,56,18,34,51,19,7,3,55,24,53,23,15,57
56,18,34,51,19,7,3,55,24,53,23,15,57,24
18,34,51,19,7,3,55,24,53,23,15,57,24,47
34,51,19,7,3,55,24,53,23,15,57,24,47,25
51,19,7,3,55,24,53,23,15,57,24,47,25,13
19,7,3,55,24,53,23,15,57,24,47,25,13,52
7,3,55,24,53,23,15,57,24,47,25,13,52,32
3,55,24,53,23,15,57,24,47,25,13,52,32,41
55,24,53,23,15,57,24,47,25,13,52,32,41,21
24,53,23,15,57,24,47,25,13,52,32,41,21,26
53,23,15,57,24,47,25,13,52,32,41,21,26,37
23,15,57,24,47,25,13,52,32,41,21,26,37,58
15,57,24,47,25,13,52,32,41,21,26,37,58,20
57,24,47,25,13,52,32,41,21,26,37,58,20,38
24,47,25,13,52,32,41,21,26,37,58,20,38,48
47,25,13,52,32,41,21,26,37,58,20,38,48,32
25,13,52,32,41,21,26,37,58,20,38,48,32,10
13,52,32,41,21,26,37,58,20,38,48,32,10,20
52,32,41,21,26,37,58,20,38,48,32,10,20,40
32,41,21,26,37,58,20,38,48,32,10,20,40,45
41,21,26,37,58,20,38,48,32,10,20,40,45,50
21,26,37,58,20,38,48,32,10,20,40,45,50,33
26,37,58,20,38,48,32,10,20,40,45,50,33,29
37,58,20,38,48,32,10,20,40,45,50,33,29,57
58,20,38,48,32,10,20,40,45,50,33,29,57,15
20,38,48,32,10,20,40,45,50,33,29,57,15,45
38,48,32,10,20,40,45,50,33,29,57,15,45,59
48,32,10,20,40,45,50,33,29,57,15,45,59,6
32,10,20,40,45,50,33,29,57,15,45,59,6,3
10,20,40,45,50,33,29,57,15,45,59,6,3,30
20,40,45,50,33,29,57,15,45,59,6,3,30,9
40,45,50,33,29,57,15,45,59,6,3,30,9,35
45,50,33,29,57,15,45,59,6,3,30,9,35,23
50,33,29,57,15,45,59,6,3,30,9,35,23,32
33,29,57,15,45,59,6,3,30,9,35,23,32,30
29,57,15,45,59,6,3,30,9,35,23,32,30,12
57,15,45,59,6,3,30,9,35,23,32,30,12,6
15,45,59,6,3,30,9,35,23,32,30,12,6,50
45,59,6,3,30,9,35,23,32,30,12,6,50,35
59,6,3,30,9,35,23,32,30,12,6,50,35,31
6,3,30,9,35,23,32,30,12,6,50,35,31,7
3,30,9,35,23,32,30,12,6,50,35,31,7,58
30,9,35,23,32,30,12,6,50,35,31,7,58,28
9,35,23,32,30,12,6,50,35,31,7,58,28,53
35,23,32,30,12,6,50,35,31,7,58,28,53,37
23,32,30,12,6,50,35,31,7,58,28,53,37,46
32,30,12,6,50,35,31,7,58,28,53,37,46,35
30,12,6,50,35,31,7,58,28,53,37,46,35,42
12,6,50,35,31,7,58,28,53,37,46,35,42,59
6,50,35,31,7,58,28,53,37,46,35,42,59,18
50,35,31,7,58,28,53,37,46,35,42,59,18,30
35,31,7,58,28,53,37,46,35,42,59,18,30,14
31,7,58,28,53,37,46,35,42,59,18,30,14,27
7,58,28,53,37,46,35,42,59,18,30,14,27,32
58,28,53,37,46,35,42,59,18,30,14,27,32,3
28,53,37,46,35,42,59,18,30,14,27,32,3,51
53,37,46,35,42,59,18,30,14,27,32,3,51,49
37,46,35,42,59,18,30,14,27,32,3,51,49,45
46,35,42,59,18,30,14,27,32,3,51,49,45,54
35,42,59,18,30,14,27,32,3,51,49,45,54,40
42,59,18,30,14,27,32,3,51,49,45,54,40,42
59,18,30,14,27,32,3,51,49,45,54,40,42,17
18,30,14,27,32,3,51,49,45,54,40,42,17,47
30,14,27,32,3,51,49,45,54,40,42,17,47,12
14,27,32,3,51,49,45,54,40,42,17,47,12,26
27,32,3,51,49,45,54,40,42,17,47,12,26,23
32,3,51,49,45,54,40,42,17,47,12,26,23,49
3,51,49,45,54,40,42,17,47,12,26,23,49,28
51,49,45,54,40,42,17,47,12,26,23,49,28,42
49,45,54,40,42,17,47,12,26,23,49,28,42,36
45,54,40,42,17,47,12,26,23,49,28,42,36,36
54,40,42,17,47,12,26,23,49,28,42,36,36,53
40,42,17,47,12,26,23,49,28,42,36,36,53,55
42,17,47,12,26,23,49,28,42,36,36,53,55,13
17,47,12,26,23,49,28,42,36,36,53,55,13,60
47,12,26,23,49,28,42,36,36,53,55,13,60,14
12,26,23,49,28,42,36,36,53,55,13,60,14,54
26,23,49,28,42,36,36,53,55,13,60,14,54,13
23,49,28,42,36,36,53,55,13,60,14,54,13,58
49,28,42,36,36,53,55,13,60,14,54,13,58,43
28,42,36,36,53,55,13,60,14,54,13,58,43,50
42,36,36,53,55,13,60,14,54,13,58,43,50,27
36,36,53,55,13,60,14,54,13,58,43,50,27,5
36,53,55,13,60,14,54,13,58,43,50,27,5,48
53,55,13,60,14,54,13,58,43,50,27,5,48,30
55,13,60,14,54,13,58,43,50,27,5,48,30,55
13,60,14,54,13,58,43,50,27,5,48,30,55,52
60,14,54,13,58,43,50,27,5,48,30,55,52,19
14,54,13,58,43,50,27,5,48,30,55,52,19,28
54,13,58,43,50,27,5,48,30,55,52,19,28,24
13,58,43,50,27,5,48,30,55,52,19,28,24,22
58,43,50,27,5,48,30,55,52,19,28,24,22,2
43,50,27,5,48,30,55,52,19,28,24,22,2,58
50,27,5,48,30,55,52,19,28,24,22,2,58,6
27,5,48,30,55,52,19,28,24,22,2,58,6,20
5,48,30,55,52,19,28,24,22,2,58,6,20,16
48,30,55,52,19,28,24,22,2,58,6,20,16,18
30,55,52,19,28,24,22,2,58,6,20,16,18,7
55,52,19,28,24,22,2,58,6,20,16,18,7,44
52,19,28,24,22,2,58,6,20,16,18,7,44,21
19,28,24,22,2,58,6,20,16,18,7,44,21,21
28,24,22,2,58,6,20,16,18,7,44,21,21,16
24,22,2,58,6,20,16,18,7,44,21,21,16,4
22,2,58,6,20,16,18,7,44,21,21,16,4,37
2,58,6,20,16,18,7,44,21,21,16,4,37,2
58,6,20,16,18,7,44,21,21,16,4,37,2,58
6,20,16,18,7,44,21,21,16,4,37,2,58,2
20,16,18,7,44,21,21,16,4,37,2,58,2,50
16,18,7,44,21,21,16,4,37,2,58,2,50,59
18,7,44,21,21,16,4,37,2,58,2,50,59,38
7,44,21,21,16,4,37,2,58,2,50,59,38,49
44,21,21,16,4,37,2,58,2,50,59,38,49,1
21,21,16,4,37,2,58,2,50,59,38,49,1,37
21,16,4,37,2,58,2,50,59,38,49,1,37,26
16,4,37,2,58,2,50,59,38,49,1,37,26,27
4,37,2,58,2,50,59,38,49,1,37,26,27,42
37,2,58,2,50,59,38,49,1,37,26,27,42,11
2,58,2,50,59,38,49,1,37,26,27,42,11,48
58,2,50,59,38,49,1,37,26,27,42,11,48,16
2,50,59,38,49,1,37,26,27,42,11,48,16,40
50,59,38,49,1,37,26,27,42,11,48,16,40,45
59,38,49,1,37,26,27,42,11,48,16,40,45,59
38,49,1,37,26,27,42,11,48,16,40,45,59,43
49,1,37,26,27,42,11,48,16,40,45,59,43,13
1,37,26,27,42,11,48,16,40,45,59,43,13,39
37,26,27,42,11,48,16,40,45,59,43,13,39,45
26,27,42,11,48,16,40,45,59,43,13,39,45,11
27,42,11,48,16,40,45,59,43,13,39,45,11,21
42,11,48,16,40,45,59,43,13,39,45,11,21,33
11,48,16,40,45,59,43,13,39,45,11,21,33,13
48,16,40,45,59,43,13,39,45,11,21,33,13,56
16,40,45,59,43,13,39,45,11,21,33,13,56,44
40,45,59,43,13,39,45,11,21,33,13,56,44,41
45,59,43,13,39,45,11,21,33,13,56,44,41,40
59,43,13,39,45,11,21,33,13,56,44,41,40,8
43,13,39,45,11,21,33,13,56,44,41,40,8,53
13,39,45,11,21,33,13,56,44,41,40,8,53,16
39,45,11,21,33,13,56,44,41,40,8,53,16,59
45,11,21,33,13,56,44,41,40,8,53,16,59,27
11,21,33,13,56,44,41,40,8,53,16,59,27,42
21,33,13,56,44,41,40,8,53,16,59,27,42,44
33,13,56,44,41,40,8,53,16,59,27,42,44,36
13,56,44,41,40,8,53,16,59,27,42,44,36,29
56,44,41,40,8,53,16,59,27,42,44,36,29,19
44,41,40,8,53,16,59,27,42,44,36,29,19,41
41,40,8,53,16,59,27,42,44,36,29,19,41,22
40,8,53,16,59,27,42,44,36,29,19,41,22,37
8,53,16,59,27,42,44,36,29,19,41,22,37,59
53,16,59,27,42,44,36,29,19,41,22,37,59,45
16,59,27,42,44,36,29,19,41,22,37,59,45,3
59,27,42,44,36,29,19,41,22,37,59,45,3,24
27,42,44,36,29,19,41,22,37,59,45,3,24,36
42,44,36,29,19,41,22,37,59,45,3,24,36,7
44,36,29,19,41,22,37,59,45,3,24,36,7,32
36,29,19,41,22,37,59,45,3,24,36,7,32,15
29,19,41,22,37,59,45,3,24,36,7,32,15,45
19,41,22,37,59,45,3,24,36,7,32,15,45,54
41,22,37,59,45,3,24,36,7,32,15,45,54,25
22,37,59,45,3,24,36,7,32,15,45,54,25,42
37,59,45,3,24,36,7,32,15,45,54,25,42,41
59,45,3,24,36,7,32,15,45,54,25,42,41,29
45,3,24,36,7,32,15,45,54,25,42,41,29,41
3,24,36,7,32,15,45,54,25,42,41,29,41,55
24,36,7,32,15,45,54,25,42,41,29,41,55,2
36,7,32,15,45,54,25,42,41,29,41,55,2,31
7,32,15,45,54,25,42,41,29,41,55,2,31,22
32,15,45,54,25,42,41,29,41,55,2,31,22,10
15,45,54,25,42,41,29,41,55,2,31,22,10,52
45,54,25,42,41,29,41,55,2,31,22,10,52,50
54,25,42,41,29,41,55,2,31,22,10,52,50,57
25,42,41,29,41,55,2,31,22,10,52,50,57,25
42,41,29,41,55,2,31,22,10,52,50,57,25,60
41,29,41,55,2,31,22,10,52,50,57,25,60,36
29,41,55,2,31,22,10,52,50,57,25,60,36,7
41,55,2,31,22,10,52,50,57,25,60,36,7,45
55,2,31,22,10,52,50,57,25,60,36,7,45,31
2,31,22,10,52,50,57,25,60,36,7,45,31,56
31,22,10,52,50,57,25,60,36,7,45,31,56,57
22,10,52,50,57,25,60,36,7,45,31,56,57,15
10,52,50,57,25,60,36,7,45,31,56,57,15,9
52,50,57,25,60,36,7,45,31,56,57,15,9,41
50,57,25,60,36,7,45,31,56,57,15,9,41,13
57,25,60,36,7,45,31,56,57,15,9,41,13,37
25,60,36,7,45,31,56,57,15,9,41,13,37,42
60,36,7,45,31,56,57,15,9,41,13,37,42,33
36,7,45,31,56,57,15,9,41,13,37,42,33,21
7,45,31,56,57,15,9,41,13,37,42,33,21,44
45,31,56,57,15,9,41,13,37,42,33,21,44,46
31,56,57,15,9,41,13,37,42,33,21,44,46,47
56,57,15,9,41,13,37,42,33,21,44,46,47,6
57,15,9,41,13,37,42,33,21,44,46,47,6,59
15,9,41,13,37,42,33,21,44,46,47,6,59,28
9,41,13,37,42,33,21,44,46,47,6,59,28,25
41,13,37,42,33,21,44,46,47,6,59,28,25,41
13,37,42,33,21,44,46,47,6,59,28,25,41,57
37,42,33,21,44,46,47,6,59,28,25,41,57,38
42,33,21,44,46,47,6,59,28,25,41,57,38,11
33,21,44,46,47,6,59,28,25,41,57,38,11,57
21,44,46,47,6,59,28,25,41,57,38,11,57,40
44,46,47,6,59,28,25,41,57,38,11,57,40,35
46,47,6,59,28,25,41,57,38,11,57,40,35,56
47,6,59,28,25,41,57,38,11,57,40,35,56,31
6,59,28,25,41,57,38,11,57,40,35,56,31,22
59,28,25,41,57,38,11,57,40,35,56,31,22,7
28,25,41,57,38,11,57,40,35,56,31,22,7,4
25,41,57,38,11,57,40,35,56,31,22,7,4,21
41,57,38,11,57,40,35,56,31,22,7,4,21,28
57,38,11,57,40,35,56,31,22,7,4,21,28,56
38,11,57,40,35,56,31,22,7,4,21,28,56,20
11,57,40,35,56,31,22,7,4,21,28,56,20,47
57,40,35,56,31,22,7,4,21,28,56,20,47,23
40,35,56,31,22,7,4,21,28,56,20,47,23,32
35,56,31,22,7,4,21,28,56,20,47,23,32,16
56,31,22,7,4,21,28,56,20,47,23,32,16,11
31,22,7,4,21,28,56,20,47,23,32,16,11,19
22,7,4,21,28,56,20,47,23,32,16,11,19,60
7,4,21,28,56,20,47,23,32,16,11,19,60,50
4,21,28,56,20,47,23,32,16,11,19,60,50,24
21,28,56,20,47,23,32,16,11,19,60,50,24,47
28,56,20,47,23,32,16,11,19,60,50,24,47,33
56,20,47,23,32,16,11,19,60,50,24,47,33,44
20,47,23,32,16,11,19,60,50,24,47,33,44,51
47,23,32,16,11,19,60,50,24,47,33,44,51,27
23,32,16,11,19,60,50,24,47,33,44,51,27,53
32,16,11,19,60,50,24,47,33,44,51,27,53,8
16,11,19,60,50,24,47,33,44,51,27,53,8,60
11,19,60,50,24,47,33,44,51,27,53,8,60,2
19,60,50,24,47,33,44,51,27,53,8,60,2,57
60,50,24,47,33,44,51,27,53,8,60,2,57,32
50,24,47,33,44,51,27,53,8,60,2,57,32,43
24,47,33,44,51,27,53,8,60,2,57,32,43,16
47,33,44,51,27,53,8,60,2,57,32,43,16,37
33,44,51,27,53,8,60,2,57,32,43,16,37,34
44,51,27,53,8,60,2,57,32,43,16,37,34,3
51,27,53,8,60,2,57,32,43,16,37,34,3,30
27,53,8,60,2,57,32,43,16,37,34,3,30,10
53,8,60,2,57,32,43,16,37,34,3,30,10,23
8,60,2,57,32,43,16,37,34,3,30,10,23,46
60,2,57,32,43,16,37,34,3,30,10,23,46,56
2,57,32,43,16,37,34,3,30,10,23,46,56,16
57,32,43,16,37,34,3,30,10,23,46,56,16,34
32,43,16,37,34,3,30,10,23,46,56,16,34,41
43,16,37,34,3,30,10,23,46,56,16,34,41,35
16,37,34,3,30,10,23,46,56,16,34,41,35,32
37,34,3,30,10,23,46,56,16,34,41,35,32,21
34,3,30,10,23,46,56,16,34,41,35,32,21,55
3,30,10,23,46,56,16,34,41,35,32,21,55,54
30,10,23,46,56,16,34,41,35,32,21,55,54,40
10,23,46,56,16,34,41,35,32,21,55,54,40,36
23,46,56,16,34,41,35,32,21,55,54,40,36,49
46,56,16,34,41,35,32,21,55,54,40,36,49,55
56,16,34,41,35,32,21,55,54,40,36,49,55,25
16,34,41,35,32,21,55,54,40,36,49,55,25,41
34,41,35,32,21,55,54,40,36,49,55,25,41,42
41,35,32,21,55,54,40,36,49,55,25,41,42,43
35,32,21,55,54,40,36,49,55,25,41,42,43,7
32,21,55,54,40,36,49,55,25,41,42,43,7,34
21,55,54,40,36,49,55,25,41,42,43,7,34,15
55,54,40,36,49,55,25,41,42,43,7,34,15,23
54,40,36,49,55,25,41,42,43,7,34,15,23,55
40,36,49,55,25,41,42,43,7,34,15,23,55,49
36,49,55,25,41,42,43,7,34,15,23,55,49,30
49,55,25,41,42,43,7,34,15,23,55,49,30,17
55,25,41,42,43,7,34,15,23,55,49,30,17,54
25,41,42,43,7,34,15,23,55,49,30,17,54,4
41,42,43,7,34,15,23,55,49,30,17,54,4,51
42,43,7,34,15,23,55,49,30,17,54,4,51,32
43,7,34,15,23,55,49,30,17,54,4,51,32,26
7,34,15,23,55,49,30,17,54,4,51,32,26,12
34,15,23,55,49,30,17,54,4,51,32,26,12,11
15,23,55,49,30,17,54,4,51,32,26,12,11,56
23,55,49,30,17,54,4,51,32,26,12,11,56,44
55,49,30,17,54,4,51,32,26,12,11,56,44,24
49,30,17,54,4,51,32,26,12,11,56,44,24,37
30,17,54,4,51,32,26,12,11,56,44,24,37,4
17,54,4,51,32,26,12,11,56,44,24,37,4,30
54,4,51,32,26,12,11,56,44,24,37,4,30,56
4,51,32,26,12,11,56,44,24,37,4,30,56,21
51,32,26,12,11,56,44,24,37,4,30,56,21,22
32,26,12,11,56,44,24,37,4,30,56,21,22,1
26,12,11,56,44,24,37,4,30,56,21,22,1,32
12,11,56,44,24,37,4,30,56,21,22,1,32,44
11,56,44,24,37,4,30,56,21,22,1,32,44,55
56,44,24,37,4,30,56,21,22,1,32,44,55,19
44,24,37,4,30,56,21,22,1,32,44,55,19,20
24,37,4,30,56,21,22,1,32,44,55,19,20,16
37,4,30,56,21,22,1,32,44,55,19,20,16,21
4,30,56,21,22,1,32,44,55,19,20,16,21,52
30,56,21,22,1,32,44,55,19,20,16,21,52,34
56,21,22,1,32,44,55,19,20,16,21,52,34,26
21,22,1,32,44,55,19,20,16,21,52,34,26,2
22,1,32,44,55,19,20,16,21,52,34,26,2,32
1,32,44,55,19,20,16,21,52,34,26,2,32,28
32,44,55,19,20,16,21,52,34,26,2,32,28,5
44,55,19,20,16,21,52,34,26,2,32,28,5,1
55,19,20,16,21,52,34,26,2,32,28,5,1,34
19,20,16,21,52,34,26,2,32,28,5,1,34,4
20,16,21,52,34,26,2,32,28,5,1,34,4,19
16,21,52,34,26,2,32,28,5,1,34,4,19,12
21,52,34,26,2,32,28,5,1,34,4,19,12,60
52,34,26,2,32,28,5,1,34,4,19,12,60,54
34,26,2,32,28,5,1,34,4,19,12,60,54,7
26,2,32,28,5,1,34,4,19,12,60,54,7,55
2,32,28,5,1,34,4,19,12,60,54,7,55,50
32,28,5,1,34,4,19,12,60,54,7,55,50,20
28,5,1,34,4,19,12,60,54,7,55,50,20,43
5,1,34,4,19,12,60,54,7,55,50,20,43,33
1,34,4,19,12,60,54,7,55,50,20,43,33,13
34,4,19,12,60,54,7,55,50,20,43,33,13,15
4,19,12,60,54,7,55,50,20,43,33,13,15,58
19,12,60,54,7,55,50,20,43,33,13,15,58,43
12,60,54,7,55,50,20,43,33,13,15,58,43,4
60,54,7,55,50,20,43,33,13,15,58,43,4,60
54,7,55,50,20,43,33,13,15,58,43,4,60,59
7,55,50,20,43,33,13,15,58,43,4,60,59,6
55,50,20,43,33,13,15,58,43,4,60,59,6,33
50,20,43,33,13,15,58,43,4,60,59,6,33,5
20,43,33,13,15,58,43,4,60,59,6,33,5,54
43,33,13,15,58,43,4,60,59,6,33,5,54,20
33,13,15,58,43,4,60,59,6,33,5,54,20,56
13,15,58,43,4,60,59,6,33,5,54,20,56,30
15,58,43,4,60,59,6,33,5,54,20,56,30,16
58,43,4,60,59,6,33,5,54,20,56,30,16,53
43,4,60,59,6,33,5,54,20,56,30,16,53,60
4,60,59,6,33,5,54,20,56,30,16,53,60,48
60,59,6,33,5,54,20,56,30,16,53,60,48,20
59,6,33,5,54,20,56,30,16,53,60,48,20,58
6,33,5,54,20,56,30,16,53,60,48,20,58,11
33,5,54,20,56,30,16,53,60,48,20,58,11,8
5,54,20,56,30,16,53,60,48,20,58,11,8,50
54,20,56,30,16,53,60,48,20,58,11,8,50,26
20,56,30,16,53,60,48,20,58,11,8,50,26,9
56,30,16,53,60,48,20,58,11,8,50,26,9,53
30,16,53,60,48,20,58,11,8,50,26,9,53,43
16,53,60,48,20,58,11,8,50,26,9,53,43,5
53,60,48,20,58,11,8,50,26,9,53,43,5,25
60,48,20,58,11,8,50,26,9,53,43,5,25,31
48,20,58,11,8,50,26,9,53,43,5,25,31,13
20,58,11,8,50,26,9,53,43,5,25,31,13,1
58,11,8,50,26,9,53,43,5,25,31,13,1,33
11,8,50,26,9,53,43,5,25,31,13,1,33,7
8,50,26,9,53,43,5,25,31,13,1,33,7,50
50,26,9,53,43,5,25,31,13,1,33,7,50,53
26,9,53,43,5,25,31,13,1,33,7,50,53,16
9,53,43,5,25,31,13,1,33,7,50,53,16,41
53,43,5,25,31,13,1,33,7,50,53,16,41,34
43,5,25,31,13,1,33,7,50,53,16,41,34,38
5,25,31,13,1,33,7,50,53,16,41,34,38,54
25,31,13,1,33,7,50,53,16,41,34,38,54,48
31,13,1,33,7,50,53,16,41,34,38,54,48,23
13,1,33,7,50,53,16,41,34,38,54,48,23,2
1,33,7,50,53,16,41,34,38,54,48,23,2,46
33,7,50,53,16,41,34,38,54,48,23,2,46,58
7,50,53,16,41,34,38,54,48,23,2,46,58,1
50,53,16,41,34,38,54,48,23,2,46,58,1,45
53,16,41,34,38,54,48,23,2,46,58,1,45,55
16,41,34,38,54,48,23,2,46,58,1,45,55,8
41,34,38,54,48,23,2,46,58,1,45,55,8,46
34,38,54,48,23,2,46,58,1,45,55,8,46,21
38,54,48,23,2,46,58,1,45,55,8,46,21,10
54,48,23,2,46,58,1,45,55,8,46,21,10,47
48,23,2,46,58,1,45,55,8,46,21,10,47,6
23,2,46,58,1,45,55,8,46,21,10,47,6,5
2,46,58,1,45,55,8,46,21,10,47,6,5,33
46,58,1,45,55,8,46,21,10,47,6,5,33,19
58,1,45,55,8,46,21,10,47,6,5,33,19,18
1,45,55,8,46,21,10,47,6,5,33,19,18,52
45,55,8,46,21,10,47,6,5,33,19,18,52,25
55,8,46,21,10,47,6,5,33,19,18,52,25,17
8,46,21,10,47,6,5,33,19,18,52,25,17,49
46,21,10,47,6,5,33,19,18,52,25,17,49,45
21,10,47,6,5,33,19,18,52,25,17,49,45,27
10,47,6,5,33,19,18,52,25,17,49,45,27,35
47,6,5,33,19,18,52,25,17,49,45,27,35,40
6,5,33,19,18,52,25,17,49,45,27,35,40,5
5,33,19,18,52,25,17,49,45,27,35,40,5,9
33,19,18,52,25,17,49,45,27,35,40,5,9,14
19,18,52,25,17,49,45,27,35,40,5,9,14,31
18,52,25,17,49,45,27,35,40,5,9,14,31,54
52,25,17,49,45,27,35,40,5,9,14,31,54,29
25,17,49,45,27,35,40,5,9,14,31,54,29,26
17,49,45,27,35,40,5,9,14,31,54,29,26,24
49,45,27,35,40,5,9,14,31,54,29,26,24,36
45,27,35,40,5,9,14,31,54,29,26,24,36,58
27,35,40,5,9,14,31,54,29,26,24,36,58,9
35,40,5,9,14,31,54,29,26,24,36,58,9,10
40,5,9,14,31,54,29,26,24,36,58,9,10,56
5,9,14,31,54,29,26,24,36,58,9,10,56,24
9,14,31,54,29,26,24,36,58,9,10,56,24,47
14,31,54,29,26,24,36,58,9,10,56,24,47,52
31,54,29,26,24,36,58,9,10,56,24,47,52,10
54,29,26,24,36,58,9,10,56,24,47,52,10,27
29,26,24,36,58,9,10,56,24,47,52,10,27,23
26,24,36,58,9,10,56,24,47,52,10,27,23,17
24,36,58,9,10,56,24,47,52,10,27,23,17,11
36,58,9,10,56,24,47,52,10,27,23,17,11,39
58,9,10,56,24,47,52,10,27,23,17,11,39,47
9,10,56,24,47,52,10,27,23,17,11,39,47,18
10,56,24,47,52,10,27,23,17,11,39,47,18,13
56,24,47,52,10,27,23,17,11,39,47,18,13,26
24,47,52,10,27,23,17,11,39,47,18,13,26,16
47,52,10,27,23,17,11,39,47,18,13,26,16,30
52,10,27,23,17,11,39,47,18,13,26,16,30,19
10,27,23,17,11,39,47,18,13,26,16,30,19,38
27,23,17,11,39,47,18,13,26,16,30,19,38,48
23,17,11,39,47,18,13,26,16,30,19,38,48,37
17,11,39,47,18,13,26,16,30,19,38,48,37,53
11,39,47,18,13,26,16,30,19,38,48,37,53,59
39,47,18,13,26,16,30,19,38,48,37,53,59,39
47,18,13,26,16,30,19,38,48,37,53,59,39,45
18,13,26,16,30,19,38,48,37,53,59,39,45,22
13,26,16,30,19,38,48,37,53,59,39,45,22,57
26,16,30,19,38,48,37,53,59,39,45,22,57,40
16,30,19,38,48,37,53,59,39,45,22,57,40,26
30,19,38,48,37,53,59,39,45,22,57,40,26,38
19,38,48,37,53,59,39,45,22,57,40,26,38,4
38,48,37,53,59,39,45,22,57,40,26,38,4,56
48,37,53,59,39,45,22,57,40,26,38,4,56,52
37,53,59,39,45,22,57,40,26,38,4,56,52,22
53,59,39,45,22,57,40,26,38,4,56,52,22,10
59,39,45,22,57,40,26,38,4,56,52,22,10,18
39,45,22,57,40,26,38,4,56,52,22,10,18,55
45,22,57,40,26,38,4,56,52,22,10,18,55,15
22,57,40,26,38,4,56,52,22,10,18,55,15,31
57,40,26,38,4,56,52,22,10,18,55,15,31,31
40,26,38,4,56,52,22,10,18,55,15,31,31,59
26,38,4,56,52,22,10,18,55,15,31,31,59,4
38,4,56,52,22,10,18,55,15,31,31,59,4,58
4,56,52,22,10,18,55,15,31,31,59,4,58,23
56,52,22,10,18,55,15,31,31,59,4,58,23,47
52,22,10,18,55,15,31,31,59,4,58,23,47,5
22,10,18,55,15,31,31,59,4,58,23,47,5,16
10,18,55,15,31,31,59,4,58,23,47,5,16,30
18,55,15,31,31,59,4,58,23,47,5,16,30,25
55,15,31,31,59,4,58,23,47,5,16,30,25,58
15,31,31,59,4,58,23,47,5,16,30,25,58,20
31,31,59,4,58,23,47,5,16,30,25,58,20,11
31,59,4,58,23,47,5,16,30,25,58,20,11,5
59,4,58,23,47,5,16,30,25,58,20,11,5,47
4,58,23,47,5,16,30,25,58,20,11,5,47,31
58,23,47,5,16,30,25,58,20,11,5,47,31,53
23,47,5,16,30,25,58,20,11,5,47,31,53,38
47,5,16,30,25,58,20,11,5,47,31,53,38,33
5,16,30,25,58,20,11,5,47,31,53,38,33,24
16,30,25,58,20,11,5,47,31,53,38,33,24,36
30,25,58,20,11,5,47,31,53,38,33,24,36,9
25,58,20,11,5,47,31,53,38,33,24,36,9,14
58,20,11,5,47,31,53,38,33,24,36,9,14,23
20,11,5,47,31,53,38,33,24,36,9,14,23,48
11,5,47,31,53,38,33,24,36,9,14,23,48,34
5,47,31,53,38,33,24,36,9,14,23,48,34,28
47,31,53,38,33,24,36,9,14,23,48,34,28,54
31,53,38,33,24,36,9,14,23,48,34,28,54,25
53,38,33,24,36,9,14,23,48,34,28,54,25,42
38,33,24,36,9,14,23,48,34,28,54,25,42,8
33,24,36,9,14,23,48,34,28,54,25,42,8,36
24,36,9,14,23,48,34,28,54,25,42,8,36,14
36,9,14,23,48,34,28,54,25,42,8,36,14,32
9,14,23,48,34,28,54,25,42,8,36,14,32,30
14,23,48,34,28,54,25,42,8,36,14,32,30,7
23,48,34,28,54,25,42,8,36,14,32,30,7,50
48,34,28,54,25,42,8,36,14,32,30,7,50,56
34,28,54,25,42,8,36,14,32,30,7,50,56,41
28,54,25,42,8,36,14,32,30,7,50,56,41,12
54,25,42,8,36,14,32,30,7,50,56,41,12,32
25,42,8,36,14,32,30,7,50,56,41,12,32,37
42,8,36,14,32,30,7,50,56,41,12,32,37,44
8,36,14,32,30,7,50,56,41,12,32,37,44,37
36,14,32,30,7,50,56,41,12,32,37,44,37,56
14,32,30,7,50,56,41,12,32,37,44,37,56,29
32,30,7,50,56,41,12,32,37,44,37,56,29,47
30,7,50,56,41,12,32,37,44,37,56,29,47,35
7,50,56,41,12,32,37,44,37,56,29,47,35,60
50,56,41,12,32,37,44,37,56,29,47,35,60,47
56,41,12,32,37,44,37,56,29,47,35,60,47,3
41,12,32,37,44,37,56,29,47,35,60,47,3,33
12,32,37,44,37,56,29,47,35,60,47,3,33,25
32,37,44,37,56,29,47,35,60,47,3,33,25,13
37,44,37,56,29,47,35,60,47,3,33,25,13,50
44,37,56,29,47,35,60,47,3,33,25,13,50,9
37,56,29,47,35,60,47,3,33,25,13,50,9,18
56,29,47,35,60,47,3,33,25,13,50,9,18,11
29,47,35,60,47,3,33,25,13,50,9,18,11,6
47,35,60,47,3,33,25,13,50,9,18,11,6,17
35,60,47,3,33,25,13,50,9,18,11,6,17,36
60,47,3,33,25,13,50,9,18,11,6,17,36,6
47,3,33,25,13,50,9,18,11,6,17,36,6,30
3,33,25,13,50,9,18,11,6,17,36,6,30,20
33,25,13,50,9,18,11,6,17,36,6,30,20,7
25,13,50,9,18,11,6,17,36,6,30,20,7,25
13,50,9,18,11,6,17,36,6,30,20,7,25,57
50,9,18,11,6,17,36,6,30,20,7,25,57,30
9,18,11,6,17,36,6,30,20,7,25,57,30,7
18,11,6,17,36,6,30,20,7,25,57,30,7,25
11,6,17,36,6,30,20,7,25,57,30,7,25,40
6,17,36,6,30,20,7,25,57,30,7,25,40,26
17,36,6,30,20,7,25,57,30,7,25,40,26,22
36,6,30,20,7,25,57,30,7,25,40,26,22,16
6,30,20,7,25,57,30,7,25,40,26,22,16,5
30,20,7,25,57,30,7,25,40,26,22,16,5,41
20,7,25,57,30,7,25,40,26,22,16,5,41,18
7,25,57,30,7,25,40,26,22,16,5,41,18,17
25,57,30,7,25,40,26,22,16,5,41,18,17,24
57,30,7,25,40,26,22,16,5,41,18,17,24,34
30,7,25,40,26,22,16,5,41,18,17,24,34,53
7,25,40,26,22,16,5,41,18,17,24,34,53,45
25,40,26,22,16,5,41,18,17,24,34,53,45,23
40,26,22,16,5,41,18,17,24,34,53,45,23,13
26,22,16,5,41,18,17,24,34,53,45,23,13,6
22,16,5,41,18,17,24,34,53,45,23,13,6,12
16,5,41,18,17,24,34,53,45,23,13,6,12,35
5,41,18,17,24,34,53,45,23,13,6,12,35,5
41,18,17,24,34,53,45,23,13,6,12,35,5,28
18,17,24,34,53,45,23,13,6,12,35,5,28,7
17,24,34,53,45,23,13,6,12,35,5,28,7,28
24,34,53,45,23,13,6,12,35,5,28,7,28,45
34,53,45,23,13,6,12,35,5,28,7,28,45,41
53,45,23,13,6,12,35,5,28,7,28,45,41,22
45,23,13,6,12,35,5,28,7,28,45,41,22,57
23,13,6,12,35,5,28,7,28,45,41,22,57,25
13,6,12,35,5,28,7,28,45,41,22,57,25,24
6,12,35,5,28,7,28,45,41,22,57,25,24,44
12,35,5,28,7,28,45,41,22,57,25,24,44,7
35,5,28,7,28,45,41,22,57,25,24,44,7,31
5,28,7,28,45,41,22,57,25,24,44,7,31,12
28,7,28,45,41,22,57,25,24,44,7,31,12,50
7,28,45,41,22,57,25,24,44,7,31,12,50,20
28,45,41,22,57,25,24,44,7,31,12,50,20,51
45,41,22,57,25,24,44,7,31,12,50,20,51,42
41,22,57,25,24,44,7,31,12,50,20,51,42,3
22,57,25,24,44,7,31,12,50,20,51,42,3,52
57,25,24,44,7,31,12,50,20,51,42,3,52,46
25,24,44,7,31,12,50,20,51,42,3,52,46,20
24,44,7,31,12,50,20,51,42,3,52,46,20,28
44,7,31,12,50,20,51,42,3,52,46,20,28,41
7,31,12,50,20,51,42,3,52,46,20,28,41,1
31,12,50,20,51,42,3,52,46,20,28,41,1,33
12,50,20,51,42,3,52,46,20,28,41,1,33,36
50,20,51,42,3,52,46,20,28,41,1,33,36,22
20,51,42,3,52,46,20,28,41,1,33,36,22,34
51,42,3,52,46,20,28,41,1,33,36,22,34,24
42,3,52,46,20,28,41,1,33,36,22,34,24,23
3,52,46,20,28,41,1,33,36,22,34,24,23,5
52,46,20,28,41,1,33,36,22,34,24,23,5,60
46,20,28,41,1,33,36,22,34,24,23,5,60,7
20,28,41,1,33,36,22,34,24,23,5,60,7,5
28,41,1,33,36,22,34,24,23,5,60,7,5,2
41,1,33,36,22,34,24,23,5,60,7,5,2,53
1,33,36,22,34,24,23,5,60,7,5,2,53,33
33,36,22,34,24,23,5,60,7,5,2,53,33,49
36,22,34,24,23,5,60,7,5,2,53,33,49,27
22,34,24,23,5,60,7,5,2,53,33,49,27,57
34,24,23,5,60,7,5,2,53,33,49,27,57,41
24,23,5,60,7,5,2,53,33,49,27,57,41,38
23,5,60,7,5,2,53,33,49,27,57,41,38,28
5,60,7,5,2,53,33,49,27,57,41,38,28,24
60,7,5,2,53,33,49,27,57,41,38,28,24,58
7,5,2,53,33,49,27,57,41,38,28,24,58,26
5,2,53,33,49,27,57,41,38,28,24,58,26,49
2,53,33,49,27,57,41,38,28,24,58,26,49,57
53,33,49,27,57,41,38,28,24,58,26,49,57,48
33,49,27,57,41,38,28,24,58,26,49,57,48,9
49,27,57,41,38,28,24,58,26,49,57,48,9,25
27,57,41,38,28,24,58,26,49,57,48,9,25,40
57,41,38,28,24,58,26,49,57,48,9,25,40,12
41,38,28,24,58,26,49,57,48,9,25,40,12,60
38,28,24,58,26,49,57,48,9,25,40,12,60,30
28,24,58,26,49,57,48,9,25,40,12,60,30,41
24,58,26,49,57,48,9,25,40,12,60,30,41,7
58,26,49,57,48,9,25,40,12,60,30,41,7,13
26,49,57,48,9,25,40,12,60,30,41,7,13,30
49,57,48,9,25,40,12,60,30,41,7,13,30,37
57,48,9,25,40,12,60,30,41,7,13,30,37,47
48,9,25,40,12,60,30,41,7,13,30,37,47,17
9,25,40,12,60,30,41,7,13,30,37,47,17,42
25,40,12,60,30,41,7,13,30,37,47,17,42,7
40,12,60,30,41,7,13,30,37,47,17,42,7,11
12,60,30,41,7,13,30,37,47,17,42,7,11,34
60,30,41,7,13,30,37,47,17,42,7,11,34,59
30,41,7,13,30,37,47,17,42,7,11,34,59,41
41,7,13,30,37,47,17,42,7,11,34,59,41,11
7,13,30,37,47,17,42,7,11,34,59,41,11,5
13,30,37,47,17,42,7,11,34,59,41,11,5,27
30,37,47,17,42,7,11,34,59,41,11,5,27,60
37,47,17,42,7,11,34,59,41,11,5,27,60,38
47,17,42,7,11,34,59,41,11,5,27,60,38,53
17,42,7,11,34,59,41,11,5,27,60,38,53,30
42,7,11,34,59,41,11,5,27,60,38,53,30,19
7,11,34,59,41,11,5,27,60,38,53,30,19,57
11,34,59,41,11,5,27,60,38,53,30,19,57,41
34,59,41,11,5,27,60,38,53,30,19,57,41,56
59,41,11,5,27,60,38,53,30,19,57,41,56,47
41,11,5,27,60,38,53,30,19,57,41,56,47,26
11,5,27,60,38,53,30,19,57,41,56,47,26,17
5,27,60,38,53,30,19,57,41,56,47,26,17,13
27,60,38,53,30,19,57,41,56,47,26,17,13,41
60,38,53,30,19,57,41,56,47,26,17,13,41,16
38,53,30,19,57,41,56,47,26,17,13,41,16,44
53,30,19,57,41,56,47,26,17,13,41,16,44,55
30,19,57,41,56,47,26,17,13,41,16,44,55,25
19,57,41,56,47,26,17,13,41,16,44,55,25,4
57,41,56,47,26,17,13,41,16,44,55,25,4,11
41,56,47,26,17,13,41,16,44,55,25,4,11,29
56,47,26,17,13,41,16,44,55,25,4,11,29,39
47,26,17,13,41,16,44,55,25,4,11,29,39,39
26,17,13,41,16,44,55,25,4,11,29,39,39,50
17,13,41,16,44,55,25,4,11,29,39,39,50,25
13,41,16,44,55,25,4,11,29,39,39,50,25,55
41,16,44,55,25,4,11,29,39,39,50,25,55,11
16,44,55,25,4,11,29,39,39,50,25,55,11,4
44,55,25,4,11,29,39,39,50,25,55,11,4,28
55,25,4,11,29,39,39,50,25,55,11,4,28,14
25,4,11,29,39,39,50,25,55,11,4,28,14,29
4,11,29,39,39,50,25,55,11,4,28,14,29,2
11,29,39,39,50,25,55,11,4,28,14,29,2,31
29,39,39,50,25,55,11,4,28,14,29,2,31,32
39,39,50,25,55,11,4,28,14,29,2,31,32,32
39,50,25,55,11,4,28,14,29,2,31,32,32,22
50,25,55,11,4,28,14,29,2,31,32,32,22,24
25,55,11,4,28,14,29,2,31,32,32,22,24,41
55,11,4,28,14,29,2,31,32,32,22,24,41,30
11,4,28,14,29,2,31,32,32,22,24,41,30,38
4,28,14,29,2,31,32,32,22,24,41,30,38,14
28,14,29,2,31,32,32,22,24,41,30,38,14,30
14,29,2,31,32,32,22,24,41,30,38,14,30,50
29,2,31,32,32,22,24,41,30,38,14,30,50,41
2,31,32,32,22,24,41,30,38,14,30,50,41,47
31,32,32,22,24,41,30,38,14,30,50,41,47,23
32,32,22,24,41,30,38,14,30,50,41,47,23,14
32,22,24,41,30,38,14,30,50,41,47,23,14,38
22,24,41,30,38,14,30,50,41,47,23,14,38,53
24,41,30,38,14,30,50,41,47,23,14,38,53,24
41,30,38,14,30,50,41,47,23,14,38,53,24,16
30,38,14,30,50,41,47,23,14,38,53,24,16,37
38,14,30,50,41,47,23,14,38,53,24,16,37,5
14,30,50,41,47,23,14,38,53,24,16,37,5,32
30,50,41,47,23,14,38,53,24,16,37,5,32,40
50,41,47,23,14,38,53,24,16,37,5,32,40,58
41,47,23,14,38,53,24,16,37,5,32,40,58,37
47,23,14,38,53,24,16,37,5,32,40,58,37,34
23,14,38,53,24,16,37,5,32,40,58,37,34,50
14,38,53,24,16,37,5,32,40,58,37,34,50,21
38,53,24,16,37,5,32,40,58,37,34,50,21,43
53,24,16,37,5,32,40,58,37,34,50,21,43,12
24,16,37,5,32,40,58,37,34,50,21,43,12,28
16,37,5,32,40,58,37,34,50,21,43,12,28,22
37,5,32,40,58,37,34,50,21,43,12,28,22,28
5,32,40,58,37,34,50,21,43,12,28,22,28,51
32,40,58,37,34,50,21,43,12,28,22,28,51,56
40,58,37,34,50,21,43,12,28,22,28,51,56,6
58,37,34,50,21,43,12,28,22,28,51,56,6,24
37,34,50,21,43,12,28,22,28,51,56,6,24,43
34,50,21,43,12,28,22,28,51,56,6,24,43,27
50,21,43,12,28,22,28,51,56,6,24,43,27,20
21,43,12,28,22,28,51,56,6,24,43,27,20,48
43,12,28,22,28,51,56,6,24,43,27,20,48,16
12,28,22,28,51,56,6,24,43,27,20,48,16,30
28,22,28,51,56,6,24,43,27,20,48,16,30,35
22,28,51,56,6,24,43,27,20,48,16,30,35,19
28,51,56,6,24,43,27,20,48,16,30,35,19,53
51,56,6,24,43,27,20,48,16,30,35,19,53,40
56,6,24,43,27,20,48,16,30,35,19,53,40,3
6,24,43,27,20,48,16,30,35,19,53,40,3,31
24,43,27,20,48,16,30,35,19,53,40,3,31,20
43,27,20,48,16,30,35,19,53,40,3,31,20,12
27,20,48,16,30,35,19,53,40,3,31,20,12,16
20,48,16,30,35,19,53,40,3,31,20,12,16,23
48,16,30,35,19,53,40,3,31,20,12,16,23,17
16,30,35,19,53,40,3,31,20,12,16,23,17,19
30,35,19,53,40,3,31,20,12,16,23,17,19,48
35,19,53,40,3,31,20,12,16,23,17,19,48,20
19,53,40,3,31,20,12,16,23,17,19,48,20,53
53,40,3,31,20,12,16,23,17,19,48,20,53,47
40,3,31,20,12,16,23,17,19,48,20,53,47,50
3,31,20,12,16,23,17,19,48,20,53,47,50,22
31,20,12,16,23,17,19,48,20,53,47,50,22,27
20,12,16,23,17,19,48,20,53,47,50,22,27,11
12,16,23,17,19,48,20,53,47,50,22,27,11,31
16,23,17,19,48,20,53,47,50,22,27,11,31,32
23,17,19,48,20,53,47,50,22,27,11,31,32,48
17,19,48,20,53,47,50,22,27,11,31,32,48,49
19,48,20,53,47,50,22,27,11,31,32,48,49,4
48,20,53,47,50,22,27,11,31,32,48,49,4,18
20,53,47,50,22,27,11,31,32,48,49,4,18,11
53,47,50,22,27,11,31,32,48,49,4,18,11,29
47,50,22,27,11,31,32,48,49,4,18,11,29,44
50,22,27,11,31,32,48,49,4,18,11,29,44,47
22,27,11,31,32,48,49,4,18,11,29,44,47,56
27,11,31,32,48,49,4,18,11,29,44,47,56,31
11,31,32,48,49,4,18,11,29,44,47,56,31,49
31,32,48,49,4,18,11,29,44,47,56,31,49,54
32,48,49,4,18,11,29,44,47,56,31,49,54,33
48,49,4,18,11,29,44,47,56,31,49,54,33,26
49,4,18,11,29,44,47,56,31,49,54,33,26,40
4,18,11,29,44,47,56,31,49,54,33,26,40,22
18,11,29,44,47,56,31,49,54,33,26,40,22,8
11,29,44,47,56,31,49,54,33,26,40,22,8,30
29,44,47,56,31,49,54,33,26,40,22,8,30,15
44,47,56,31,49,54,33,26,40,22,8,30,15,47
47,56,31,49,54,33,26,40,22,8,30,15,47,25
56,31,49,54,33,26,40,22,8,30,15,47,25,4
31,49,54,33,26,40,22,8,30,15,47,25,4,23
49,54,33,26,40,22,8,30,15,47,25,4,23,3
54,33,26,40,22,8,30,15,47,25,4,23,3,1
33,26,40,22,8,30,15,47,25,4,23,3,1,21
26,40,22,8,30,15,47,25,4,23,3,1,21,53
40,22,8,30,15,47,25,4,23,3,1,21,53,52
22,8,30,15,47,25,4,23,3,1,21,53,52,23
8,30,15,47,25,4,23,3,1,21,53,52,23,40
30,15,47,25,4,23,3,1,21,53,52,23,40,51
15,47,25,4,23,3,1,21,53,52,23,40,51,44
47,25,4,23,3,1,21,53,52,23,40,51,44,21
25,4,23,3,1,21,53,52,23,40,51,44,21,46
4,23,3,1,21,53,52,23,40,51,44,21,46,38
23,3,1,21,53,52,23,40,51,44,21,46,38,29
3,1,21,53,52,23,40,51,44,21,46,38,29,33
1,21,53,52,23,40,51,44,21,46,38,29,33,32
21,53,52,23,40,51,44,21,46,38,29,33,32,48
53,52,23,40,51,44,21,46,38,29,33,32,48,51
52,23,40,51,44,21,46,38,29,33,32,48,51,5
23,40,51,44,21,46,38,29,33,32,48,51,5,23
40,51,44,21,46,38,29,33,32,48,51,5,23,7
51,44,21,46,38,29,33,32,48,51,5,23,7,14
44,21,46,38,29,33,32,48,51,5,23,7,14,21
21,46,38,29,33,32,48,51,5,23,7,14,21,24
46,38,29,33,32,48,51,5,23,7,14,21,24,11
38,29,33,32,48,51,5,23,7,14,21,24,11,40
29,33,32,48,51,5,23,7,14,21,24,11,40,12
33,32,48,51,5,23,7,14,21,24,11,40,12,35
32,48,51,5,23,7,14,21,24,11,40,12,35,10
48,51,5,23,7,14,21,24,11,40,12,35,10,2
51,5,23,7,14,21,24,11,40,12,35,10,2,4
5,23,7,14,21,24,11,40,12,35,10,2,4,23
23,7,14,21,24,11,40,12,35,10,2,4,23,37
7,14,21,24,11,40,12,35,10,2,4,23,37,14
14,21,24,11,40,12,35,10,2,4,23,37,14,51
21,24,11,40,12,35,10,2,4,23,37,14,51,27
24,11,40,12,35,10,2,4,23,37,14,51,27,1
11,40,12,35,10,2,4,23,37,14,51,27,1,35
40,12,35,10,2,4,23,37,14,51,27,1,35,20
12,35,10,2,4,23,37,14,51,27,1,35,20,37
35,10,2,4,23,37,14,51,27,1,35,20,37,13
10,2,4,23,37,14,51,27,1,35,20,37,13,28
2,4,23,37,14,51,27,1,35,20,37,13,28,23
4,23,37,14,51,27,1,35,20,37,13,28,23,42
23,37,14,51,27,1,35,20,37,13,28,23,42,29
37,14,51,27,1,35,20,37,13,28,23,42,29,44
14,51,27,1,35,20,37,13,28,23,42,29,44,34
51,27,1,35,20,37,13,28,23,42,29,44,34,35
27,1,35,20,37,13,28,23,42,29,44,34,35,27
1,35,20,37,13,28,23,42,29,44,34,35,27,53
35,20,37,13,28,23,42,29,44,34,35,27,53,44
20,37,13,28,23,42,29,44,34,35,27,53,44,52
37,13,28,23,42,29,44,34,35,27,53,44,52,4
13,28,23,42,29,44,34,35,27,53,44,52,4,41
28,23,42,29,44,34,35,27,53,44,52,4,41,26
23,42,29,44,34,35,27,53,44,52,4,41,26,51
42,29,44,34,35,27,53,44,52,4,41,26,51,14
29,44,34,35,27,53,44,52,4,41,26,51,14,24
44,34,35,27,53,44,52,4,41,26,51,14,24,23
34,35,27,53,44,52,4,41,26,51,14,24,23,43
35,27,53,44,52,4,41,26,51,14,24,23,43,33
27,53,44,52,4,41,26,51,14,24,23,43,33,57
53,44,52,4,41,26,51,14,24,23,43,33,57,23
44,52,4,41,26,51,14,24,23,43,33,57,23,59
52,4,41,26,51,14,24,23,43,33,57,23,59,7
4,41,26,51,14,24,23,43,33,57,23,59,7,2
41,26,51,14,24,23,43,33,57,23,59,7,2,18
26,51,14,24,23,43,33,57,23,59,7,2,18,54
51,14,24,23,43,33,57,23,59,7,2,18,54,22
14,24,23,43,33,57,23,59,7,2,18,54,22,30
24,23,43,33,57,23,59,7,2,18,54,22,30,26
23,43,33,57,23,59,7,2,18,54,22,30,26,31
43,33,57,23,59,7,2,18,54,22,30,26,31,52
33,57,23,59,7,2,18,54,22,30,26,31,52,14
57,23,59,7,2,18,54,22,30,26,31,52,14,54
23,59,7,2,18,54,22,30,26,31,52,14,54,16
59,7,2,18,54,22,30,26,31,52,14,54,16,4
7,2,18,54,22,30,26,31,52,14,54,16,4,48
2,18,54,22,30,26,31,52,14,54,16,4,48,46
18,54,22,30,26,31,52,14,54,16,4,48,46,9
54,22,30,26,31,52,14,54,16,4,48,46,9,1
22,30,26,31,52,14,54,16,4,48,46,9,1,36
30,26,31,52,14,54,16,4,48,46,9,1,36,4
26,31,52,14,54,16,4,48,46,9,1,36,4,13
31,52,14,54,16,4,48,46,9,1,36,4,13,16
52,14,54,16,4,48,46,9,1,36,4,13,16,12
14,54,16,4,48,46,9,1,36,4,13,16,12,5
54,16,4,48,46,9,1,36,4,13,16,12,5,27
16,4,48,46,9,1,36,4,13,16,12,5,27,50
4,48,46,9,1,36,4,13,16,12,5,27,50,10
48,46,9,1,36,4,13,16,12,5,27,50,10,60
46,9,1,36,4,13,16,12,5,27,50,10,60,42
9,1,36,4,13,16,12,5,27,50,10,60,42,9
1,36,4,13,16,12,5,27,50,10,60,42,9,33
36,4,13,16,12,5,27,50,10,60,42,9,33,12
4,13,16,12,5,27,50,10,60,42,9,33,12,56
13,16,12,5,27,50,10,60,42,9,33,12,56,23
16,12,5,27,50,10,60,42,9,33,12,56,23,22
12,5,27,50,10,60,42,9,33,12,56,23,22,43
5,27,50,10,60,42,9,33,12,56,23,22,43,16
27,50,10,60,42,9,33,12,56,23,22,43,16,5
50,10,60,42,9,33,12,56,23,22,43,16,5,29
10,60,42,9,33,12,56,23,22,43,16,5,29,49
60,42,9,33,12,56,23,22,43,16,5,29,49,54
42,9,33,12,56,23,22,43,16,5,29,49,54,51
9,33,12,56,23,22,43,16,5,29,49,54,51,16
33,12,56,23,22,43,16,5,29,49,54,51,16,34
12,56,23,22,43,16,5,29,49,54,51,16,34,4
56,23,22,43,16,5,29,49,54,51,16,34,4,6
23,22,43,16,5,29,49,54,51,16,34,4,6,7
22,43,16,5,29,49,54,51,16,34,4,6,7,24
43,16,5,29,49,54,51,16,34,4,6,7,24,12
16,5,29,49,54,51,16,34,4,6,7,24,12,41
5,29,49,54,51,16,34,4,6,7,24,12,41,33
29,49,54,51,16,34,4,6,7,24,12,41,33,36
49,54,51,16,34,4,6,7,24,12,41,33,36,12
54,51,16,34,4,6,7,24,12,41,33,36,12,35
51,16,34,4,6,7,24,12,41,33,36,12,35,10
16,34,4,6,7,24,12,41,33,36,12,35,10,14
34,4,6,7,24,12,41,33,36,12,35,10,14,56
4,6,7,24,12,41,33,36,12,35,10,14,56,11
6,7,24,12,41,33,36,12,35,10,14,56,11,58
7,24,12,41,33,36,12,35,10,14,56,11,58,46
24,12,41,33,36,12,35,10,14,56,11,58,46,51
12,41,33,36,12,35,10,14,56,11,58,46,51,22
41,33,36,12,35,10,14,56,11,58,46,51,22,56
33,36,12,35,10,14,56,11,58,46,51,22,56,7
36,12,35,10,14,56,11,58,46,51,22,56,7,46
12,35,10,14,56,11,58,46,51,22,56,7,46,60
35,10,14,56,11,58,46,51,22,56,7,46,60,41
10,14,56,11,58,46,51,22,56,7,46,60,41,12
14,56,11,58,46,51,22,56,7,46,60,41,12,26
56,11,58,46,51,22,56,7,46,60,41,12,26,10
11,58,46,51,22,56,7,46,60,41,12,26,10,52
58,46,51,22,56,7,46,60,41,12,26,10,52,1
46,51,22,56,7,46,60,41,12,26,10,52,1,12
51,22,56,7,46,60,41,12,26,10,52,1,12,48
22,56,7,46,60,41,12,26,10,52,1,12,48,39
56,7,46,60,41,12,26,10,52,1,12,48,39,40
7,46,60,41,12,26,10,52,1,12,48,39,40,33
46,60,41,12,26,10,52,1,12,48,39,40,33,52
60,41,12,26,10,52,1,12,48,39,40,33,52,19
41,12,26,10,52,1,12,48,39,40,33,52,19,30
12,26,10,52,1,12,48,39,40,33,52,19,30,9
26,10,52,1,12,48,39,40,33,52,19,30,9,38
10,52,1,12,48,39,40,33,52,19,30,9,38,32
52,1,12,48,39,40,33,52,19,30,9,38,32,8
1,12,48,39,40,33,52,19,30,9,38,32,8,54
12,48,39,40,33,52,19,30,9,38,32,8,54,28
48,39,40,33,52,19,30,9,38,32,8,54,28,23
39,40,33,52,19,30,9,38,32,8,54,28,23,30
40,33,52,19,30,9,38,32,8,54,28,23,30,43
33,52,19,30,9,38,32,8,54,28,23,30,43,10
52,19,30,9,38,32,8,54,28,23,30,43,10,15
19,30,9,38,32,8,54,28,23,30,43,10,15,57
30,9,38,32,8,54,28,23,30,43,10,15,57,15
9,38,32,8,54,28,23,30,43,10,15,57,15,16
38,32,8,54,28,23,30,43,10,15,57,15,16,59
32,8,54,28,23,30,43,10,15,57,15,16,59,60
8,54,28,23,30,43,10,15,57,15,16,59,60,24
54,28,23,30,43,10,15,57,15,16,59,60,24,41
28,23,30,43,10,15,57,15,16,59,60,24,41,49
23,30,43,10,15,57,15,16,59,60,24,41,49,7
30,43,10,15,57,15,16,59,60,24,41,49,7,47
43,10,15,57,15,16,59,60,24,41,49,7,47,25
10,15,57,15,16,59,60,24,41,49,7,47,25,20
15,57,15,16,59,60,24,41,49,7,47,25,20,44
57,15,16,59,60,24,41,49,7,47,25,20,44,60
15,16,59,60,24,41,49,7,47,25,20,44,60,46
16,59,60,24,41,49,7,47,25,20,44,60,46,30
59,60,24,41,49,7,47,25,20,44,60,46,30,55
60,24,41,49,7,47,25,20,44,60,46,30,55,23
24,41,49,7,47,25,20,44,60,46,30,55,23,19
41,49,7,47,25,20,44,60,46,30,55,23,19,40
49,7,47,25,20,44,60,46,30,55,23,19,40,52
7,47,25,20,44,60,46,30,55,23,19,40,52,38
47,25,20,44,60,46,30,55,23,19,40,52,38,16
25,20,44,60,46,30,55,23,19,40,52,38,16,7
20,44,60,46,30,55,23,19,40,52,38,16,7,41
44,60,46,30,55,23,19,40,52,38,16,7,41,2
60,46,30,55,23,19,40,52,38,16,7,41,2,37
46,30,55,23,19,40,52,38,16,7,41,2,37,22
30,55,23,19,40,52,38,16,7,41,2,37,22,60
55,23,19,40,52,38,16,7,41,2,37,22,60,14
23,19,40,52,38,16,7,41,2,37,22,60,14,23
19,40,52,38,16,7,41,2,37,22,60,14,23,54
40,52,38,16,7,41,2,37,22,60,14,23,54,19
52,38,16,7,41,2,37,22,60,14,23,54,19,5
38,16,7,41,2,37,22,60,14,23,54,19,5,58
16,7,41,2,37,22,60,14,23,54,19,5,58,56
7,41,2,37,22,60,14,23,54,19,5,58,56,21
41,2,37,22,60,14,23,54,19,5,58,56,21,45
2,37,22,60,14,23,54,19,5,58,56,21,45,53
37,22,60,14,23,54,19,5,58,56,21,45,53,32
22,60,14,23,54,19,5,58,56,21,45,53,32,2
60,14,23,54,19,5,58,56,21,45,53,32,2,30
14,23,54,19,5,58,56,21,45,53,32,2,30,35
23,54,19,5,58,56,21,45,53,32,2,30,35,40
54,19,5,58,56,21,45,53,32,2,30,35,40,42
19,5,58,56,21,45,53,32,2,30,35,40,42,32
5,58,56,21,45,53,32,2,30,35,40,42,32,12
58,56,21,45,53,32,2,30,35,40,42,32,12,21
56,21,45,53,32,2,30,35,40,42,32,12,21,17
21,45,53,32,2,30,35,40,42,32,12,21,17,31
45,53,32,2,30,35,40,42,32,12,21,17,31,54
53,32,2,30,35,40,42,32,12,21,17,31,54,20
32,2,30,35,40,42,32,12,21,17,31,54,20,29
2,30,35,40,42,32,12,21,17,31,54,20,29,13
30,35,40,42,32,12,21,17,31,54,20,29,13,19
35,40,42,32,12,21,17,31,54,20,29,13,19,47
40,42,32,12,21,17,31,54,20,29,13,19,47,24
42,32,12,21,17,31,54,20,29,13,19,47,24,29
32,12,21,17,31,54,20,29,13,19,47,24,29,55
12,21,17,31,54,20,29,13,19,47,24,29,55,53
21,17,31,54,20,29,13,19,47,24,29,55,53,23
17,31,54,20,29,13,19,47,24,29,55,53,23,41
31,54,20,29,13,19,47,24,29,55,53,23,41,28
54,20,29,13,19,47,24,29,55,53,23,41,28,45
20,29,13,19,47,24,29,55,53,23,41,28,45,31
29,13,19,47,24,29,55,53,23,41,28,45,31,16
13,19,47,24,29,55,53,23,41,28,45,31,16,59
19,47,24,29,55,53,23,41,28,45,31,16,59,37
47,24,29,55,53,23,41,28,45,31,16,59,37,20
24,29,55,53,23,41,28,45,31,16,59,37,20,33
29,55,53,23,41,28,45,31,16,59,37,20,33,46
55,53,23,41,28,45,31,16,59,37,20,33,46,7
53,23,41,28,45,31,16,59,37,20,33,46,7,56
23,41,28,45,31,16,59,37,20,33,46,7,56,39
41,28,45,31,16,59,37,20,33,46,7,56,39,54
28,45,31,16,59,37,20,33,46,7,56,39,54,29
45,31,16,59,37,20,33,46,7,56,39,54,29,49
31,16,59,37,20,33,46,7,56,39,54,29,49,47
16,59,37,20,33,46,7,56,39,54,29,49,47,19
59,37,20,33,46,7,56,39,54,29,49,47,19,59
37,20,33,46,7,56,39,54,29,49,47,19,59,44
20,33,46,7,56,39,54,29,49,47,19,59,44,29
33,46,7,56,39,54,29,49,47,19,59,44,29,5
46,7,56,39,54,29,49,47,19,59,44,29,5,51
7,56,39,54,29,49,47,19,59,44,29,5,51,57
56,39,54,29,49,47,19,59,44,29,5,51,57,52
39,54,29,49,47,19,59,44,29,5,51,57,52,19
54,29,49,47,19,59,44,29,5,51,57,52,19,34
29,49,47,19,59,44,29,5,51,57,52,19,34,37
49,47,19,59,44,29,5,51,57,52,19,34,37,58
47,19,59,44,29,5,51,57,52,19,34,37,58,23
19,59,44,29,5,51,57,52,19,34,37,58,23,6
59,44,29,5,51,57,52,19,34,37,58,23,6,4
44,29,5,51,57,52,19,34,37,58,23,6,4,51
29,5,51,57,52,19,34,37,58,23,6,4,51,7
5,51,57,52,19,34,37,58,23,6,4,51,7,21
51,57,52,19,34,37,58,23,6,4,51,7,21,15
57,52,19,34,37,58,23,6,4,51,7,21,15,52
52,19,34,37,58,23,6,4,51,7,21,15,52,49
19,34,37,58,23,6,4,51,7,21,15,52,49,27
34,37,58,23,6,4,51,7,21,15,52,49,27,33
37,58,23,6,4,51,7,21,15,52,49,27,33,12
58,23,6,4,51,7,21,15,52,49,27,33,12,10
23,6,4,51,7,21,15,52,49,27,33,12,10,13
6,4,51,7,21,15,52,49,27,33,12,10,13,50
4,51,7,21,15,52,49,27,33,12,10,13,50,38
51,7,21,15,52,49,27,33,12,10,13,50,38,32
7,21,15,52,49,27,33,12,10,13,50,38,32,44
21,15,52,49,27,33,12,10,13,50,38,32,44,29
15,52,49,27,33,12,10,13,50,38,32,44,29,21
52,49,27,33,12,10,13,50,38,32,44,29,21,42
49,27,33,12,10,13,50,38,32,44,29,21,42,1
27,33,12,10,13,50,38,32,44,29,21,42,1,60
33,12,10,13,50,38,32,44,29,21,42,1,60,35
12,10,13,50,38,32,44,29,21,42,1,60,35,14
10,13,50,38,32,44,29,21,42,1,60,35,14,51
13,50,38,32,44,29,21,42,1,60,35,14,51,42
50,38,32,44,29,21,42,1,60,35,14,51,42,4
38,32,44,29,21,42,1,60,35,14,51,42,4,54
32,44,29,21,42,1,60,35,14,51,42,4,54,1
44,29,21,42,1,60,35,14,51,42,4,54,1,40
29,21,42,1,60,35,14,51,42,4,54,1,40,23
21,42,1,60,35,14,51,42,4,54,1,40,23,33
42,1,60,35,14,51,42,4,54,1,40,23,33,39
1,60,35,14,51,42,4,54,1,40,23,33,39,4
60,35,14,51,42,4,54,1,40,23,33,39,4,60
35,14,51,42,4,54,1,40,23,33,39,4,60,18
14,51,42,4,54,1,40,23,33,39,4,60,18,24
51,42,4,54,1,40,23,33,39,4,60,18,24,17
42,4,54,1,40,23,33,39,4,60,18,24,17,46
4,54,1,40,23,33,39,4,60,18,24,17,46,57
54,1,40,23,33,39,4,60,18,24,17,46,57,16
1,40,23,33,39,4,60,18,24,17,46,57,16,39
40,23,33,39,4,60,18,24,17,46,57,16,39,31
23,33,39,4,60,18,24,17,46,57,16,39,31,33
33,39,4,60,18,24,17,46,57,16,39,31,33,24
39,4,60,18,24,17,46,57,16,39,31,33,24,10
4,60,18,24,17,46,57,16,39,31,33,24,10,5
60,18,24,17,46,57,16,39,31,33,24,10,5,1
18,24,17,46,57,16,39,31,33,24,10,5,1,54
24,17,46,57,16,39,31,33,24,10,5,1,54,2
17,46,57,16,39,31,33,24,10,5,1,54,2,26
46,57,16,39,31,33,24,10,5,1,54,2,26,5
57,16,39,31,33,24,10,5,1,54,2,26,5,44
16,39,31,33,24,10,5,1,54,2,26,5,44,16
39,31,33,24,10,5,1,54,2,26,5,44,16,51
31,33,24,10,5,1,54,2,26,5,44,16,51,9
33,24,10,5,1,54,2,26,5,44,16,51,9,42
24,10,5,1,54,2,26,5,44,16,51,9,42,5
10,5,1,54,2,26,5,44,16,51,9,42,5,58
5,1,54,2,26,5,44,16,51,9,42,5,58,1
1,54,2,26,5,44,16,51,9,42,5,58,1,25
54,2,26,5,44,16,51,9,42,5,58,1,25,13
2,26,5,44,16,51,9,42,5,58,1,25,13,10
26,5,44,16,51,9,42,5,58,1,25,13,10,43
5,44,16,51,9,42,5,58,1,25,13,10,43,35
44,16,51,9,42,5,58,1,25,13,10,43,35,48
16,51,9,42,5,58,1,25,13,10,43,35,48,46
51,9,42,5,58,1,25,13,10,43,35,48,46,19
9,42,5,58,1,25,13,10,43,35,48,46,19,3
42,5,58,1,25,13,10,43,35,48,46,19,3,45
5,58,1,25,13,10,43,35,48,46,19,3,45,12
58,1,25,13,10,43,35,48,46,19,3,45,12,27
1,25,13,10,43,35,48,46,19,3,45,12,27,55
25,13,10,43,35,48,46,19,3,45,12,27,55,45
13,10,43,35,48,46,19,3,45,12,27,55,45,48
10,43,35,48,46,19,3,45,12,27,55,45,48,41
43,35,48,46,19,3,45,12,27,55,45,48,41,5
35,48,46,19,3,45,12,27,55,45,48,41,5,38
48,46,19,3,45,12,27,55,45,48,41,5,38,41
46,19,3,45,12,27,55,45,48,41,5,38,41,55
19,3,45,12,27,55,45,48,41,5,38,41,55,24
3,45,12,27,55,45,48,41,5,38,41,55,24,59
45,12,27,55,45,48,41,5,38,41,55,24,59,33
12,27,55,45,48,41,5,38,41,55,24,59,33,40
27,55,45,48,41,5,38,41,55,24,59,33,40,47
55,45,48,41,5,38,41,55,24,59,33,40,47,22
45,48,41,5,38,41,55,24,59,33,40,47,22,13
48,41,5,38,41,55,24,59,33,40,47,22,13,30
41,5,38,41,55,24,59,33,40,47,22,13,30,31
5,38,41,55,24,59,33,40,47,22,13,30,31,57
38,41,55,24,59,33,40,47,22,13,30,31,57,9
41,55,24,59,33,40,47,22,13,30,31,57,9,56
55,24,59,33,40,47,22,13,30,31,57,9,56,46
24,59,33,40,47,22,13,30,31,57,9,56,46,28
59,33,40,47,22,13,30,31,57,9,56,46,28,10
33,40,47,22,13,30,31,57,9,56,46,28,10,55
40,47,22,13,30,31,57,9,56,46,28,10,55,54
47,22,13,30,31,57,9,56,46,28,10,55,54,38
22,13,30,31,57,9,56,46,28,10,55,54,38,53
13,30,31,57,9,56,46,28,10,55,54,38,53,31
30,31,57,9,56,46,28,10,55,54,38,53,31,37
31,57,9,56,46,28,10,55,54,38,53,31,37,34
57,9,56,46,28,10,55,54,38,53,31,37,34,48
9,56,46,28,10,55,54,38,53,31,37,34,48,22
56,46,28,10,55,54,38,53,31,37,34,48,22,53
46,28,10,55,54,38,53,31,37,34,48,22,53,56
28,10,55,54,38,53,31,37,34,48,22,53,56,50
10,55,54,38,53,31,37,34,48,22,53,56,50,14
55,54,38,53,31,37,34,48,22,53,56,50,14,28
54,38,53,31,37,34,48,22,53,56,50,14,28,50
38,53,31,37,34,48,22,53,56,50,14,28,50,47
53,31,37,34,48,22,53,56,50,14,28,50,47,24
31,37,34,48,22,53,56,50,14,28,50,47,24,40
37,34,48,22,53,56,50,14,28,50,47,24,40,52
34,48,22,53,56,50,14,28,50,47,24,40,52,22
48,22,53,56,50,14,28,50,47,24,40,52,22,12
22,53,56,50,14,28,50,47,24,40,52,22,12,24
53,56,50,14,28,50,47,24,40,52,22,12,24,18
56,50,14,28,50,47,24,40,52,22,12,24,18,5
50,14,28,50,47,24,40,52,22,12,24,18,5,16
14,28,50,47,24,40,52,22,12,24,18,5,16,39
28,50,47,24,40,52,22,12,24,18,5,16,39,54
50,47,24,40,52,22,12,24,18,5,16,39,54,43
47,24,40,52,22,12,24,18,5,16,39,54,43,36
24,40,52,22,12,24,18,5,16,39,54,43,36,17
40,52,22,12,24,18,5,16,39,54,43,36,17,35
52,22,12,24,18,5,16,39,54,43,36,17,35,29
22,12,24,18,5,16,39,54,43,36,17,35,29,28
12,24,18,5,16,39,54,43,36,17,35,29,28,48
24,18,5,16,39,54,43,36,17,35,29,28,48,47
18,5,16,39,54,43,36,17,35,29,28,48,47,43
5,16,39,54,43,36,17,35,29,28,48,47,43,22
16,39,54,43,36,17,35,29,28,48,47,43,22,52
39,54,43,36,17,35,29,28,48,47,43,22,52,48
54,43,36,17,35,29,28,48,47,43,22,52,48,53
43,36,17,35,29,28,48,47,43,22,52,48,53,58
36,17,35,29,28,48,47,43,22,52,48,53,58,23
17,35,29,28,48,47,43,22,52,48,53,58,23,36
35,29,28,48,47,43,22,52,48,53,58,23,36,46
29,28,48,47,43,22,52,48,53,58,23,36,46,14
28,48,47,43,22,52,48,53,58,23,36,46,14,54
48,47,43,22,52,48,53,58,23,36,46,14,54,18
47,43,22,52,48,53,58,23,36,46,14,54,18,43
43,22,52,48,53,58,23,36,46,14,54,18,43,5
22,52,48,53,58,23,36,46,14,54,18,43,5,7
52,48,53,58,23,36,46,14,54,18,43,5,7,22
48,53,58,23,36,46,14,54,18,43,5,7,22,34
53,58,23,36,46,14,54,18,43,5,7,22,34,12
58,23,36,46,14,54,18,43,5,7,22,34,12,38
23,36,46,14,54,18,43,5,7,22,34,12,38,53
36,46,14,54,18,43,5,7,22,34,12,38,53,7
46,14,54,18,43,5,7,22,34,12,38,53,7,15
14,54,18,43,5,7,22,34,12,38,53,7,15,35
54,18,43,5,7,22,34,12,38,53,7,15,35,16
18,43,5,7,22,34,12,38,53,7,15,35,16,40
43,5,7,22,34,12,38,53,7,15,35,16,40,4
5,7,22,34,12,38,53,7,15,35,16,40,4,49
7,22,34,12,38,53,7,15,35,16,40,4,49,47
22,34,12,38,53,7,15,35,16,40,4,49,47,39
34,12,38,53,7,15,35,16,40,4,49,47,39,31
12,38,53,7,15,35,16,40,4,49,47,39,31,15
38,53,7,15,35,16,40,4,49,47,39,31,15,23
53,7,15,35,16,40,4,49,47,39,31,15,23,12
7,15,35,16,40,4,49,47,39,31,15,23,12,50
15,35,16,40,4,49,47,39,31,15,23,12,50,36
35,16,40,4,49,47,39,31,15,23,12,50,36,6
16,40,4,49,47,39,31,15,23,12,50,36,6,35
40,4,49,47,39,31,15,23,12,50,36,6,35,40
4,49,47,39,31,15,23,12,50,36,6,35,40,15
49,47,39,31,15,23,12,50,36,6,35,40,15,49
47,39,31,15,23,12,50,36,6,35,40,15,49,42
39,31,15,23,12,50,36,6,35,40,15,49,42,5
31,15,23,12,50,36,6,35,40,15,49,42,5,45
15,23,12,50,36,6,35,40,15,49,42,5,45,35
23,12,50,36,6,35,40,15,49,42,5,45,35,11
12,50,36,6,35,40,15,49,42,5,45,35,11,58
50,36,6,35,40,15,49,42,5,45,35,11,58,31
36,6,35,40,15,49,42,5,45,35,11,58,31,14
6,35,40,15,49,42,5,45,35,11,58,31,14,10
35,40,15,49,42,5,45,35,11,58,31,14,10,20
40,15,49,42,5,45,35,11,58,31,14,10,20,47
15,49,42,5,45,35,11,58,31,14,10,20,47,18
49,42,5,45,35,11,58,31,14,10,20,47,18,6
42,5,45,35,11,58,31,14,10,20,47,18,6,45
5,45,35,11,58,31,14,10,20,47,18,6,45,34
45,35,11,58,31,14,10,20,47,18,6,45,34,42
35,11,58,31,14,10,20,47,18,6,45,34,42,32
11,58,31,14,10,20,47,18,6,45,34,42,32,24
58,31,14,10,20,47,18,6,45,34,42,32,24,2
31,14,10,20,47,18,6,45,34,42,32,24,2,5
14,10,20,47,18,6,45,34,42,32,24,2,5,1
10,20,47,18,6,45,34,42,32,24,2,5,1,46
20,47,18,6,45,34,42,32,24,2,5,1,46,28
47,18,6,45,34,42,32,24,2,5,1,46,28,7
18,6,45,34,42,32,24,2,5,1,46,28,7,16
6,45,34,42,32,24,2,5,1,46,28,7,16,37
45,34,42,32,24,2,5,1,46,28,7,16,37,36
34,42,32,24,2,5,1,46,28,7,16,37,36,22
42,32,24,2,5,1,46,28,7,16,37,36,22,59
32,24,2,5,1,46,28,7,16,37,36,22,59,55
24,2,5,1,46,28,7,16,37,36,22,59,55,16
2,5,1,46,28,7,16,37,36,22,59,55,16,27
5,1,46,28,7,16,37,36,22,59,55,16,27,47
1,46,28,7,16,37,36,22,59,55,16,27,47,11
46,28,7,16,37,36,22,59,55,16,27,47,11,29
28,7,16,37,36,22,59,55,16,27,47,11,29,59
7,16,37,36,22,59,55,16,27,47,11,29,59,13
16,37,36,22,59,55,16,27,47,11,29,59,13,10
37,36,22,59,55,16,27,47,11,29,59,13,10,54
36,22,59,55,16,27,47,11,29,59,13,10,54,28
22,59,55,16,27,47,11,29,59,13,10,54,28,50
59,55,16,27,47,11,29,59,13,10,54,28,50,18
55,16,27,47,11,29,59,13,10,54,28,50,18,44
16,27,47,11,29,59,13,10,54,28,50,18,44,53
27,47,11,29,59,13,10,54,28,50,18,44,53,11
47,11,29,59,13,10,54,28,50,18,44,53,11,43
11,29,59,13,10,54,28,50,18,44,53,11,43,27
29,59,13,10,54,28,50,18,44,53,11,43,27,43
59,13,10,54,28,50,18,44,53,11,43,27,43,58
13,10,54,28,50,18,44,53,11,43,27,43,58,5
10,54,28,50,18,44,53,11,43,27,43,58,5,16
54,28,50,18,44,53,11,43,27,43,58,5,16,56
28,50,18,44,53,11,43,27,43,58,5,16,56,46
50,18,44,53,11,43,27,43,58,5,16,56,46,31
18,44,53,11,43,27,43,58,5,16,56,46,31,7
44,53,11,43,27,43,58,5,16,56,46,31,7,16
53,11,43,27,43,58,5,16,56,46,31,7,16,60
11,43,27,43,58,5,16,56,46,31,7,16,60,27
43,27,43,58,5,16,56,46,31,7,16,60,27,24
27,43,58,5,16,56,46,31,7,16,60,27,24,38
43,58,5,16,56,46,31,7,16,60,27,24,38,58
58,5,16,56,46,31,7,16,60,27,24,38,58,1
5,16,56,46,31,7,16,60,27,24,38,58,1,40
16,56,46,31,7,16,60,27,24,38,58,1,40,28
56,46,31,7,16,60,27,24,38,58,1,40,28,57
46,31,7,16,60,27,24,38,58,1,40,28,57,60
31,7,16,60,27,24,38,58,1,40,28,57,60,34
7,16,60,27,24,38,58,1,40,28,57,60,34,24
16,60,27,24,38,58,1,40,28,57,60,34,24,29
60,27,24,38,58,1,40,28,57,60,34,24,29,47
27,24,38,58,1,40,28,57,60,34,24,29,47,47
24,38,58,1,40,28,57,60,34,24,29,47,47,32
38,58,1,40,28,57,60,34,24,29,47,47,32,48
58,1,40,28,57,60,34,24,29,47,47,32,48,12
1,40,28,57,60,34,24,29,47,47,32,48,12,38
40,28,57,60,34,24,29,47,47,32,48,12,38,2
28,57,60,34,24,29,47,47,32,48,12,38,2,49
57,60,34,24,29,47,47,32,48,12,38,2,49,2
60,34,24,29,47,47,32,48,12,38,2,49,2,18
34,24,29,47,47,32,48,12,38,2,49,2,18,51
24,29,47,47,32,48,12,38,2,49,2,18,51,22
29,47,47,32,48,12,38,2,49,2,18,51,22,57
47,47,32,48,12,38,2,49,2,18,51,22,57,49
47,32,48,12,38,2,49,2,18,51,22,57,49,44
32,48,12,38,2,49,2,18,51,22,57,49,44,33
48,12,38,2,49,2,18,51,22,57,49,44,33,28
12,38,2,49,2,18,51,22,57,49,44,33,28,56
38,2,49,2,18,51,22,57,49,44,33,28,56,14
2,49,2,18,51,22,57,49,44,33,28,56,14,26
49,2,18,51,22,57,49,44,33,28,56,14,26,49
2,18,51,22,57,49,44,33,28,56,14,26,49,25
18,51,22,57,49,44,33,28,56,14,26,49,25,18
51,22,57,49,44,33,28,56,14,26,49,25,18,31
22,57,49,44,33,28,56,14,26,49,25,18,31,34
57,49,44,33,28,56,14,26,49,25,18,31,34,31
49,44,33,28,56,14,26,49,25,18,31,34,31,55
44,33,28,56,14,26,49,25,18,31,34,31,55,36
33,28,56,14,26,49,25,18,31,34,31,55,36,24
28,56,14,26,49,25,18,31,34,31,55,36,24,8
56,14,26,49,25,18,31,34,31,55,36,24,8,38
14,26,49,25,18,31,34,31,55,36,24,8,38,10
26,49,25,18,31,34,31,55,36,24,8,38,10,56
49,25,18,31,34,31,55,36,24,8,38,10,56,12
25,18,31,34,31,55,36,24,8,38,10,56,12,31
18,31,34,31,55,36,24,8,38,10,56,12,31,45
31,34,31,55,36,24,8,38,10,56,12,31,45,38
34,31,55,36,24,8,38,10,56,12,31,45,38,45
31,55,36,24,8,38,10,56,12,31,45,38,45,5
55,36,24,8,38,10,56,12,31,45,38,45,5,14
36,24,8,38,10,56,12,31,45,38,45,5,14,21
24,8,38,10,56,12,31,45,38,45,5,14,21,59
8,38,10,56,12,31,45,38,45,5,14,21,59,12
38,10,56,12,31,45,38,45,5,14,21,59,12,35
10,56,12,31,45,38,45,5,14,21,59,12,35,53
56,12,31,45,38,45,5,14,21,59,12,35,53,29
12,31,45,38,45,5,14,21,59,12,35,53,29,33
31,45,38,45,5,14,21,59,12,35,53,29,33,2
45,38,45,5,14,21,59,12,35,53,29,33,2,4
38,45,5,14,21,59,12,35,53,29,33,2,4,35
45,5,14,21,59,12,35,53,29,33,2,4,35,26
5,14,21,59,12,35,53,29,33,2,4,35,26,58
14,21,59,12,35,53,29,33,2,4,35,26,58,52
21,59,12,35,53,29,33,2,4,35,26,58,52,45
59,12,35,53,29,33,2,4,35,26,58,52,45,16
12,35,53,29,33,2,4,35,26,58,52,45,16,38
35,53,29,33,2,4,35,26,58,52,45,16,38,44
53,29,33,2,4,35,26,58,52,45,16,38,44,4
29,33,2,4,35,26,58,52,45,16,38,44,4,1
33,2,4,35,26,58,52,45,16,38,44,4,1,27
2,4,35,26,58,52,45,16,38,44,4,1,27,42
4,35,26,58,52,45,16,38,44,4,1,27,42,13
35,26,58,52,45,16,38,44,4,1,27,42,13,1
26,58,52,45,16,38,44,4,1,27,42,13,1,23
58,52,45,16,38,44,4,1,27,42,13,1,23,56
52,45,16,38,44,4,1,27,42,13,1,23,56,54
45,16,38,44,4,1,27,42,13,1,23,56,54,33
16,38,44,4,1,27,42,13,1,23,56,54,33,25
38,44,4,1,27,42,13,1,23,56,54,33,25,7
44,4,1,27,42,13,1,23,56,54,33,25,7,12
4,1,27,42,13,1,23,56,54,33,25,7,12,21
1,27,42,13,1,23,56,54,33,25,7,12,21,42
27,42,13,1,23,56,54,33,25,7,12,21,42,34
42,13,1,23,56,54,33,25,7,12,21,42,34,45
13,1,23,56,54,33,25,7,12,21,42,34,45,8
1,23,56,54,33,25,7,12,21,42,34,45,8,32
23,56,54,33,25,7,12,21,42,34,45,8,32,49
56,54,33,25,7,12,21,42,34,45,8,32,49,15
54,33,25,7,12,21,42,34,45,8,32,49,15,52
33,25,7,12,21,42,34,45,8,32,49,15,52,41
25,7,12,21,42,34,45,8,32,49,15,52,41,42
7,12,21,42,34,45,8,32,49,15,52,41,42,52
12,21,42,34,45,8,32,49,15,52,41,42,52,53
21,42,34,45,8,32,49,15,52,41,42,52,53,16
42,34,45,8,32,49,15,52,41,42,52,53,16,9
34,45,8,32,49,15,52,41,42,52,53,16,9,43
45,8,32,49,15,52,41,42,52,53,16,9,43,12
8,32,49,15,52,41,42,52,53,16,9,43,12,59
32,49,15,52,41,42,52,53,16,9,43,12,59,30
49,15,52,41,42,52,53,16,9,43,12,59,30,57
15,52,41,42,52,53,16,9,43,12,59,30,57,29
52,41,42,52,53,16,9,43,12,59,30,57,29,38
41,42,52,53,16,9,43,12,59,30,57,29,38,45
42,52,53,16,9,43,12,59,30,57,29,38,45,35
52,53,16,9,43,12,59,30,57,29,38,45,35,37
53,16,9,43,12,59,30,57,29,38,45,35,37,5
16,9,43,12,59,30,57,29,38,45,35,37,5,51
9,43,12,59,30,57,29,38,45,35,37,5,51,60
43,12,59,30,57,29,38,45,35,37,5,51,60,12
12,59,30,57,29,38,45,35,37,5,51,60,12,56
59,30,57,29,38,45,35,37,5,51,60,12,56,37
30,57,29,38,45,35,37,5,51,60,12,56,37,55
57,29,38,45,35,37,5,51,60,12,56,37,55,43
29,38,45,35,37,5,51,60,12,56,37,55,43,8
38,45,35,37,5,51,60,12,56,37,55,43,8,22
45,35,37,5,51,60,12,56,37,55,43,8,22,33
35,37,5,51,60,12,56,37,55,43,8,22,33,40
37,5,51,60,12,56,37,55,43,8,22,33,40,32
5,51,60,12,56,37,55,43,8,22,33,40,32,53
51,60,12,56,37,55,43,8,22,33,40,32,53,29
60,12,56,37,55,43,8,22,33,40,32,53,29,36
12,56,37,55,43,8,22,33,40,32,53,29,36,27
56,37,55,43,8,22,33,40,32,53,29,36,27,18
37,55,43,8,22,33,40,32,53,29,36,27,18,59
55,43,8,22,33,40,32,53,29,36,27,18,59,46
43,8,22,33,40,32,53,29,36,27,18,59,46,6
8,22,33,40,32,53,29,36,27,18,59,46,6,16
22,33,40,32,53,29,36,27,18,59,46,6,16,10
33,40,32,53,29,36,27,18,59,46,6,16,10,34
40,32,53,29,36,27,18,59,46,6,16,10,34,47
32,53,29,36,27,18,59,46,6,16,10,34,47,42
53,29,36,27,18,59,46,6,16,10,34,47,42,7
29,36,27,18,59,46,6,16,10,34,47,42,7,32
36,27,18,59,46,6,16,10,34,47,42,7,32,54
27,18,59,46,6,16,10,34,47,42,7,32,54,50
18,59,46,6,16,10,34,47,42,7,32,54,50,30
59,46,6,16,10,34,47,42,7,32,54,50,30,37
46,6,16,10,34,47,42,7,32,54,50,30,37,51
6,16,10,34,47,42,7,32,54,50,30,37,51,13
16,10,34,47,42,7,32,54,50,30,37,51,13,43
10,34,47,42,7,32,54,50,30,37,51,13,43,24
34,47,42,7,32,54,50,30,37,51,13,43,24,3
47,42,7,32,54,50,30,37,51,13,43,24,3,14
42,7,32,54,50,30,37,51,13,43,24,3,14,60
7,32,54,50,30,37,51,13,43,24,3,14,60,8
32,54,50,30,37,51,13,43,24,3,14,60,8,32
54,50,30,37,51,13,43,24,3,14,60,8,32,28
50,30,37,51,13,43,24,3,14,60,8,32,28,46
30,37,51,13,43,24,3,14,60,8,32,28,46,30
37,51,13,43,24,3,14,60,8,32,28,46,30,55
51,13,43,24,3,14,60,8,32,28,46,30,55,32
13,43,24,3,14,60,8,32,28,46,30,55,32,17
43,24,3,14,60,8,32,28,46,30,55,32,17,36
24,3,14,60,8,32,28,46,30,55,32,17,36,26
3,14,60,8,32,28,46,30,55,32,17,36,26,43
14,60,8,32,28,46,30,55,32,17,36,26,43,50
60,8,32,28,46,30,55,32,17,36,26,43,50,21
8,32,28,46,30,55,32,17,36,26,43,50,21,10
32,28,46,30,55,32,17,36,26,43,50,21,10,25
28,46,30,55,32,17,36,26,43,50,21,10,25,38
46,30,55,32,17,36,26,43,50,21,10,25,38,8
30,55,32,17,36,26,43,50,21,10,25,38,8,58
55,32,17,36,26,43,50,21,10,25,38,8,58,26
32,17,36,26,43,50,21,10,25,38,8,58,26,40
17,36,26,43,50,21,10,25,38,8,58,26,40,37
36,26,43,50,21,10,25,38,8,58,26,40,37,47
26,43,50,21,10,25,38,8,58,26,40,37,47,52
43,50,21,10,25,38,8,58,26,40,37,47,52,50
50,21,10,25,38,8,58,26,40,37,47,52,50,17
21,10,25,38,8,58,26,40,37,47,52,50,17,13
10,25,38,8,58,26,40,37,47,52,50,17,13,27
25,38,8,58,26,40,37,47,52,50,17,13,27,4
38,8,58,26,40,37,47,52,50,17,13,27,4,39
8,58,26,40,37,47,52,50,17,13,27,4,39,36
58,26,40,37,47,52,50,17,13,27,4,39,36,17
26,40,37,47,52,50,17,13,27,4,39,36,17,28
40,37,47,52,50,17,13,27,4,39,36,17,28,16
37,47,52,50,17,13,27,4,39,36,17,28,16,54
47,52,50,17,13,27,4,39,36,17,28,16,54,30
52,50,17,13,27,4,39,36,17,28,16,54,30,24
50,17,13,27,4,39,36,17,28,16,54,30,24,17
17,13,27,4,39,36,17,28,16,54,30,24,17,4
13,27,4,39,36,17,28,16,54,30,24,17,4,54
27,4,39,36,17,28,16,54,30,24,17,4,54,30
4,39,36,17,28,16,54,30,24,17,4,54,30,10
39,36,17,28,16,54,30,24,17,4,54,30,10,37
36,17,28,16,54,30,24,17,4,54,30,10,37,11
17,28,16,54,30,24,17,4,54,30,10,37,11,17
28,16,54,30,24,17,4,54,30,10,37,11,17,31
16,54,30,24,17,4,54,30,10,37,11,17,31,43
54,30,24,17,4,54,30,10,37,11,17,31,43,10
30,24,17,4,54,30,10,37,11,17,31,43,10,1
24,17,4,54,30,10,37,11,17,31,43,10,1,6
17,4,54,30,10,37,11,17,31,43,10,1,6,57
4,54,30,10,37,11,17,31,43,10,1,6,57,29
54,30,10,37,11,17,31,43,10,1,6,57,29,48
30,10,37,11,17,31,43,10,1,6,57,29,48,7
10,37,11,17,31,43,10,1,6,57,29,48,7,54
37,11,17,31,43,10,1,6,57,29,48,7,54,10
11,17,31,43,10,1,6,57,29,48,7,54,10,59
17,31,43,10,1,6,57,29,48,7,54,10,59,44
31,43,10,1,6,57,29,48,7,54,10,59,44,30
43,10,1,6,57,29,48,7,54,10,59,44,30,7
10,1,6,57,29,48,7,54,10,59,44,30,7,38
1,6,57,29,48,7,54,10,59,44,30,7,38,48
6,57,29,48,7,54,10,59,44,30,7,38,48,14
57,29,48,7,54,10,59,44,30,7,38,48,14,3
29,48,7,54,10,59,44,30,7,38,48,14,3,11
48,7,54,10,59,44,30,7,38,48,14,3,11,5
7,54,10,59,44,30,7,38,48,14,3,11,5,42
54,10,59,44,30,7,38,48,14,3,11,5,42,13
10,59,44,30,7,38,48,14,3,11,5,42,13,20
59,44,30,7,38,48,14,3,11,5,42,13,20,29
44,30,7,38,48,14,3,11,5,42,13,20,29,43
30,7,38,48,14,3,11,5,42,13,20,29,43,57
7,38,48,14,3,11,5,42,13,20,29,43,57,46
38,48,14,3,11,5,42,13,20,29,43,57,46,23
48,14,3,11,5,42,13,20,29,43,57,46,23,30
14,3,11,5,42,13,20,29,43,57,46,23,30,47
3,11,5,42,13,20,29,43,57,46,23,30,47,5
11,5,42,13,20,29,43,57,46,23,30,47,5,3
5,42,13,20,29,43,57,46,23,30,47,5,3,2
42,13,20,29,43,57,46,23,30,47,5,3,2,15
13,20,29,43,57,46,23,30,47,5,3,2,15,58
20,29,43,57,46,23,30,47,5,3,2,15,58,10
29,43,57,46,23,30,47,5,3,2,15,58,10,59
43,57,46,23,30,47,5,3,2,15,58,10,59,21
57,46,23,30,47,5,3,2,15,58,10,59,21,15
46,23,30,47,5,3,2,15,58,10,59,21,15,31
23,30,47,5,3,2,15,58,10,59,21,15,31,23
30,47,5,3,2,15,58,10,59,21,15,31,23,6
47,5,3,2,15,58,10,59,21,15,31,23,6,59
5,3,2,15,58,10,59,21,15,31,23,6,59,37
3,2,15,58,10,59,21,15,31,23,6,59,37,11
2,15,58,10,59,21,15,31,23,6,59,37,11,36
15,58,10,59,21,15,31,23,6,59,37,11,36,17
58,10,59,21,15,31,23,6,59,37,11,36,17,26
10,59,21,15,31,23,6,59,37,11,36,17,26,52
59,21,15,31,23,6,59,37,11,36,17,26,52,48
21,15,31,23,6,59,37,11,36,17,26,52,48,48
15,31,23,6,59,37,11,36,17,26,52,48,48,52
31,23,6,59,37,11,36,17,26,52,48,48,52,57
23,6,59,37,11,36,17,26,52,48,48,52,57,24
6,59,37,11,36,17,26,52,48,48,52,57,24,3
59,37,11,36,17,26,52,48,48,52,57,24,3,33
37,11,36,17,26,52,48,48,52,57,24,3,33,31
11,36,17,26,52,48,48,52,57,24,3,33,31,50
36,17,26,52,48,48,52,57,24,3,33,31,50,7
17,26,52,48,48,52,57,24,3,33,31,50,7,53
26,52,48,48,52,57,24,3,33,31,50,7,53,32
52,48,48,52,57,24,3,33,31,50,7,53,32,20
48,48,52,57,24,3,33,31,50,7,53,32,20,11
48,52,57,24,3,33,31,50,7,53,32,20,11,20
52,57,24,3,33,31,50,7,53,32,20,11,20,8
57,24,3,33,31,50,7,53,32,20,11,20,8,47
24,3,33,31,50,7,53,32,20,11,20,8,47,12
3,33,31,50,7,53,32,20,11,20,8,47,12,17
33,31,50,7,53,32,20,11,20,8,47,12,17,24
31,50,7,53,32,20,11,20,8,47,12,17,24,55
50,7,53,32,20,11,20,8,47,12,17,24,55,15
7,53,32,20,11,20,8,47,12,17,24,55,15,33
53,32,20,11,20,8,47,12,17,24,55,15,33,25
32,20,11,20,8,47,12,17,24,55,15,33,25,42
20,11,20,8,47,12,17,24,55,15,33,25,42,5
11,20,8,47,12,17,24,55,15,33,25,42,5,3
20,8,47,12,17,24,55,15,33,25,42,5,3,52
8,47,12,17,24,55,15,33,25,42,5,3,52,45
47,12,17,24,55,15,33,25,42,5,3,52,45,9
12,17,24,55,15,33,25,42,5,3,52,45,9,51
17,24,55,15,33,25,42,5,3,52,45,9,51,34
24,55,15,33,25,42,5,3,52,45,9,51,34,56
55,15,33,25,42,5,3,52,45,9,51,34,56,24
15,33,25,42,5,3,52,45,9,51,34,56,24,1
33,25,42,5,3,52,45,9,51,34,56,24,1,49
25,42,5,3,52,45,9,51,34,56,24,1,49,8
42,5,3,52,45,9,51,34,56,24,1,49,8,59
5,3,52,45,9,51,34,56,24,1,49,8,59,51
3,52,45,9,51,34,56,24,1,49,8,59,51,13
52,45,9,51,34,56,24,1,49,8,59,51,13,1
45,9,51,34,56,24,1,49,8,59,51,13,1,9
9,51,34,56,24,1,49,8,59,51,13,1,9,50
51,34,56,24,1,49,8,59,51,13,1,9,50,23
34,56,24,1,49,8,59,51,13,1,9,50,23,18
56,24,1,49,8,59,51,13,1,9,50,23,18,31
24,1,49,8,59,51,13,1,9,50,23,18,31,17
1,49,8,59,51,13,1,9,50,23,18,31,17,53
49,8,59,51,13,1,9,50,23,18,31,17,53,28
8,59,51,13,1,9,50,23,18,31,17,53,28,54
59,51,13,1,9,50,23,18,31,17,53,28,54,11
51,13,1,9,50,23,18,31,17,53,28,54,11,51
13,1,9,50,23,18,31,17,53,28,54,11,51,16
1,9,50,23,18,31,17,53,28,54,11,51,16,36
9,50,23,18,31,17,53,28,54,11,51,16,36,30
50,23,18,31,17,53,28,54,11,51,16,36,30,58
23,18,31,17,53,28,54,11,51,16,36,30,58,52
18,31,17,53,28,54,11,51,16,36,30,58,52,8
31,17,53,28,54,11,51,16,36,30,58,52,8,34
17,53,28,54,11,51,16,36,30,58,52,8,34,20
53,28,54,11,51,16,36,30,58,52,8,34,20,23
28,54,11,51,16,36,30,58,52,8,34,20,23,4
54,11,51,16,36,30,58,52,8,34,20,23,4,17
11,51,16,36,30,58,52,8,34,20,23,4,17,42
51,16,36,30,58,52,8,34,20,23,4,17,42,56
16,36,30,58,52,8,34,20,23,4,17,42,56,46
36,30,58,52,8,34,20,23,4,17,42,56,46,24
30,58,52,8,34,20,23,4,17,42,56,46,24,50
58,52,8,34,20,23,4,17,42,56,46,24,50,15
52,8,34,20,23,4,17,42,56,46,24,50,15,17
8,34,20,23,4,17,42,56,46,24,50,15,17,2
34,20,23,4,17,42,56,46,24,50,15,17,2,14
20,23,4,17,42,56,46,24,50,15,17,2,14,59
23,4,17,42,56,46,24,50,15,17,2,14,59,17
4,17,42,56,46,24,50,15,17,2,14,59,17,40
17,42,56,46,24,50,15,17,2,14,59,17,40,22
42,56,46,24,50,15,17,2,14,59,17,40,22,27
56,46,24,50,15,17,2,14,59,17,40,22,27,33
46,24,50,15,17,2,14,59,17,40,22,27,33,3
24,50,15,17,2,14,59,17,40,22,27,33,3,48
50,15,17,2,14,59,17,40,22,27,33,3,48,15
15,17,2,14,59,17,40,22,27,33,3,48,15,24
17,2,14,59,17,40,22,27,33,3,48,15,24,27
2,14,59,17,40,22,27,33,3,48,15,24,27,17
14,59,17,40,22,27,33,3,48,15,24,27,17,32
59,17,40,22,27,33,3,48,15,24,27,17,32,43
17,40,22,27,33,3,48,15,24,27,17,32,43,53
40,22,27,33,3,48,15,24,27,17,32,43,53,13
22,27,33,3,48,15,24,27,17,32,43,53,13,32
27,33,3,48,15,24,27,17,32,43,53,13,32,34
33,3,48,15,24,27,17,32,43,53,13,32,34,24
3,48,15,24,27,17,32,43,53,13,32,34,24,43
48,15,24,27,17,32,43,53,13,32,34,24,43,17
15,24,27,17,32,43,53,13,32,34,24,43,17,8
24,27,17,32,43,53,13,32,34,24,43,17,8,15
27,17,32,43,53,13,32,34,24,43,17,8,15,49
17,32,43,53,13,32,34,24,43,17,8,15,49,39
32,43,53,13,32,34,24,43,17,8,15,49,39,19
43,53,13,32,34,24,43,17,8,15,49,39,19,55
53,13,32,34,24,43,17,8,15,49,39,19,55,30
13,32,34,24,43,17,8,15,49,39,19,55,30,23
32,34,24,43,17,8,15,49,39,19,55,30,23,37
34,24,43,17,8,15,49,39,19,55,30,23,37,49
24,43,17,8,15,49,39,19,55,30,23,37,49,30
43,17,8,15,49,39,19,55,30,23,37,49,30,17
17,8,15,49,39,19,55,30,23,37,49,30,17,20
8,15,49,39,19,55,30,23,37,49,30,17,20,29
15,49,39,19,55,30,23,37,49,30,17,20,29,15
49,39,19,55,30,23,37,49,30,17,20,29,15,60
39,19,55,30,23,37,49,30,17,20,29,15,60,27
19,55,30,23,37,49,30,17,20,29,15,60,27,48
55,30,23,37,49,30,17,20,29,15,60,27,48,17
30,23,37,49,30,17,20,29,15,60,27,48,17,19
23,37,49,30,17,20,29,15,60,27,48,17,19,26
37,49,30,17,20,29,15,60,27,48,17,19,26,22
49,30,17,20,29,15,60,27,48,17,19,26,22,7
30,17,20,29,15,60,27,48,17,19,26,22,7,18
17,20,29,15,60,27,48,17,19,26,22,7,18,2
20,29,15,60,27,48,17,19,26,22,7,18,2,45
29,15,60,27,48,17,19,26,22,7,18,2,45,3
15,60,27,48,17,19,26,22,7,18,2,45,3,53
60,27,48,17,19,26,22,7,18,2,45,3,53,6
27,48,17,19,26,22,7,18,2,45,3,53,6,33
48,17,19,26,22,7,18,2,45,3,53,6,33,45
17,19,26,22,7,18,2,45,3,53,6,33,45,38
19,26,22,7,18,2,45,3,53,6,33,45,38,24
26,22,7,18,2,45,3,53,6,33,45,38,24,50
22,7,18,2,45,3,53,6,33,45,38,24,50,46
7,18,2,45,3,53,6,33,45,38,24,50,46,31
18,2,45,3,53,6,33,45,38,24,50,46,31,1
2,45,3,53,6,33,45,38,24,50,46,31,1,57
45,3,53,6,33,45,38,24,50,46,31,1,57,22
3,53,6,33,45,38,24,50,46,31,1,57,22,51
53,6,33,45,38,24,50,46,31,1,57,22,51,28
6,33,45,38,24,50,46,31,1,57,22,51,28,16
33,45,38,24,50,46,31,1,57,22,51,28,16,45
45,38,24,50,46,31,1,57,22,51,28,16,45,29
38,24,50,46,31,1,57,22,51,28,16,45,29,30
24,50,46,31,1,57,22,51,28,16,45,29,30,11
50,46,31,1,57,22,51,28,16,45,29,30,11,38
46,31,1,57,22,51,28,16,45,29,30,11,38,21
31,1,57,22,51,28,16,45,29,30,11,38,21,8
1,57,22,51,28,16,45,29,30,11,38,21,8,22
57,22,51,28,16,45,29,30,11,38,21,8,22,18
22,51,28,16,45,29,30,11,38,21,8,22,18,60
51,28,16,45,29,30,11,38,21,8,22,18,60,23
28,16,45,29,30,11,38,21,8,22,18,60,23,6
16,45,29,30,11,38,21,8,22,18,60,23,6,25
45,29,30,11,38,21,8,22,18,60,23,6,25,39
29,30,11,38,21,8,22,18,60,23,6,25,39,51
30,11,38,21,8,22,18,60,23,6,25,39,51,5
11,38,21,8,22,18,60,23,6,25,39,51,5,29
38,21,8,22,18,60,23,6,25,39,51,5,29,47
21,8,22,18,60,23,6,25,39,51,5,29,47,42
8,22,18,60,23,6,25,39,51,5,29,47,42,21
22,18,60,23,6,25,39,51,5,29,47,42,21,13
18,60,23,6,25,39,51,5,29,47,42,21,13,26
60,23,6,25,39,51,5,29,47,42,21,13,26,51
23,6,25,39,51,5,29,47,42,21,13,26,51,58
6,25,39,51,5,29,47,42,21,13,26,51,58,23
25,39,51,5,29,47,42,21,13,26,51,58,23,11
39,51,5,29,47,42,21,13,26,51,58,23,11,8
51,5,29,47,42,21,13,26,51,58,23,11,8,37
5,29,47,42,21,13,26,51,58,23,11,8,37,51
29,47,42,21,13,26,51,58,23,11,8,37,51,59
47,42,21,13,26,51,58,23,11,8,37,51,59,31
42,21,13,26,51,58,23,11,8,37,51,59,31,5
21,13,26,51,58,23,11,8,37,51,59,31,5,36
13,26,51,58,23,11,8,37,51,59,31,5,36,32
26,51,58,23,11,8,37,51,59,31,5,36,32,12
51,58,23,11,8,37,51,59,31,5,36,32,12,3
58,23,11,8,37,51,59,31,5,36,32,12,3,38
23,11,8,37,51,59,31,5,36,32,12,3,38,29
11,8,37,51,59,31,5,36,32,12,3,38,29,51
8,37,51,59,31,5,36,32,12,3,38,29,51,4
37,51,59,31,5,36,32,12,3,38,29,51,4,51
51,59,31,5,36,32,12,3,38,29,51,4,51,7
59,31,5,36,32,12,3,38,29,51,4,51,7,58
31,5,36,32,12,3,38,29,51,4,51,7,58,49
5,36,32,12,3,38,29,51,4,51,7,58,49,23
36,32,12,3,38,29,51,4,51,7,58,49,23,41
32,12,3,38,29,51,4,51,7,58,49,23,41,34
12,3,38,29,51,4,51,7,58,49,23,41,34,3
3,38,29,51,4,51,7,58,49,23,41,34,3,12
38,29,51,4,51,7,58,49,23,41,34,3,12,50
29,51,4,51,7,58,49,23,41,34,3,12,50,32
51,4,51,7,58,49,23,41,34,3,12,50,32,40
4,51,7,58,49,23,41,34,3,12,50,32,40,19
51,7,58,49,23,41,34,3,12,50,32,40,19,6
7,58,49,23,41,34,3,12,50,32,40,19,6,43
58,49,23,41,34,3,12,50,32,40,19,6,43,52
49,23,41,34,3,12,50,32,40,19,6,43,52,8
23,41,34,3,12,50,32,40,19,6,43,52,8,22
41,34,3,12,50,32,40,19,6,43,52,8,22,38
34,3,12,50,32,40,19,6,43,52,8,22,38,43
3,12,50,32,40,19,6,43,52,8,22,38,43,20
12,50,32,40,19,6,43,52,8,22,38,43,20,55
50,32,40,19,6,43,52,8,22,38,43,20,55,17
32,40,19,6,43,52,8,22,38,43,20,55,17,58
40,19,6,43,52,8,22,38,43,20,55,17,58,47
19,6,43,52,8,22,38,43,20,55,17,58,47,34
6,43,52,8,22,38,43,20,55,17,58,47,34,8
43,52,8,22,38,43,20,55,17,58,47,34,8,6
52,8,22,38,43,20,55,17,58,47,34,8,6,18
8,22,38,43,20,55,17,58,47,34,8,6,18,38
22,38,43,20,55,17,58,47,34,8,6,18,38,30
38,43,20,55,17,58,47,34,8,6,18,38,30,8
43,20,55,17,58,47,34,8,6,18,38,30,8,31
20,55,17,58,47,34,8,6,18,38,30,8,31,3
55,17,58,47,34,8,6,18,38,30,8,31,3,21
17,58,47,34,8,6,18,38,30,8,31,3,21,25
58,47,34,8,6,18,38,30,8,31,3,21,25,20
47,34,8,6,18,38,30,8,31,3,21,25,20,54
34,8,6,18,38,30,8,31,3,21,25,20,54,58
8,6,18,38,30,8,31,3,21,25,20,54,58,26
6,18,38,30,8,31,3,21,25,20,54,58,26,41
18,38,30,8,31,3,21,25,20,54,58,26,41,46
38,30,8,31,3,21,25,20,54,58,26,41,46,36
30,8,31,3,21,25,20,54,58,26,41,46,36,38
8,31,3,21,25,20,54,58,26,41,46,36,38,33
31,3,21,25,20,54,58,26,41,46,36,38,33,14
3,21,25,20,54,58,26,41,46,36,38,33,14,49
21,25,20,54,58,26,41,46,36,38,33,14,49,41
25,20,54,58,26,41,46,36,38,33,14,49,41,42
20,54,58,26,41,46,36,38,33,14,49,41,42,6
54,58,26,41,46,36,38,33,14,49,41,42,6,24
58,26,41,46,36,38,33,14,49,41,42,6,24,44
26,41,46,36,38,33,14,49,41,42,6,24,44,22
41,46,36,38,33,14,49,41,42,6,24,44,22,13
46,36,38,33,14,49,41,42,6,24,44,22,13,13
36,38,33,14,49,41,42,6,24,44,22,13,13,56
38,33,14,49,41,42,6,24,44,22,13,13,56,12
33,14,49,41,42,6,24,44,22,13,13,56,12,33
14,49,41,42,6,24,44,22,13,13,56,12,33,53
49,41,42,6,24,44,22,13,13,56,12,33,53,54
41,42,6,24,44,22,13,13,56,12,33,53,54,16
42,6,24,44,22,13,13,56,12,33,53,54,16,23
6,24,44,22,13,13,56,12,33,53,54,16,23,35
24,44,22,13,13,56,12,33,53,54,16,23,35,18
44,22,13,13,56,12,33,53,54,16,23,35,18,44
22,13,13,56,12,33,53,54,16,23,35,18,44,59
13,13,56,12,33,53,54,16,23,35,18,44,59,53
13,56,12,33,53,54,16,23,35,18,44,59,53,19
56,12,33,53,54,16,23,35,18,44,59,53,19,38
12,33,53,54,16,23,35,18,44,59,53,19,38,18
33,53,54,16,23,35,18,44,59,53,19,38,18,17
53,54,16,23,35,18,44,59,53,19,38,18,17,49
54,16,23,35,18,44,59,53,19,38,18,17,49,38
16,23,35,18,44,59,53,19,38,18,17,49,38,28
23,35,18,44,59,53,19,38,18,17,49,38,28,52
35,18,44,59,53,19,38,18,17,49,38,28,52,30
18,44,59,53,19,38,18,17,49,38,28,52,30,19
44,59,53,19,38,18,17,49,38,28,52,30,19,57
59,53,19,38,18,17,49,38,28,52,30,19,57,50
53,19,38,18,17,49,38,28,52,30,19,57,50,42
19,38,18,17,49,38,28,52,30,19,57,50,42,19
38,18,17,49,38,28,52,30,19,57,50,42,19,8
18,17,49,38,28,52,30,19,57,50,42,19,8,30
17,49,38,28,52,30,19,57,50,42,19,8,30,14
49,38,28,52,30,19,57,50,42,19,8,30,14,25
38,28,52,30,19,57,50,42,19,8,30,14,25,22
28,52,30,19,57,50,42,19,8,30,14,25,22,48
52,30,19,57,50,42,19,8,30,14,25,22,48,52
30,19,57,50,42,19,8,30,14,25,22,48,52,54
19,57,50,42,19,8,30,14,25,22,48,52,54,8
57,50,42,19,8,30,14,25,22,48,52,54,8,30
50,42,19,8,30,14,25,22,48,52,54,8,30,39
42,19,8,30,14,25,22,48,52,54,8,30,39,35
19,8,30,14,25,22,48,52,54,8,30,39,35,43
8,30,14,25,22,48,52,54,8,30,39,35,43,15
30,14,25,22,48,52,54,8,30,39,35,43,15,57
14,25,22,48,52,54,8,30,39,35,43,15,57,28
25,22,48,52,54,8,30,39,35,43,15,57,28,36
22,48,52,54,8,30,39,35,43,15,57,28,36,17
48,52,54,8,30,39,35,43,15,57,28,36,17,53
52,54,8,30,39,35,43,15,57,28,36,17,53,33
54,8,30,39,35,43,15,57,28,36,17,53,33,59
8,30,39,35,43,15,57,28,36,17,53,33,59,5
30,39,35,43,15,57,28,36,17,53,33,59,5,11
39,35,43,15,57,28,36,17,53,33,59,5,11,29
35,43,15,57,28,36,17,53,33,59,5,11,29,54
43,15,57,28,36,17,53,33,59,5,11,29,54,23
15,57,28,36,17,53,33,59,5,11,29,54,23,58
57,28,36,17,53,33,59,5,11,29,54,23,58,22
28,36,17,53,33,59,5,11,29,54,23,58,22,43
36,17,53,33,59,5,11,29,54,23,58,22,43,15
17,53,33,59,5,11,29,54,23,58,22,43,15,55
53,33,59,5,11,29,54,23,58,22,43,15,55,9
33,59,5,11,29,54,23,58,22,43,15,55,9,1
59,5,11,29,54,23,58,22,43,15,55,9,1,57
5,11,29,54,23,58,22,43,15,55,9,1,57,2
11,29,54,23,58,22,43,15,55,9,1,57,2,15
29,54,23,58,22,43,15,55,9,1,57,2,15,6
54,23,58,22,43,15,55,9,1,57,2,15,6,56
23,58,22,43,15,55,9,1,57,2,15,6,56,18
58,22,43,15,55,9,1,57,2,15,6,56,18,54
22,43,15,55,9,1,57,2,15,6,56,18,54,20
43,15,55,9,1,57,2,15,6,56,18,54,20,3
15,55,9,1,57,2,15,6,56,18,54,20,3,18
55,9,1,57,2,15,6,56,18,54,20,3,18,42
9,1,57,2,15,6,56,18,54,20,3,18,42,24
1,57,2,15,6,56,18,54,20,3,18,42,24,28
57,2,15,6,56,18,54,20,3,18,42,24,28,32
2,15,6,56,18,54,20,3,18,42,24,28,32,49
15,6,56,18,54,20,3,18,42,24,28,32,49,53
6,56,18,54,20,3,18,42,24,28,32,49,53,18
56,18,54,20,3,18,42,24,28,32,49,53,18,20
18,54,20,3,18,42,24,28,32,49,53,18,20,36
54,20,3,18,42,24,28,32,49,53,18,20,36,15
20,3,18,42,24,28,32,49,53,18,20,36,15,60
3,18,42,24,28,32,49,53,18,20,36,15,60,8
18,42,24,28,32,49,53,18,20,36,15,60,8,29
42,24,28,32,49,53,18,20,36,15,60,8,29,49
24,28,32,49,53,18,20,36,15,60,8,29,49,41
28,32,49,53,18,20,36,15,60,8,29,49,41,20
32,49,53,18,20,36,15,60,8,29,49,41,20,19
49,53,18,20,36,15,60,8,29,49,41,20,19,29
53,18,20,36,15,60,8,29,49,41,20,19,29,59
18,20,36,15,60,8,29,49,41,20,19,29,59,10
20,36,15,60,8,29,49,41,20,19,29,59,10,9
36,15,60,8,29,49,41,20,19,29,59,10,9,41
15,60,8,29,49,41,20,19,29,59,10,9,41,32
60,8,29,49,41,20,19,29,59,10,9,41,32,13
8,29,49,41,20,19,29,59,10,9,41,32,13,58
29,49,41,20,19,29,59,10,9,41,32,13,58,20
49,41,20,19,29,59,10,9,41,32,13,58,20,49
41,20,19,29,59,10,9,41,32,13,58,20,49,28
20,19,29,59,10,9,41,32,13,58,20,49,28,2
19,29,59,10,9,41,32,13,58,20,49,28,2,6
29,59,10,9,41,32,13,58,20,49,28,2,6,57
59,10,9,41,32,13,58,20,49,28,2,6,57,50
10,9,41,32,13,58,20,49,28,2,6,57,50,59
9,41,32,13,58,20,49,28,2,6,57,50,59,1
41,32,13,58,20,49,28,2,6,57,50,59,1,11
32,13,58,20,49,28,2,6,57,50,59,1,11,5
13,58,20,49,28,2,6,57,50,59,1,11,5,44
58,20,49,28,2,6,57,50,59,1,11,5,44,4
20,49,28,2,6,57,50,59,1,11,5,44,4,35
49,28,2,6,57,50,59,1,11,5,44,4,35,21
28,2,6,57,50,59,1,11,5,44,4,35,21,54
2,6,57,50,59,1,11,5,44,4,35,21,54,29
6,57,50,59,1,11,5,44,4,35,21,54,29,38
57,50,59,1,11,5,44,4,35,21,54,29,38,36
50,59,1,11,5,44,4,35,21,54,29,38,36,34
59,1,11,5,44,4,35,21,54,29,38,36,34,27
1,11,5,44,4,35,21,54,29,38,36,34,27,56
11,5,44,4,35,21,54,29,38,36,34,27,56,28
5,44,4,35,21,54,29,38,36,34,27,56,28,16
44,4,35,21,54,29,38,36,34,27,56,28,16,39
4,35,21,54,29,38,36,34,27,56,28,16,39,50
35,21,54,29,38,36,34,27,56,28,16,39,50,7
21,54,29,38,36,34,27,56,28,16,39,50,7,33
54,29,38,36,34,27,56,28,16,39,50,7,33,21
29,38,36,34,27,56,28,16,39,50,7,33,21,24
38,36,34,27,56,28,16,39,50,7,33,21,24,13
36,34,27,56,28,16,39,50,7,33,21,24,13,10
34,27,56,28,16,39,50,7,33,21,24,13,10,21
27,56,28,16,39,50,7,33,21,24,13,10,21,48
56,28,16,39,50,7,33,21,24,13,10,21,48,27
28,16,39,50,7,33,21,24,13,10,21,48,27,49
16,39,50,7,33,21,24,13,10,21,48,27,49,7
39,50,7,33,21,24,13,10,21,48,27,49,7,39
50,7,33,21,24,13,10,21,48,27,49,7,39,19
7,33,21,24,13,10,21,48,27,49,7,39,19,11
33,21,24,13,10,21,48,27,49,7,39,19,11,8
21,24,13,10,21,48,27,49,7,39,19,11,8,50
24,13,10,21,48,27,49,7,39,19,11,8,50,30
13,10,21,48,27,49,7,39,19,11,8,50,30,47
10,21,48,27,49,7,39,19,11,8,50,30,47,20
21,48,27,49,7,39,19,11,8,50,30,47,20,52
48,27,49,7,39,19,11,8,50,30,47,20,52,3
27,49,7,39,19,11,8,50,30,47,20,52,3,46
49,7,39,19,11,8,50,30,47,20,52,3,46,28
7,39,19,11,8,50,30,47,20,52,3,46,28,31
39,19,11,8,50,30,47,20,52,3,46,28,31,37
19,11,8,50,30,47,20,52,3,46,28,31,37,34
11,8,50,30,47,20,52,3,46,28,31,37,34,15
8,50,30,47,20,52,3,46,28,31,37,34,15,38
50,30,47,20,52,3,46,28,31,37,34,15,38,4
30,47,20,52,3,46,28,31,37,34,15,38,4,44
47,20,52,3,46,28,31,37,34,15,38,4,44,58
20,52,3,46,28,31,37,34,15,38,4,44,58,5
52,3,46,28,31,37,34,15,38,4,44,58,5,27
3,46,28,31,37,34,15,38,4,44,58,5,27,33
46,28,31,37,34,15,38,4,44,58,5,27,33,3
28,31,37,34,15,38,4,44,58,5,27,33,3,46
31,37,34,15,38,4,44,58,5,27,33,3,46,56
37,34,15,38,4,44,58,5,27,33,3,46,56,5
34,15,38,4,44,58,5,27,33,3,46,56,5,15
15,38,4,44,58,5,27,33,3,46,56,5,15,45
38,4,44,58,5,27,33,3,46,56,5,15,45,10
4,44,58,5,27,33,3,46,56,5,15,45,10,32
44,58,5,27,33,3,46,56,5,15,45,10,32,55
58,5,27,33,3,46,56,5,15,45,10,32,55,34
5,27,33,3,46,56,5,15,45,10,32,55,34,35
27,33,3,46,56,5,15,45,10,32,55,34,35,28
33,3,46,56,5,15,45,10,32,55,34,35,28,33
3,46,56,5,15,45,10,32,55,34,35,28,33,30
46,56,5,15,45,10,32,55,34,35,28,33,30,45
56,5,15,45,10,32,55,34,35,28,33,30,45,58
5,15,45,10,32,55,34,35,28,33,30,45,58,1
15,45,10,32,55,34,35,28,33,30,45,58,1,4
45,10,32,55,34,35,28,33,30,45,58,1,4,41
10,32,55,34,35,28,33,30,45,58,1,4,41,8
32,55,34,35,28,33,30,45,58,1,4,41,8,36
55,34,35,28,33,30,45,58,1,4,41,8,36,34
34,35,28,33,30,45,58,1,4,41,8,36,34,37
35,28,33,30,45,58,1,4,41,8,36,34,37,3
28,33,30,45,58,1,4,41,8,36,34,37,3,4
33,30,45,58,1,4,41,8,36,34,37,3,4,8
30,45,58,1,4,41,8,36,34,37,3,4,8,40
45,58,1,4,41,8,36,34,37,3,4,8,40,58
58,1,4,41,8,36,34,37,3,4,8,40,58,4
1,4,41,8,36,34,37,3,4,8,40,58,4,53
4,41,8,36,34,37,3,4,8,40,58,4,53,31
41,8,36,34,37,3,4,8,40,58,4,53,31,46
8,36,34,37,3,4,8,40,58,4,53,31,46,10
36,34,37,3,4,8,40,58,4,53,31,46,10,27
34,37,3,4,8,40,58,4,53,31,46,10,27,19
37,3,4,8,40,58,4,53,31,46,10,27,19,33
3,4,8,40,58,4,53,31,46,10,27,19,33,39
4,8,40,58,4,53,31,46,10,27,19,33,39,15
8,40,58,4,53,31,46,10,27,19,33,39,15,52
40,58,4,53,31,46,10,27,19,33,39,15,52,40
58,4,53,31,46,10,27,19,33,39,15,52,40,36
4,53,31,46,10,27,19,33,39,15,52,40,36,51
53,31,46,10,27,19,33,39,15,52,40,36,51,42
31,46,10,27,19,33,39,15,52,40,36,51,42,39
46,10,27,19,33,39,15,52,40,36,51,42,39,16
10,27,19,33,39,15,52,40,36,51,42,39,16,57
27,19,33,39,15,52,40,36,51,42,39,16,57,15
19,33,39,15,52,40,36,51,42,39,16,57,15,45
33,39,15,52,40,36,51,42,39,16,57,15,45,48
39,15,52,40,36,51,42,39,16,57,15,45,48,24
15,52,40,36,51,42,39,16,57,15,45,48,24,5
52,40,36,51,42,39,16,57,15,45,48,24,5,34
40,36,51,42,39,16,57,15,45,48,24,5,34,13
36,51,42,39,16,57,15,45,48,24,5,34,13,35
51,42,39,16,57,15,45,48,24,5,34,13,35,33
42,39,16,57,15,45,48,24,5,34,13,35,33,51
39,16,57,15,45,48,24,5,34,13,35,33,51,32
16,57,15,45,48,24,5,34,13,35,33,51,32,8
57,15,45,48,24,5,34,13,35,33,51,32,8,28
15,45,48,24,5,34,13,35,33,51,32,8,28,38
45,48,24,5,34,13,35,33,51,32,8,28,38,7
48,24,5,34,13,35,33,51,32,8,28,38,7,44
24,5,34,13,35,33,51,32,8,28,38,7,44,8
5,34,13,35,33,51,32,8,28,38,7,44,8,5
34,13,35,33,51,32,8,28,38,7,44,8,5,15
13,35,33,51,32,8,28,38,7,44,8,5,15,18
35,33,51,32,8,28,38,7,44,8,5,15,18,10
33,51,32,8,28,38,7,44,8,5,15,18,10,9
51,32,8,28,38,7,44,8,5,15,18,10,9,36
32,8,28,38,7,44,8,5,15,18,10,9,36,15
8,28,38,7,44,8,5,15,18,10,9,36,15,19
28,38,7,44,8,5,15,18,10,9,36,15,19,42
38,7,44,8,5,15,18,10,9,36,15,19,42,22
7,44,8,5,15,18,10,9,36,15,19,42,22,32
44,8,5,15,18,10,9,36,15,19,42,22,32,34
8,5,15,18,10,9,36,15,19,42,22,32,34,17
5,15,18,10,9,36,15,19,42,22,32,34,17,35
15,18,10,9,36,15,19,42,22,32,34,17,35,9
18,10,9,36,15,19,42,22,32,34,17,35,9,12
10,9,36,15,19,42,22,32,34,17,35,9,12,28
9,36,15,19,42,22,32,34,17,35,9,12,28,32
36,15,19,42,22,32,34,17,35,9,12,28,32,38
15,19,42,22,32,34,17,35,9,12,28,32,38,25
19,42,22,32,34,17,35,9,12,28,32,38,25,15
42,22,32,34,17,35,9,12,28,32,38,25,15,45
22,32,34,17,35,9,12,28,32,38,25,15,45,49
32,34,17,35,9,12,28,32,38,25,15,45,49,52
34,17,35,9,12,28,32,38,25,15,45,49,52,15
17,35,9,12,28,32,38,25,15,45,49,52,15,25
35,9,12,28,32,38,25,15,45,49,52,15,25,14
9,12,28,32,38,25,15,45,49,52,15,25,14,6
12,28,32,38,25,15,45,49,52,15,25,14,6,45
28,32,38,25,15,45,49,52,15,25,14,6,45,58
32,38,25,15,45,49,52,15,25,14,6,45,58,40
38,25,15,45,49,52,15,25,14,6,45,58,40,39
25,15,45,49,52,15,25,14,6,45,58,40,39,28
15,45,49,52,15,25,14,6,45,58,40,39,28,44
45,49,52,15,25,14,6,45,58,40,39,28,44,47
49,52,15,25,14,6,45,58,40,39,28,44,47,29
52,15,25,14,6,45,58,40,39,28,44,47,29,34
15,25,14,6,45,58,40,39,28,44,47,29,34,48
25,14,6,45,58,40,39,28,44,47,29,34,48,19
14,6,45,58,40,39,28,44,47,29,34,48,19,41
6,45,58,40,39,28,44,47,29,34,48,19,41,26
45,58,40,39,28,44,47,29,34,48,19,41,26,32
58,40,39,28,44,47,29,34,48,19,41,26,32,24
40,39,28,44,47,29,34,48,19,41,26,32,24,49
39,28,44,47,29,34,48,19,41,26,32,24,49,8
28,44,47,29,34,48,19,41,26,32,24,49,8,10
44,47,29,34,48,19,41,26,32,24,49,8,10,3
47,29,34,48,19,41,26,32,24,49,8,10,3,59
29,34,48,19,41,26,32,24,49,8,10,3,59,21
34,48,19,41,26,32,24,49,8,10,3,59,21,36
48,19,41,26,32,24,49,8,10,3,59,21,36,55
19,41,26,32,24,49,8,10,3,59,21,36,55,31
41,26,32,24,49,8,10,3,59,21,36,55,31,17
26,32,24,49,8,10,3,59,21,36,55,31,17,14
32,24,49,8,10,3,59,21,36,55,31,17,14,50
24,49,8,10,3,59,21,36,55,31,17,14,50,52
49,8,10,3,59,21,36,55,31,17,14,50,52,6
8,10,3,59,21,36,55,31,17,14,50,52,6,26
10,3,59,21,36,55,31,17,14,50,52,6,26,34
3,59,21,36,55,31,17,14,50,52,6,26,34,28
59,21,36,55,31,17,14,50,52,6,26,34,28,37
21,36,55,31,17,14,50,52,6,26,34,28,37,12
36,55,31,17,14,50,52,6,26,34,28,37,12,8
55,31,17,14,50,52,6,26,34,28,37,12,8,31
31,17,14,50,52,6,26,34,28,37,12,8,31,56
17,14,50,52,6,26,34,28,37,12,8,31,56,45
14,50,52,6,26,34,28,37,12,8,31,56,45,13
50,52,6,26,34,28,37,12,8,31,56,45,13,33
52,6,26,34,28,37,12,8,31,56,45,13,33,38
6,26,34,28,37,12,8,31,56,45,13,33,38,1
26,34,28,37,12,8,31,56,45,13,33,38,1,32
34,28,37,12,8,31,56,45,13,33,38,1,32,21
28,37,12,8,31,56,45,13,33,38,1,32,21,25
37,12,8,31,56,45,13,33,38,1,32,21,25,1
12,8,31,56,45,13,33,38,1,32,21,25,1,6
8,31,56,45,13,33,38,1,32,21,25,1,6,49
31,56,45,13,33,38,1,32,21,25,1,6,49,3
56,45,13,33,38,1,32,21,25,1,6,49,3,1
45,13,33,38,1,32,21,25,1,6,49,3,1,35
13,33,38,1,32,21,25,1,6,49,3,1,35,7
33,38,1,32,21,25,1,6,49,3,1,35,7,18
38,1,32,21,25,1,6,49,3,1,35,7,18,50
1,32,21,25,1,6,49,3,1,35,7,18,50,13
32,21,25,1,6,49,3,1,35,7,18,50,13,4
21,25,1,6,49,3,1,35,7,18,50,13,4,12
25,1,6,49,3,1,35,7,18,50,13,4,12,53
1,6,49,3,1,35,7,18,50,13,4,12,53,9
6,49,3,1,35,7,18,50,13,4,12,53,9,52
49,3,1,35,7,18,50,13,4,12,53,9,52,27
3,1,35,7,18,50,13,4,12,53,9,52,27,18
1,35,7,18,50,13,4,12,53,9,52,27,18,13
35,7,18,50,13,4,12,53,9,52,27,18,13,59
7,18,50,13,4,12,53,9,52,27,18,13,59,21
18,50,13,4,12,53,9,52,27,18,13,59,21,53
50,13,4,12,53,9,52,27,18,13,59,21,53,48
13,4,12,53,9,52,27,18,13,59,21,53,48,57
4,12,53,9,52,27,18,13,59,21,53,48,57,23
12,53,9,52,27,18,13,59,21,53,48,57,23,8
53,9,52,27,18,13,59,21,53,48,57,23,8,31
9,52,27,18,13,59,21,53,48,57,23,8,31,3
52,27,18,13,59,21,53,48,57,23,8,31,3,49
27,18,13,59,21,53,48,57,23,8,31,3,49,14
18,13,59,21,53,48,57,23,8,31,3,49,14,47
13,59,21,53,48,57,23,8,31,3,49,14,47,56
59,21,53,48,57,23,8,31,3,49,14,47,56,6
21,53,48,57,23,8,31,3,49,14,47,56,6,28
53,48,57,23,8,31,3,49,14,47,56,6,28,14
48,57,23,8,31,3,49,14,47,56,6,28,14,22
57,23,8,31,3,49,14,47,56,6,28,14,22,25
23,8,31,3,49,14,47,56,6,28,14,22,25,15
8,31,3,49,14,47,56,6,28,14,22,25,15,37
31,3,49,14,47,56,6,28,14,22,25,15,37,23
3,49,14,47,56,6,28,14,22,25,15,37,23,37
49,14,47,56,6,28,14,22,25,15,37,23,37,3
14,47,56,6,28,14,22,25,15,37,23,37,3,19
47,56,6,28,14,22,25,15,37,23,37,3,19,34
56,6,28,14,22,25,15,37,23,37,3,19,34,39
6,28,14,22,25,15,37,23,37,3,19,34,39,7
28,14,22,25,15,37,23,37,3,19,34,39,7,45
14,22,25,15,37,23,37,3,19,34,39,7,45,43
22,25,15,37,23,37,3,19,34,39,7,45,43,56
25,15,37,23,37,3,19,34,39,7,45,43,56,25
15,37,23,37,3,19,34,39,7,45,43,56,25,52
37,23,37,3,19,34,39,7,45,43,56,25,52,3
23,37,3,19,34,39,7,45,43,56,25,52,3,16
37,3,19,34,39,7,45,43,56,25,52,3,16,50
3,19,34,39,7,45,43,56,25,52,3,16,50,55
19,34,39,7,45,43,56,25,52,3,16,50,55,6
34,39,7,45,43,56,25,52,3,16,50,55,6,47
39,7,45,43,56,25,52,3,16,50,55,6,47,19
7,45,43,56,25,52,3,16,50,55,6,47,19,22
45,43,56,25,52,3,16,50,55,6,47,19,22,4
43,56,25,52,3,16,50,55,6,47,19,22,4,30
56,25,52,3,16,50,55,6,47,19,22,4,30,44
25,52,3,16,50,55,6,47,19,22,4,30,44,28
52,3,16,50,55,6,47,19,22,4,30,44,28,49
3,16,50,55,6,47,19,22,4,30,44,28,49,58
16,50,55,6,47,19,22,4,30,44,28,49,58,57
50,55,6,47,19,22,4,30,44,28,49,58,57,27
55,6,47,19,22,4,30,44,28,49,58,57,27,13
6,47,19,22,4,30,44,28,49,58,57,27,13,49
47,19,22,4,30,44,28,49,58,57,27,13,49,52
19,22,4,30,44,28,49,58,57,27,13,49,52,49
22,4,30,44,28,49,58,57,27,13,49,52,49,4
4,30,44,28,49,58,57,27,13,49,52,49,4,19
30,44,28,49,58,57,27,13,49,52,49,4,19,28
44,28,49,58,57,27,13,49,52,49,4,19,28,35
28,49,58,57,27,13,49,52,49,4,19,28,35,6
49,58,57,27,13,49,52,49,4,19,28,35,6,35
58,57,27,13,49,52,49,4,19,28,35,6,35,54
57,27,13,49,52,49,4,19,28,35,6,35,54,37
27,13,49,52,49,4,19,28,35,6,35,54,37,42
13,49,52,49,4,19,28,35,6,35,54,37,42,49
49,52,49,4,19,28,35,6,35,54,37,42,49,46
52,49,4,19,28,35,6,35,54,37,42,49,46,11
49,4,19,28,35,6,35,54,37,42,49,46,11,33
4,19,28,35,6,35,54,37,42,49,46,11,33,56
19,28,35,6,35,54,37,42,49,46,11,33,56,47
28,35,6,35,54,37,42,49,46,11,33,56,47,17
35,6,35,54,37,42,49,46,11,33,56,47,17,34
6,35,54,37,42,49,46,11,33,56,47,17,34,43
35,54,37,42,49,46,11,33,56,47,17,34,43,35
54,37,42,49,46,11,33,56,47,17,34,43,35,57
37,42,49,46,11,33,56,47,17,34,43,35,57,29
42,49,46,11,33,56,47,17,34,43,35,57,29,40
49,46,11,33,56,47,17,34,43,35,57,29,40,17
46,11,33,56,47,17,34,43,35,57,29,40,17,46
11,33,56,47,17,34,43,35,57,29,40,17,46,4
33,56,47,17,34,43,35,57,29,40,17,46,4,54
56,47,17,34,43,35,57,29,40,17,46,4,54,17
47,17,34,43,35,57,29,40,17,46,4,54,17,13
17,34,43,35,57,29,40,17,46,4,54,17,13,5
34,43,35,57,29,40,17,46,4,54,17,13,5,4
43,35,57,29,40,17,46,4,54,17,13,5,4,59
35,57,29,40,17,46,4,54,17,13,5,4,59,13
57,29,40,17,46,4,54,17,13,5,4,59,13,53
29,40,17,46,4,54,17,13,5,4,59,13,53,28
40,17,46,4,54,17,13,5,4,59,13,53,28,30
17,46,4,54,17,13,5,4,59,13,53,28,30,51
46,4,54,17,13,5,4,59,13,53,28,30,51,49
4,54,17,13,5,4,59,13,53,28,30,51,49,14
54,17,13,5,4,59,13,53,28,30,51,49,14,47
17,13,5,4,59,13,53,28,30,51,49,14,47,59
13,5,4,59,13,53,28,30,51,49,14,47,59,58
5,4,59,13,53,28,30,51,49,14,47,59,58,13
4,59,13,53,28,30,51,49,14,47,59,58,13,51
59,13,53,28,30,51,49,14,47,59,58,13,51,58
13,53,28,30,51,49,14,47,59,58,13,51,58,22
53,28,30,51,49,14,47,59,58,13,51,58,22,46
28,30,51,49,14,47,59,58,13,51,58,22,46,8
30,51,49,14,47,59,58,13,51,58,22,46,8,17
51,49,14,47,59,58,13,51,58,22,46,8,17,56
49,14,47,59,58,13,51,58,22,46,8,17,56,16
14,47,59,58,13,51,58,22,46,8,17,56,16,38
47,59,58,13,51,58,22,46,8,17,56,16,38,39
59,58,13,51,58,22,46,8,17,56,16,38,39,45
58,13,51,58,22,46,8,17,56,16,38,39,45,56
13,51,58,22,46,8,17,56,16,38,39,45,56,48
51,58,22,46,8,17,56,16,38,39,45,56,48,57
58,22,46,8,17,56,16,38,39,45,56,48,57,21
22,46,8,17,56,16,38,39,45,56,48,57,21,12
46,8,17,56,16,38,39,45,56,48,57,21,12,46
8,17,56,16,38,39,45,56,48,57,21,12,46,22
17,56,16,38,39,45,56,48,57,21,12,46,22,54
56,16,38,39,45,56,48,57,21,12,46,22,54,52
16,38,39,45,56,48,57,21,12,46,22,54,52,47
38,39,45,56,48,57,21,12,46,22,54,52,47,49
39,45,56,48,57,21,12,46,22,54,52,47,49,9
45,56,48,57,21,12,46,22,54,52,47,49,9,43
56,48,57,21,12,46,22,54,52,47,49,9,43,46
48,57,21,12,46,22,54,52,47,49,9,43,46,58
57,21,12,46,22,54,52,47,49,9,43,46,58,53
21,12,46,22,54,52,47,49,9,43,46,58,53,54
12,46,22,54,52,47,49,9,43,46,58,53,54,4
46,22,54,52,47,49,9,43,46,58,53,54,4,47
22,54,52,47,49,9,43,46,58,53,54,4,47,29
54,52,47,49,9,43,46,58,53,54,4,47,29,31
52,47,49,9,43,46,58,53,54,4,47,29,31,15
47,49,9,43,46,58,53,54,4,47,29,31,15,60
49,9,43,46,58,53,54,4,47,29,31,15,60,42
9,43,46,58,53,54,4,47,29,31,15,60,42,49
43,46,58,53,54,4,47,29,31,15,60,42,49,5
46,58,53,54,4,47,29,31,15,60,42,49,5,23
58,53,54,4,47,29,31,15,60,42,49,5,23,33
53,54,4,47,29,31,15,60,42,49,5,23,33,45
54,4,47,29,31,15,60,42,49,5,23,33,45,31
4,47,29,31,15,60,42,49,5,23,33,45,31,8
47,29,31,15,60,42,49,5,23,33,45,31,8,45
29,31,15,60,42,49,5,23,33,45,31,8,45,30
31,15,60,42,49,5,23,33,45,31,8,45,30,33
15,60,42,49,5,23,33,45,31,8,45,30,33,17
60,42,49,5,23,33,45,31,8,45,30,33,17,10
42,49,5,23,33,45,31,8,45,30,33,17,10,18
49,5,23,33,45,31,8,45,30,33,17,10,18,49
5,23,33,45,31,8,45,30,33,17,10,18,49,38
23,33,45,31,8,45,30,33,17,10,18,49,38,23
33,45,31,8,45,30,33,17,10,18,49,38,23,8
45,31,8,45,30,33,17,10,18,49,38,23,8,12
31,8,45,30,33,17,10,18,49,38,23,8,12,59
8,45,30,33,17,10,18,49,38,23,8,12,59,57
45,30,33,17,10,18,49,38,23,8,12,59,57,7
30,33,17,10,18,49,38,23,8,12,59,57,7,58
33,17,10,18,49,38,23,8,12,59,57,7,58,31
17,10,18,49,38,23,8,12,59,57,7,58,31,14
10,18,49,38,23,8,12,59,57,7,58,31,14,53
18,49,38,23,8,12,59,57,7,58,31,14,53,25
49,38,23,8,12,59,57,7,58,31,14,53,25,36
38,23,8,12,59,57,7,58,31,14,53,25,36,13
23,8,12,59,57,7,58,31,14,53,25,36,13,17
8,12,59,57,7,58,31,14,53,25,36,13,17,6
12,59,57,7,58,31,14,53,25,36,13,17,6,32
59,57,7,58,31,14,53,25,36,13,17,6,32,18
57,7,58,31,14,53,25,36,13,17,6,32,18,11
7,58,31,14,53,25,36,13,17,6,32,18,11,30
58,31,14,53,25,36,13,17,6,32,18,11,30,2
31,14,53,25,36,13,17,6,32,18,11,30,2,58
14,53,25,36,13,17,6,32,18,11,30,2,58,39
53,25,36,13,17,6,32,18,11,30,2,58,39,49
25,36,13,17,6,32,18,11,30,2,58,39,49,36
36,13,17,6,32,18,11,30,2,58,39,49,36,20
13,17,6,32,18,11,30,2,58,39,49,36,20,55
17,6,32,18,11,30,2,58,39,49,36,20,55,1
6,32,18,11,30,2,58,39,49,36,20,55,1,37
32,18,11,30,2,58,39,49,36,20,55,1,37,35
18,11,30,2,58,39,49,36,20,55,1,37,35,23
11,30,2,58,39,49,36,20,55,1,37,35,23,16
30,2,58,39,49,36,20,55,1,37,35,23,16,57
2,58,39,49,36,20,55,1,37,35,23,16,57,55
58,39,49,36,20,55,1,37,35,23,16,57,55,34
39,49,36,20,55,1,37,35,23,16,57,55,34,8
49,36,20,55,1,37,35,23,16,57,55,34,8,23
36,20,55,1,37,35,23,16,57,55,34,8,23,44
20,55,1,37,35,23,16,57,55,34,8,23,44,51
55,1,37,35,23,16,57,55,34,8,23,44,51,5
1,37,35,23,16,57,55,34,8,23,44,51,5,38
37,35,23,16,57,55,34,8,23,44,51,5,38,13
35,23,16,57,55,34,8,23,44,51,5,38,13,32
23,16,57,55,34,8,23,44,51,5,38,13,32,20
16,57,55,34,8,23,44,51,5,38,13,32,20,10
57,55,34,8,23,44,51,5,38,13,32,20,10,49
55,34,8,23,44,51,5,38,13,32,20,10,49,31
34,8,23,44,51,5,38,13,32,20,10,49,31,37
8,23,44,51,5,38,13,32,20,10,49,31,37,35
23,44,51,5,38,13,32,20,10,49,31,37,35,7
44,51,5,38,13,32,20,10,49,31,37,35,7,45
51,5,38,13,32,20,10,49,31,37,35,7,45,34
5,38,13,32,20,10,49,31,37,35,7,45,34,17
38,13,32,20,10,49,31,37,35,7,45,34,17,6
13,32,20,10,49,31,37,35,7,45,34,17,6,20
32,20,10,49,31,37,35,7,45,34,17,6,20,18
20,10,49,31,37,35,7,45,34,17,6,20,18,13
10,49,31,37,35,7,45,34,17,6,20,18,13,37
49,31,37,35,7,45,34,17,6,20,18,13,37,57
31,37,35,7,45,34,17,6,20,18,13,37,57,58
37,35,7,45,34,17,6,20,18,13,37,57,58,11
35,7,45,34,17,6,20,18,13,37,57,58,11,38
7,45,34,17,6,20,18,13,37,57,58,11,38,41
45,34,17,6,20,18,13,37,57,58,11,38,41,31
34,17,6,20,18,13,37,57,58,11,38,41,31,25
17,6,20,18,13,37,57,58,11,38,41,31,25,41
6,20,18,13,37,57,58,11,38,41,31,25,41,17
20,18,13,37,57,58,11,38,41,31,25,41,17,29
18,13,37,57,58,11,38,41,31,25,41,17,29,13
13,37,57,58,11,38,41,31,25,41,17,29,13,22
37,57,58,11,38,41,31,25,41,17,29,13,22,32
57,58,11,38,41,31,25,41,17,29,13,22,32,15
58,11,38,41,31,25,41,17,29,13,22,32,15,14
11,38,41,31,25,41,17,29,13,22,32,15,14,9
38,41,31,25,41,17,29,13,22,32,15,14,9,3
41,31,25,41,17,29,13,22,32,15,14,9,3,57
31,25,41,17,29,13,22,32,15,14,9,3,57,35
25,41,17,29,13,22,32,15,14,9,3,57,35,32
41,17,29,13,22,32,15,14,9,3,57,35,32,36
17,29,13,22,32,15,14,9,3,57,35,32,36,33
29,13,22,32,15,14,9,3,57,35,32,36,33,51
13,22,32,15,14,9,3,57,35,32,36,33,51,15
22,32,15,14,9,3,57,35,32,36,33,51,15,14
32,15,14,9,3,57,35,32,36,33,51,15,14,31
15,14,9,3,57,35,32,36,33,51,15,14,31,12
14,9,3,57,35,32,36,33,51,15,14,31,12,13
9,3,57,35,32,36,33,51,15,14,31,12,13,51
3,57,35,32,36,33,51,15,14,31,12,13,51,50
57,35,32,36,33,51,15,14,31,12,13,51,50,33
35,32,36,33,51,15,14,31,12,13,51,50,33,3
32,36,33,51,15,14,31,12,13,51,50,33,3,20
36,33,51,15,14,31,12,13,51,50,33,3,20,60
33,51,15,14,31,12,13,51,50,33,3,20,60,9
51,15,14,31,12,13,51,50,33,3,20,60,9,16
15,14,31,12,13,51,50,33,3,20,60,9,16,59
14,31,12,13,51,50,33,3,20,60,9,16,59,29
31,12,13,51,50,33,3,20,60,9,16,59,29,17
12,13,51,50,33,3,20,60,9,16,59,29,17,6
13,51,50,33,3,20,60,9,16,59,29,17,6,40
51,50,33,3,20,60,9,16,59,29,17,6,40,22
50,33,3,20,60,9,16,59,29,17,6,40,22,32
33,3,20,60,9,16,59,29,17,6,40,22,32,23
3,20,60,9,16,59,29,17,6,40,22,32,23,2
20,60,9,16,59,29,17,6,40,22,32,23,2,10
60,9,16,59,29,17,6,40,22,32,23,2,10,44
9,16,59,29,17,6,40,22,32,23,2,10,44,17
16,59,29,17,6,40,22,32,23,2,10,44,17,18
59,29,17,6,40,22,32,23,2,10,44,17,18,29
29,17,6,40,22,32,23,2,10,44,17,18,29,21
17,6,40,22,32,23,2,10,44,17,18,29,21,48
6,40,22,32,23,2,10,44,17,18,29,21,48,35
40,22,32,23,2,10,44,17,18,29,21,48,35,5
22,32,23,2,10,44,17,18,29,21,48,35,5,18
32,23,2,10,44,17,18,29,21,48,35,5,18,43
23,2,10,44,17,18,29,21,48,35,5,18,43,52
2,10,44,17,18,29,21,48,35,5,18,43,52,39
10,44,17,18,29,21,48,35,5,18,43,52,39,7
44,17,18,29,21,48,35,5,18,43,52,39,7,8
17,18,29,21,48,35,5,18,43,52,39,7,8,31
18,29,21,48,35,5,18,43,52,39,7,8,31,47
29,21,48,35,5,18,43,52,39,7,8,31,47,28
21,48,35,5,18,43,52,39,7,8,31,47,28,23
48,35,5,18,43,52,39,7,8,31,47,28,23,8
35,5,18,43,52,39,7,8,31,47,28,23,8,24
5,18,43,52,39,7,8,31,47,28,23,8,24,48
18,43,52,39,7,8,31,47,28,23,8,24,48,3
43,52,39,7,8,31,47,28,23,8,24,48,3,58
52,39,7,8,31,47,28,23,8,24,48,3,58,18
39,7,8,31,47,28,23,8,24,48,3,58,18,56
7,8,31,47,28,23,8,24,48,3,58,18,56,23
8,31,47,28,23,8,24,48,3,58,18,56,23,15
31,47,28,23,8,24,48,3,58,18,56,23,15,34
47,28,23,8,24,48,3,58,18,56,23,15,34,39
28,23,8,24,48,3,58,18,56,23,15,34,39,17
23,8,24,48,3,58,18,56,23,15,34,39,17,4
8,24,48,3,58,18,56,23,15,34,39,17,4,9
24,48,3,58,18,56,23,15,34,39,17,4,9,38
48,3,58,18,56,23,15,34,39,17,4,9,38,16
3,58,18,56,23,15,34,39,17,4,9,38,16,18
58,18,56,23,15,34,39,17,4,9,38,16,18,28
18,56,23,15,34,39,17,4,9,38,16,18,28,15
56,23,15,34,39,17,4,9,38,16,18,28,15,47
23,15,34,39,17,4,9,38,16,18,28,15,47,30
15,34,39,17,4,9,38,16,18,28,15,47,30,25
34,39,17,4,9,38,16,18,28,15,47,30,25,52
39,17,4,9,38,16,18,28,15,47,30,25,52,14
17,4,9,38,16,18,28,15,47,30,25,52,14,39
4,9,38,16,18,28,15,47,30,25,52,14,39,17
9,38,16,18,28,15,47,30,25,52,14,39,17,13
38,16,18,28,15,47,30,25,52,14,39,17,13,40
16,18,28,15,47,30,25,52,14,39,17,13,40,29
18,28,15,47,30,25,52,14,39,17,13,40,29,59
28,15,47,30,25,52,14,39,17,13,40,29,59,45
15,47,30,25,52,14,39,17,13,40,29,59,45,51
47,30,25,52,14,39,17,13,40,29,59,45,51,55
30,25,52,14,39,17,13,40,29,59,45,51,55,6
25,52,14,39,17,13,40,29,59,45,51,55,6,41
52,14,39,17,13,40,29,59,45,51,55,6,41,20
14,39,17,13,40,29,59,45,51,55,6,41,20,43
39,17,13,40,29,59,45,51,55,6,41,20,43,7
17,13,40,29,59,45,51,55,6,41,20,43,7,30
13,40,29,59,45,51,55,6,41,20,43,7,30,53
40,29,59,45,51,55,6,41,20,43,7,30,53,23
29,59,45,51,55,6,41,20,43,7,30,53,23,7
59,45,51,55,6,41,20,43,7,30,53,23,7,32
45,51,55,6,41,20,43,7,30,53,23,7,32,8
51,55,6,41,20,43,7,30,53,23,7,32,8,24
55,6,41,20,43,7,30,53,23,7,32,8,24,39
6,41,20,43,7,30,53,23,7,32,8,24,39,12
41,20,43,7,30,53,23,7,32,8,24,39,12,33
20,43,7,30,53,23,7,32,8,24,39,12,33,57
43,7,30,53,23,7,32,8,24,39,12,33,57,36
7,30,53,23,7,32,8,24,39,12,33,57,36,45
30,53,23,7,32,8,24,39,12,33,57,36,45,38
53,23,7,32,8,24,39,12,33,57,36,45,38,13
23,7,32,8,24,39,12,33,57,36,45,38,13,11
7,32,8,24,39,12,33,57,36,45,38,13,11,54
32,8,24,39,12,33,57,36,45,38,13,11,54,39
8,24,39,12,33,57,36,45,38,13,11,54,39,30
24,39,12,33,57,36,45,38,13,11,54,39,30,2
39,12,33,57,36,45,38,13,11,54,39,30,2,36
12,33,57,36,45,38,13,11,54,39,30,2,36,18
33,57,36,45,38,13,11,54,39,30,2,36,18,60
57,36,45,38,13,11,54,39,30,2,36,18,60,29
36,45,38,13,11,54,39,30,2,36,18,60,29,45
45,38,13,11,54,39,30,2,36,18,60,29,45,13
38,13,11,54,39,30,2,36,18,60,29,45,13,46
13,11,54,39,30,2,36,18,60,29,45,13,46,55
11,54,39,30,2,36,18,60,29,45,13,46,55,53
54,39,30,2,36,18,60,29,45,13,46,55,53,11
39,30,2,36,18,60,29,45,13,46,55,53,11,13
30,2,36,18,60,29,45,13,46,55,53,11,13,7
2,36,18,60,29,45,13,46,55,53,11,13,7,33
36,18,60,29,45,13,46,55,53,11,13,7,33,59
18,60,29,45,13,46,55,53,11,13,7,33,59,6
60,29,45,13,46,55,53,11,13,7,33,59,6,8
29,45,13,46,55,53,11,13,7,33,59,6,8,25
45,13,46,55,53,11,13,7,33,59,6,8,25,51
13,46,55,53,11,13,7,33,59,6,8,25,51,5
46,55,53,11,13,7,33,59,6,8,25,51,5,18
55,53,11,13,7,33,59,6,8,25,51,5,18,4
53,11,13,7,33,59,6,8,25,51,5,18,4,28
11,13,7,33,59,6,8,25,51,5,18,4,28,58
13,7,33,59,6,8,25,51,5,18,4,28,58,3
7,33,59,6,8,25,51,5,18,4,28,58,3,18
33,59,6,8,25,51,5,18,4,28,58,3,18,50
59,6,8,25,51,5,18,4,28,58,3,18,50,34
6,8,25,51,5,18,4,28,58,3,18,50,34,1
8,25,51,5,18,4,28,58,3,18,50,34,1,55
25,51,5,18,4,28,58,3,18,50,34,1,55,14
51,5,18,4,28,58,3,18,50,34,1,55,14,59
5,18,4,28,58,3,18,50,34,1,55,14,59,47
18,4,28,58,3,18,50,34,1,55,14,59,47,13
4,28,58,3,18,50,34,1,55,14,59,47,13,42
28,58,3,18,50,34,1,55,14,59,47,13,42,27
58,3,18,50,34,1,55,14,59,47,13,42,27,29
3,18,50,34,1,55,14,59,47,13,42,27,29,1
18,50,34,1,55,14,59,47,13,42,27,29,1,59
50,34,1,55,14,59,47,13,42,27,29,1,59,25
34,1,55,14,59,47,13,42,27,29,1,59,25,49
1,55,14,59,47,13,42,27,29,1,59,25,49,10
55,14,59,47,13,42,27,29,1,59,25,49,10,53
14,59,47,13,42,27,29,1,59,25,49,10,53,55
59,47,13,42,27,29,1,59,25,49,10,53,55,29
47,13,42,27,29,1,59,25,49,10,53,55,29,13
13,42,27,29,1,59,25,49,10,53,55,29,13,47
42,27,29,1,59,25,49,10,53,55,29,13,47,54
27,29,1,59,25,49,10,53,55,29,13,47,54,2
29,1,59,25,49,10,53,55,29,13,47,54,2,43
1,59,25,49,10,53,55,29,13,47,54,2,43,1
59,25,49,10,53,55,29,13,47,54,2,43,1,50
25,49,10,53,55,29,13,47,54,2,43,1,50,25
49,10,53,55,29,13,47,54,2,43,1,50,25,43
10,53,55,29,13,47,54,2,43,1,50,25,43,60
53,55,29,13,47,54,2,43,1,50,25,43,60,28
55,29,13,47,54,2,43,1,50,25,43,60,28,11
29,13,47,54,2,43,1,50,25,43,60,28,11,54
13,47,54,2,43,1,50,25,43,60,28,11,54,14
47,54,2,43,1,50,25,43,60,28,11,54,14,42
54,2,43,1,50,25,43,60,28,11,54,14,42,40
2,43,1,50,25,43,60,28,11,54,14,42,40,27
43,1,50,25,43,60,28,11,54,14,42,40,27,22
1,50,25,43,60,28,11,54,14,42,40,27,22,56
50,25,43,60,28,11,54,14,42,40,27,22,56,29
25,43,60,28,11,54,14,42,40,27,22,56,29,5
43,60,28,11,54,14,42,40,27,22,56,29,5,16
60,28,11,54,14,42,40,27,22,56,29,5,16,53
28,11,54,14,42,40,27,22,56,29,5,16,53,38
11,54,14,42,40,27,22,56,29,5,16,53,38,50
54,14,42,40,27,22,56,29,5,16,53,38,50,34
14,42,40,27,22,56,29,5,16,53,38,50,34,6
42,40,27,22,56,29,5,16,53,38,50,34,6,45
40,27,22,56,29,5,16,53,38,50,34,6,45,51
27,22,56,29,5,16,53,38,50,34,6,45,51,9
22,56,29,5,16,53,38,50,34,6,45,51,9,23
56,29,5,16,53,38,50,34,6,45,51,9,23,4
29,5,16,53,38,50,34,6,45,51,9,23,4,18
5,16,53,38,50,34,6,45,51,9,23,4,18,39
16,53,38,50,34,6,45,51,9,23,4,18,39,54
53,38,50,34,6,45,51,9,23,4,18,39,54,34
38,50,34,6,45,51,9,23,4,18,39,54,34,31
50,34,6,45,51,9,23,4,18,39,54,34,31,16
34,6,45,51,9,23,4,18,39,54,34,31,16,37
6,45,51,9,23,4,18,39,54,34,31,16,37,19
45,51,9,23,4,18,39,54,34,31,16,37,19,29
51,9,23,4,18,39,54,34,31,16,37,19,29,30
9,23,4,18,39,54,34,31,16,37,19,29,30,10
23,4,18,39,54,34,31,16,37,19,29,30,10,22
4,18,39,54,34,31,16,37,19,29,30,10,22,38
18,39,54,34,31,16,37,19,29,30,10,22,38,60
39,54,34,31,16,37,19,29,30,10,22,38,60,13
54,34,31,16,37,19,29,30,10,22,38,60,13,7
34,31,16,37,19,29,30,10,22,38,60,13,7,55
31,16,37,19,29,30,10,22,38,60,13,7,55,46
16,37,19,29,30,10,22,38,60,13,7,55,46,4
37,19,29,30,10,22,38,60,13,7,55,46,4,8
19,29,30,10,22,38,60,13,7,55,46,4,8,11
29,30,10,22,38,60,13,7,55,46,4,8,11,29
30,10,22,38,60,13,7,55,46,4,8,11,29,12
10,22,38,60,13,7,55,46,4,8,11,29,12,44
22,38,60,13,7,55,46,4,8,11,29,12,44,41
38,60,13,7,55,46,4,8,11,29,12,44,41,49
60,13,7,55,46,4,8,11,29,12,44,41,49,51
13,7,55,46,4,8,11,29,12,44,41,49,51,25
7,55,46,4,8,11,29,12,44,41,49,51,25,15
55,46,4,8,11,29,12,44,41,49,51,25,15,46
46,4,8,11,29,12,44,41,49,51,25,15,46,44
4,8,11,29,12,44,41,49,51,25,15,46,44,52
8,11,29,12,44,41,49,51,25,15,46,44,52,53
11,29,12,44,41,49,51,25,15,46,44,52,53,4
29,12,44,41,49,51,25,15,46,44,52,53,4,49
12,44,41,49,51,25,15,46,44,52,53,4,49,24
44,41,49,51,25,15,46,44,52,53,4,49,24,41
41,49,51,25,15,46,44,52,53,4,49,24,41,6
49,51,25,15,46,44,52,53,4,49,24,41,6,23
51,25,15,46,44,52,53,4,49,24,41,6,23,55
25,15,46,44,52,53,4,49,24,41,6,23,55,32
15,46,44,52,53,4,49,24,41,6,23,55,32,35
46,44,52,53,4,49,24,41,6,23,55,32,35,6
44,52,53,4,49,24,41,6,23,55,32,35,6,59
52,53,4,49,24,41,6,23,55,32,35,6,59,11
53,4,49,24,41,6,23,55,32,35,6,59,11,27
4,49,24,41,6,23,55,32,35,6,59,11,27,19
49,24,41,6,23,55,32,35,6,59,11,27,19,41
24,41,6,23,55,32,35,6,59,11,27,19,41,30
41,6,23,55,32,35,6,59,11,27,19,41,30,6
6,23,55,32,35,6,59,11,27,19,41,30,6,37
23,55,32,35,6,59,11,27,19,41,30,6,37,19
55,32,35,6,59,11,27,19,41,30,6,37,19,24
32,35,6,59,11,27,19,41,30,6,37,19,24,13
35,6,59,11,27,19,41,30,6,37,19,24,13,15
6,59,11,27,19,41,30,6,37,19,24,13,15,2
59,11,27,19,41,30,6,37,19,24,13,15,2,59
11,27,19,41,30,6,37,19,24,13,15,2,59,60
27,19,41,30,6,37,19,24,13,15,2,59,60,6
19,41,30,6,37,19,24,13,15,2,59,60,6,58
41,30,6,37,19,24,13,15,2,59,60,6,58,25
30,6,37,19,24,13,15,2,59,60,6,58,25,49
6,37,19,24,13,15,2,59,60,6,58,25,49,30
37,19,24,13,15,2,59,60,6,58,25,49,30,43
19,24,13,15,2,59,60,6,58,25,49,30,43,47
24,13,15,2,59,60,6,58,25,49,30,43,47,45
13,15,2,59,60,6,58,25,49,30,43,47,45,22
15,2,59,60,6,58,25,49,30,43,47,45,22,21
2,59,60,6,58,25,49,30,43,47,45,22,21,33
59,60,6,58,25,49,30,43,47,45,22,21,33,16
60,6,58,25,49,30,43,47,45,22,21,33,16,48
6,58,25,49,30,43,47,45,22,21,33,16,48,49
58,25,49,30,43,47,45,22,21,33,16,48,49,55
25,49,30,43,47,45,22,21,33,16,48,49,55,33
49,30,43,47,45,22,21,33,16,48,49,55,33,15
30,43,47,45,22,21,33,16,48,49,55,33,15,50
43,47,45,22,21,33,16,48,49,55,33,15,50,53
47,45,22,21,33,16,48,49,55,33,15,50,53,18
45,22,21,33,16,48,49,55,33,15,50,53,18,54
22,21,33,16,48,49,55,33,15,50,53,18,54,55
21,33,16,48,49,55,33,15,50,53,18,54,55,13
33,16,48,49,55,33,15,50,53,18,54,55,13,44
16,48,49,55,33,15,50,53,18,54,55,13,44,6
48,49,55,33,15,50,53,18,54,55,13,44,6,19
49,55,33,15,50,53,18,54,55,13,44,6,19,60
55,33,15,50,53,18,54,55,13,44,6,19,60,31
33,15,50,53,18,54,55,13,44,6,19,60,31,12
15,50,53,18,54,55,13,44,6,19,60,31,12,48
50,53,18,54,55,13,44,6,19,60,31,12,48,57
53,18,54,55,13,44,6,19,60,31,12,48,57,16
18,54,55,13,44,6,19,60,31,12,48,57,16,27
54,55,13,44,6,19,60,31,12,48,57,16,27,31
55,13,44,6,19,60,31,12,48,57,16,27,31,8
13,44,6,19,60,31,12,48,57,16,27,31,8,10
44,6,19,60,31,12,48,57,16,27,31,8,10,51
6,19,60,31,12,48,57,16,27,31,8,10,51,5
19,60,31,12,48,57,16,27,31,8,10,51,5,24
60,31,12,48,57,16,27,31,8,10,51,5,24,16
31,12,48,57,16,27,31,8,10,51,5,24,16,26
12,48,57,16,27,31,8,10,51,5,24,16,26,54
48,57,16,27,31,8,10,51,5,24,16,26,54,12
57,16,27,31,8,10,51,5,24,16,26,54,12,2
16,27,31,8,10,51,5,24,16,26,54,12,2,25
27,31,8,10,51,5,24,16,26,54,12,2,25,5
31,8,10,51,5,24,16,26,54,12,2,25,5,49
8,10,51,5,24,16,26,54,12,2,25,5,49,36
10,51,5,24,16,26,54,12,2,25,5,49,36,33
51,5,24,16,26,54,12,2,25,5,49,36,33,3
5,24,16,26,54,12,2,25,5,49,36,33,3,60
24,16,26,54,12,2,25,5,49,36,33,3,60,10
16,26,54,12,2,25,5,49,36,33,3,60,10,3
26,54,12,2,25,5,49,36,33,3,60,10,3,8
54,12,2,25,5,49,36,33,3,60,10,3,8,24
12,2,25,5,49,36,33,3,60,10,3,8,24,13
2,25,5,49,36,33,3,60,10,3,8,24,13,16
25,5,49,36,33,3,60,10,3,8,24,13,16,12
5,49,36,33,3,60,10,3,8,24,13,16,12,46
49,36,33,3,60,10,3,8,24,13,16,12,46,14
36,33,3,60,10,3,8,24,13,16,12,46,14,8
33,3,60,10,3,8,24,13,16,12,46,14,8,19
3,60,10,3,8,24,13,16,12,46,14,8,19,22
60,10,3,8,24,13,16,12,46,14,8,19,22,1
10,3,8,24,13,16,12,46,14,8,19,22,1,29
3,8,24,13,16,12,46,14,8,19,22,1,29,13
8,24,13,16,12,46,14,8,19,22,1,29,13,32
24,13,16,12,46,14,8,19,22,1,29,13,32,3
13,16,12,46,14,8,19,22,1,29,13,32,3,29
16,12,46,14,8,19,22,1,29,13,32,3,29,31
12,46,14,8,19,22,1,29,13,32,3,29,31,50
46,14,8,19,22,1,29,13,32,3,29,31,50,26
14,8,19,22,1,29,13,32,3,29,31,50,26,57
8,19,22,1,29,13,32,3,29,31,50,26,57,49
19,22,1,29,13,32,3,29,31,50,26,57,49,59
22,1,29,13,32,3,29,31,50,26,57,49,59,27
1,29,13,32,3,29,31,50,26,57,49,59,27,19
29,13,32,3,29,31,50,26,57,49,59,27,19,29
13,32,3,29,31,50,26,57,49,59,27,19,29,50
32,3,29,31,50,26,57,49,59,27,19,29,50,38
3,29,31,50,26,57,49,59,27,19,29,50,38,42
29,31,50,26,57,49,59,27,19,29,50,38,42,23
31,50,26,57,49,59,27,19,29,50,38,42,23,55
50,26,57,49,59,27,19,29,50,38,42,23,55,30
26,57,49,59,27,19,29,50,38,42,23,55,30,9
57,49,59,27,19,29,50,38,42,23,55,30,9,49
49,59,27,19,29,50,38,42,23,55,30,9,49,39
59,27,19,29,50,38,42,23,55,30,9,49,39,23
27,19,29,50,38,42,23,55,30,9,49,39,23,34
19,29,50,38,42,23,55,30,9,49,39,23,34,52
29,50,38,42,23,55,30,9,49,39,23,34,52,8
50,38,42,23,55,30,9,49,39,23,34,52,8,43
38,42,23,55,30,9,49,39,23,34,52,8,43,59
42,23,55,30,9,49,39,23,34,52,8,43,59,12
23,55,30,9,49,39,23,34,52,8,43,59,12,32
55,30,9,49,39,23,34,52,8,43,59,12,32,42
30,9,49,39,23,34,52,8,43,59,12,32,42,24
9,49,39,23,34,52,8,43,59,12,32,42,24,40
49,39,23,34,52,8,43,59,12,32,42,24,40,49
39,23,34,52,8,43,59,12,32,42,24,40,49,8
23,34,52,8,43,59,12,32,42,24,40,49,8,22
34,52,8,43,59,12,32,42,24,40,49,8,22,18
52,8,43,59,12,32,42,24,40,49,8,22,18,7
8,43,59,12,32,42,24,40,49,8,22,18,7,39
43,59,12,32,42,24,40,49,8,22,18,7,39,19
59,12,32,42,24,40,49,8,22,18,7,39,19,13
12,32,42,24,40,49,8,22,18,7,39,19,13,45
32,42,24,40,49,8,22,18,7,39,19,13,45,58
42,24,40,49,8,22,18,7,39,19,13,45,58,56
24,40,49,8,22,18,7,39,19,13,45,58,56,1
40,49,8,22,18,7,39,19,13,45,58,56,1,8
49,8,22,18,7,39,19,13,45,58,56,1,8,16
8,22,18,7,39,19,13,45,58,56,1,8,16,22
22,18,7,39,19,13,45,58,56,1,8,16,22,56
18,7,39,19,13,45,58,56,1,8,16,22,56,58
7,39,19,13,45,58,56,1,8,16,22,56,58,30
39,19,13,45,58,56,1,8,16,22,56,58,30,40
19,13,45,58,56,1,8,16,22,56,58,30,40,47
13,45,58,56,1,8,16,22,56,58,30,40,47,39
45,58,56,1,8,16,22,56,58,30,40,47,39,16
58,56,1,8,16,22,56,58,30,40,47,39,16,51
56,1,8,16,22,56,58,30,40,47,39,16,51,15
1,8,16,22,56,58,30,40,47,39,16,51,15,16
8,16,22,56,58,30,40,47,39,16,51,15,16,53
16,22,56,58,30,40,47,39,16,51,15,16,53,20
22,56,58,30,40,47,39,16,51,15,16,53,20,60
56,58,30,40,47,39,16,51,15,16,53,20,60,12
58,30,40,47,39,16,51,15,16,53,20,60,12,45
30,40,47,39,16,51,15,16,53,20,60,12,45,1
40,47,39,16,51,15,16,53,20,60,12,45,1,28
47,39,16,51,15,16,53,20,60,12,45,1,28,47
39,16,51,15,16,53,20,60,12,45,1,28,47,20
16,51,15,16,53,20,60,12,45,1,28,47,20,44
51,15,16,53,20,60,12,45,1,28,47,20,44,32
15,16,53,20,60,12,45,1,28,47,20,44,32,2
16,53,20,60,12,45,1,28,47,20,44,32,2,54
53,20,60,12,45,1,28,47,20,44,32,2,54,48
20,60,12,45,1,28,47,20,44,32,2,54,48,51
60,12,45,1,28,47,20,44,32,2,54,48,51,19
12,45,1,28,47,20,44,32,2,54,48,51,19,28
45,1,28,47,20,44,32,2,54,48,51,19,28,27
1,28,47,20,44,32,2,54,48,51,19,28,27,46
28,47,20,44,32,2,54,48,51,19,28,27,46,5
47,20,44,32,2,54,48,51,19,28,27,46,5,50
20,44,32,2,54,48,51,19,28,27,46,5,50,11
44,32,2,54,48,51,19,28,27,46,5,50,11,22
32,2,54,48,51,19,28,27,46,5,50,11,22,13
2,54,48,51,19,28,27,46,5,50,11,22,13,41
54,48,51,19,28,27,46,5,50,11,22,13,41,24
48,51,19,28,27,46,5,50,11,22,13,41,24,42
51,19,28,27,46,5,50,11,22,13,41,24,42,10
19,28,27,46,5,50,11,22,13,41,24,42,10,56
28,27,46,5,50,11,22,13,41,24,42,10,56,49
27,46,5,50,11,22,13,41,24,42,10,56,49,42
46,5,50,11,22,13,41,24,42,10,56,49,42,37
5,50,11,22,13,41,24,42,10,56,49,42,37,8
50,11,22,13,41,24,42,10,56,49,42,37,8,20
11,22,13,41,24,42,10,56,49,42,37,8,20,26
22,13,41,24,42,10,56,49,42,37,8,20,26,30
13,41,24,42,10,56,49,42,37,8,20,26,30,32
41,24,42,10,56,49,42,37,8,20,26,30,32,34
24,42,10,56,49,42,37,8,20,26,30,32,34,50
42,10,56,49,42,37,8,20,26,30,32,34,50,28
10,56,49,42,37,8,20,26,30,32,34,50,28,26
56,49,42,37,8,20,26,30,32,34,50,28,26,52
49,42,37,8,20,26,30,32,34,50,28,26,52,58
42,37,8,20,26,30,32,34,50,28,26,52,58,43
37,8,20,26,30,32,34,50,28,26,52,58,43,48
8,20,26,30,32,34,50,28,26,52,58,43,48,11
20,26,30,32,34,50,28,26,52,58,43,48,11,18
26,30,32,34,50,28,26,52,58,43,48,11,18,42
30,32,34,50,28,26,52,58,43,48,11,18,42,10
32,34,50,28,26,52,58,43,48,11,18,42,10,50
34,50,28,26,52,58,43,48,11,18,42,10,50,41
50,28,26,52,58,43,48,11,18,42,10,50,41,11
28,26,52,58,43,48,11,18,42,10,50,41,11,36
26,52,58,43,48,11,18,42,10,50,41,11,36,51
52,58,43,48,11,18,42,10,50,41,11,36,51,39
58,43,48,11,18,42,10,50,41,11,36,51,39,35
43,48,11,18,42,10,50,41,11,36,51,39,35,60
48,11,18,42,10,50,41,11,36,51,39,35,60,45
11,18,42,10,50,41,11,36,51,39,35,60,45,13
18,42,10,50,41,11,36,51,39,35,60,45,13,12
42,10,50,41,11,36,51,39,35,60,45,13,12,42
10,50,41,11,36,51,39,35,60,45,13,12,42,59
50,41,11,36,51,39,35,60,45,13,12,42,59,46
41,11,36,51,39,35,60,45,13,12,42,59,46,19
11,36,51,39,35,60,45,13,12,42,59,46,19,60
36,51,39,35,60,45,13,12,42,59,46,19,60,17
51,39,35,60,45,13,12,42,59,46,19,60,17,13
39,35,60,45,13,12,42,59,46,19,60,17,13,33
35,60,45,13,12,42,59,46,19,60,17,13,33,9
60,45,13,12,42,59,46,19,60,17,13,33,9,1
45,13,12,42,59,46,19,60,17,13,33,9,1,34
13,12,42,59,46,19,60,17,13,33,9,1,34,51
12,42,59,46,19,60,17,13,33,9,1,34,51,17
42,59,46,19,60,17,13,33,9,1,34,51,17,56
59,46,19,60,17,13,33,9,1,34,51,17,56,36
46,19,60,17,13,33,9,1,34,51,17,56,36,44
19,60,17,13,33,9,1,34,51,17,56,36,44,40
60,17,13,33,9,1,34,51,17,56,36,44,40,14
17,13,33,9,1,34,51,17,56,36,44,40,14,45
13,33,9,1,34,51,17,56,36,44,40,14,45,24
33,9,1,34,51,17,56,36,44,40,14,45,24,37
9,1,34,51,17,56,36,44,40,14,45,24,37,40
1,34,51,17,56,36,44,40,14,45,24,37,40,42
34,51,17,56,36,44,40,14,45,24,37,40,42,57
51,17,56,36,44,40,14,45,24,37,40,42,57,29
17,56,36,44,40,14,45,24,37,40,42,57,29,31
56,36,44,40,14,45,24,37,40,42,57,29,31,27
36,44,40,14,45,24,37,40,42,57,29,31,27,34
44,40,14,45,24,37,40,42,57,29,31,27,34,14
40,14,45,24,37,40,42,57,29,31,27,34,14,52
14,45,24,37,40,42,57,29,31,27,34,14,52,48
45,24,37,40,42,57,29,31,27,34,14,52,48,24
24,37,40,42,57,29,31,27,34,14,52,48,24,53
37,40,42,57,29,31,27,34,14,52,48,24,53,54
40,42,57,29,31,27,34,14,52,48,24,53,54,3
42,57,29,31,27,34,14,52,48,24,53,54,3,13
57,29,31,27,34,14,52,48,24,53,54,3,13,47
29,31,27,34,14,52,48,24,53,54,3,13,47,60
31,27,34,14,52,48,24,53,54,3,13,47,60,32
27,34,14,52,48,24,53,54,3,13,47,60,32,49
34,14,52,48,24,53,54,3,13,47,60,32,49,10
14,52,48,24,53,54,3,13,47,60,32,49,10,56
52,48,24,53,54,3,13,47,60,32,49,10,56,19
48,24,53,54,3,13,47,60,32,49,10,56,19,11
24,53,54,3,13,47,60,32,49,10,56,19,11,14
53,54,3,13,47,60,32,49,10,56,19,11,14,12
54,3,13,47,60,32,49,10,56,19,11,14,12,54
3,13,47,60,32,49,10,56,19,11,14,12,54,5
13,47,60,32,49,10,56,19,11,14,12,54,5,48
47,60,32,49,10,56,19,11,14,12,54,5,48,23
60,32,49,10,56,19,11,14,12,54,5,48,23,42
32,49,10,56,19,11,14,12,54,5,48,23,42,45
49,10,56,19,11,14,12,54,5,48,23,42,45,29
10,56,19,11,14,12,54,5,48,23,42,45,29,9
56,19,11,14,12,54,5,48,23,42,45,29,9,54
19,11,14,12,54,5,48,23,42,45,29,9,54,41
11,14,12,54,5,48,23,42,45,29,9,54,41,48
14,12,54,5,48,23,42,45,29,9,54,41,48,33
12,54,5,48,23,42,45,29,9,54,41,48,33,24
54,5,48,23,42,45,29,9,54,41,48,33,24,53
5,48,23,42,45,29,9,54,41,48,33,24,53,59
48,23,42,45,29,9,54,41,48,33,24,53,59,25
23,42,45,29,9,54,41,48,33,24,53,59,25,29
42,45,29,9,54,41,48,33,24,53,59,25,29,10
45,29,9,54,41,48,33,24,53,59,25,29,10,24
29,9,54,41,48,33,24,53,59,25,29,10,24,39
9,54,41,48,33,24,53,59,25,29,10,24,39,45
54,41,48,33,24,53,59,25,29,10,24,39,45,28
41,48,33,24,53,59,25,29,10,24,39,45,28,26
48,33,24,53,59,25,29,10,24,39,45,28,26,48
33,24,53,59,25,29,10,24,39,45,28,26,48,60
24,53,59,25,29,10,24,39,45,28,26,48,60,24
53,59,25,29,10,24,39,45,28,26,48,60,24,18
59,25,29,10,24,39,45,28,26,48,60,24,18,57
25,29,10,24,39,45,28,26,48,60,24,18,57,56
29,10,24,39,45,28,26,48,60,24,18,57,56,10
10,24,39,45,28,26,48,60,24,18,57,56,10,20
24,39,45,28,26,48,60,24,18,57,56,10,20,31
39,45,28,26,48,60,24,18,57,56,10,20,31,24
45,28,26,48,60,24,18,57,56,10,20,31,24,19
28,26,48,60,24,18,57,56,10,20,31,24,19,34
26,48,60,24,18,57,56,10,20,31,24,19,34,9
48,60,24,18,57,56,10,20,31,24,19,34,9,5
60,24,18,57,56,10,20,31,24,19,34,9,5,10
24,18,57,56,10,20,31,24,19,34,9,5,10,11
18,57,56,10,20,31,24,19,34,9,5,10,11,56
57,56,10,20,31,24,19,34,9,5,10,11,56,40
56,10,20,31,24,19,34,9,5,10,11,56,40,41
10,20,31,24,19,34,9,5,10,11,56,40,41,6
20,31,24,19,34,9,5,10,11,56,40,41,6,26
31,24,19,34,9,5,10,11,56,40,41,6,26,39
24,19,34,9,5,10,11,56,40,41,6,26,39,1
19,34,9,5,10,11,56,40,41,6,26,39,1,37
34,9,5,10,11,56,40,41,6,26,39,1,37,43
9,5,10,11,56,40,41,6,26,39,1,37,43,48
5,10,11,56,40,41,6,26,39,1,37,43,48,59
10,11,56,40,41,6,26,39,1,37,43,48,59,37
11,56,40,41,6,26,39,1,37,43,48,59,37,46
56,40,41,6,26,39,1,37,43,48,59,37,46,36
40,41,6,26,39,1,37,43,48,59,37,46,36,35
41,6,26,39,1,37,43,48,59,37,46,36,35,51
6,26,39,1,37,43,48,59,37,46,36,35,51,20
26,39,1,37,43,48,59,37,46,36,35,51,20,59
39,1,37,43,48,59,37,46,36,35,51,20,59,58
1,37,43,48,59,37,46,36,35,51,20,59,58,33
37,43,48,59,37,46,36,35,51,20,59,58,33,60
43,48,59,37,46,36,35,51,20,59,58,33,60,16
48,59,37,46,36,35,51,20,59,58,33,60,16,41
59,37,46,36,35,51,20,59,58,33,60,16,41,20
37,46,36,35,51,20,59,58,33,60,16,41,20,36
46,36,35,51,20,59,58,33,60,16,41,20,36,3
36,35,51,20,59,58,33,60,16,41,20,36,3,11
35,51,20,59,58,33,60,16,41,20,36,3,11,6
51,20,59,58,33,60,16,41,20,36,3,11,6,14
20,59,58,33,60,16,41,20,36,3,11,6,14,29
59,58,33,60,16,41,20,36,3,11,6,14,29,40
58,33,60,16,41,20,36,3,11,6,14,29,40,34
33,60,16,41,20,36,3,11,6,14,29,40,34,51
60,16,41,20,36,3,11,6,14,29,40,34,51,52
16,41,20,36,3,11,6,14,29,40,34,51,52,53
41,20,36,3,11,6,14,29,40,34,51,52,53,5
20,36,3,11,6,14,29,40,34,51,52,53,5,38
36,3,11,6,14,29,40,34,51,52,53,5,38,54
3,11,6,14,29,40,34,51,52,53,5,38,54,46
11,6,14,29,40,34,51,52,53,5,38,54,46,11
6,14,29,40,34,51,52,53,5,38,54,46,11,42
14,29,40,34,51,52,53,5,38,54,46,11,42,40
29,40,34,51,52,53,5,38,54,46,11,42,40,27
40,34,51,52,53,5,38,54,46,11,42,40,27,4
34,51,52,53,5,38,54,46,11,42,40,27,4,55
51,52,53,5,38,54,46,11,42,40,27,4,55,36
52,53,5,38,54,46,11,42,40,27,4,55,36,4
53,5,38,54,46,11,42,40,27,4,55,36,4,60
5,38,54,46,11,42,40,27,4,55,36,4,60,56
38,54,46,11,42,40,27,4,55,36,4,60,56,25
54,46,11,42,40,27,4,55,36,4,60,56,25,18
46,11,42,40,27,4,55,36,4,60,56,25,18,23
11,42,40,27,4,55,36,4,60,56,25,18,23,1
42,40,27,4,55,36,4,60,56,25,18,23,1,49
40,27,4,55,36,4,60,56,25,18,23,1,49,30
27,4,55,36,4,60,56,25,18,23,1,49,30,55
4,55,36,4,60,56,25,18,23,1,49,30,55,27
55,36,4,60,56,25,18,23,1,49,30,55,27,51
36,4,60,56,25,18,23,1,49,30,55,27,51,12
4,60,56,25,18,23,1,49,30,55,27,51,12,1
60,56,25,18,23,1,49,30,55,27,51,12,1,55
56,25,18,23,1,49,30,55,27,51,12,1,55,59
25,18,23,1,49,30,55,27,51,12,1,55,59,38
18,23,1,49,30,55,27,51,12,1,55,59,38,36
23,1,49,30,55,27,51,12,1,55,59,38,36,8
1,49,30,55,27,51,12,1,55,59,38,36,8,47
49,30,55,27,51,12,1,55,59,38,36,8,47,7
30,55,27,51,12,1,55,59,38,36,8,47,7,48
55,27,51,12,1,55,59,38,36,8,47,7,48,25
27,51,12,1,55,59,38,36,8,47,7,48,25,18
51,12,1,55,59,38,36,8,47,7,48,25,18,7
12,1,55,59,38,36,8,47,7,48,25,18,7,26
1,55,59,38,36,8,47,7,48,25,18,7,26,16
55,59,38,36,8,47,7,48,25,18,7,26,16,29
59,38,36,8,47,7,48,25,18,7,26,16,29,45
38,36,8,47,7,48,25,18,7,26,16,29,45,55
36,8,47,7,48,25,18,7,26,16,29,45,55,5
8,47,7,48,25,18,7,26,16,29,45,55,5,23
47,7,48,25,18,7,26,16,29,45,55,5,23,16
7,48,25,18,7,26,16,29,45,55,5,23,16,4
48,25,18,7,26,16,29,45,55,5,23,16,4,49
25,18,7,26,16,29,45,55,5,23,16,4,49,1
18,7,26,16,29,45,55,5,23,16,4,49,1,49
7,26,16,29,45,55,5,23,16,4,49,1,49,33
26,16,29,45,55,5,23,16,4,49,1,49,33,56
16,29,45,55,5,23,16,4,49,1,49,33,56,2
29,45,55,5,23,16,4,49,1,49,33,56,2,14
45,55,5,23,16,4,49,1,49,33,56,2,14,1
55,5,23,16,4,49,1,49,33,56,2,14,1,7
5,23,16,4,49,1,49,33,56,2,14,1,7,41
23,16,4,49,1,49,33,56,2,14,1,7,41,24
16,4,49,1,49,33,56,2,14,1,7,41,24,40
4,49,1,49,33,56,2,14,1,7,41,24,40,49
49,1,49,33,56,2,14,1,7,41,24,40,49,27
1,49,33,56,2,14,1,7,41,24,40,49,27,42
49,33,56,2,14,1,7,41,24,40,49,27,42,59
33,56,2,14,1,7,41,24,40,49,27,42,59,58
56,2,14,1,7,41,24,40,49,27,42,59,58,37
2,14,1,7,41,24,40,49,27,42,59,58,37,48
14,1,7,41,24,40,49,27,42,59,58,37,48,22
1,7,41,24,40,49,27,42,59,58,37,48,22,27
7,41,24,40,49,27,42,59,58,37,48,22,27,16
41,24,40,49,27,42,59,58,37,48,22,27,16,39
24,40,49,27,42,59,58,37,48,22,27,16,39,51
40,49,27,42,59,58,37,48,22,27,16,39,51,9
49,27,42,59,58,37,48,22,27,16,39,51,9,38
27,42,59,58,37,48,22,27,16,39,51,9,38,43
42,59,58,37,48,22,27,16,39,51,9,38,43,34
59,58,37,48,22,27,16,39,51,9,38,43,34,53
58,37,48,22,27,16,39,51,9,38,43,34,53,38
37,48,22,27,16,39,51,9,38,43,34,53,38,28
48,22,27,16,39,51,9,38,43,34,53,38,28,24
22,27,16,39,51,9,38,43,34,53,38,28,24,6
27,16,39,51,9,38,43,34,53,38,28,24,6,40
16,39,51,9,38,43,34,53,38,28,24,6,40,37
39,51,9,38,43,34,53,38,28,24,6,40,37,11
51,9,38,43,34,53,38,28,24,6,40,37,11,20
9,38,43,34,53,38,28,24,6,40,37,11,20,34
38,43,34,53,38,28,24,6,40,37,11,20,34,22
43,34,53,38,28,24,6,40,37,11,20,34,22,32
34,53,38,28,24,6,40,37,11,20,34,22,32,18
53,38,28,24,6,40,37,11,20,34,22,32,18,29
38,28,24,6,40,37,11,20,34,22,32,18,29,42
28,24,6,40,37,11,20,34,22,32,18,29,42,38
24,6,40,37,11,20,34,22,32,18,29,42,38,50
6,40,37,11,20,34,22,32,18,29,42,38,50,42
40,37,11,20,34,22,32,18,29,42,38,50,42,30
37,11,20,34,22,32,18,29,42,38,50,42,30,25
11,20,34,22,32,18,29,42,38,50,42,30,25,43
20,34,22,32,18,29,42,38,50,42,30,25,43,24
34,22,32,18,29,42,38,50,42,30,25,43,24,49
22,32,18,29,42,38,50,42,30,25,43,24,49,32
32,18,29,42,38,50,42,30,25,43,24,49,32,15
18,29,42,38,50,42,30,25,43,24,49,32,15,9
29,42,38,50,42,30,25,43,24,49,32,15,9,41
42,38,50,42,30,25,43,24,49,32,15,9,41,42
38,50,42,30,25,43,24,49,32,15,9,41,42,25
50,42,30,25,43,24,49,32,15,9,41,42,25,10
42,30,25,43,24,49,32,15,9,41,42,25,10,48
30,25,43,24,49,32,15,9,41,42,25,10,48,8
25,43,24,49,32,15,9,41,42,25,10,48,8,32
43,24,49,32,15,9,41,42,25,10,48,8,32,55
24,49,32,15,9,41,42,25,10,48,8,32,55,44
49,32,15,9,41,42,25,10,48,8,32,55,44,46
32,15,9,41,42,25,10,48,8,32,55,44,46,31
15,9,41,42,25,10,48,8,32,55,44,46,31,14
9,41,42,25,10,48,8,32,55,44,46,31,14,40
41,42,25,10,48,8,32,55,44,46,31,14,40,42
42,25,10,48,8,32,55,44,46,31,14,40,42,37
25,10,48,8,32,55,44,46,31,14,40,42,37,21
10,48,8,32,55,44,46,31,14,40,42,37,21,54
48,8,32,55,44,46,31,14,40,42,37,21,54,3
8,32,55,44,46,31,14,40,42,37,21,54,3,58
32,55,44,46,31,14,40,42,37,21,54,3,58,25
55,44,46,31,14,40,42,37,21,54,3,58,25,44
44,46,31,14,40,42,37,21,54,3,58,25,44,2
46,31,14,40,42,37,21,54,3,58,25,44,2,26
31,14,40,42,37,21,54,3,58,25,44,2,26,5
14,40,42,37,21,54,3,58,25,44,2,26,5,3
40,42,37,21,54,3,58,25,44,2,26,5,3,22
42,37,21,54,3,58,25,44,2,26,5,3,22,59
37,21,54,3,58,25,44,2,26,5,3,22,59,21
21,54,3,58,25,44,2,26,5,3,22,59,21,53
54,3,58,25,44,2,26,5,3,22,59,21,53,25
3,58,25,44,2,26,5,3,22,59,21,53,25,58
58,25,44,2,26,5,3,22,59,21,53,25,58,38
25,44,2,26,5,3,22,59,21,53,25,58,38,60
44,2,26,5,3,22,59,21,53,25,58,38,60,37
2,26,5,3,22,59,21,53,25,58,38,60,37,47
26,5,3,22,59,21,53,25,58,38,60,37,47,36
5,3,22,59,21,53,25,58,38,60,37,47,36,4
3,22,59,21,53,25,58,38,60,37,47,36,4,27
22,59,21,53,25,58,38,60,37,47,36,4,27,43
59,21,53,25,58,38,60,37,47,36,4,27,43,40
21,53,25,58,38,60,37,47,36,4,27,43,40,12
53,25,58,38,60,37,47,36,4,27,43,40,12,11
25,58,38,60,37,47,36,4,27,43,40,12,11,2
58,38,60,37,47,36,4,27,43,40,12,11,2,35
38,60,37,47,36,4,27,43,40,12,11,2,35,50
60,37,47,36,4,27,43,40,12,11,2,35,50,37
37,47,36,4,27,43,40,12,11,2,35,50,37,33
47,36,4,27,43,40,12,11,2,35,50,37,33,40
36,4,27,43,40,12,11,2,35,50,37,33,40,19
4,27,43,40,12,11,2,35,50,37,33,40,19,17
27,43,40,12,11,2,35,50,37,33,40,19,17,33
43,40,12,11,2,35,50,37,33,40,19,17,33,27
40,12,11,2,35,50,37,33,40,19,17,33,27,5
12,11,2,35,50,37,33,40,19,17,33,27,5,56
11,2,35,50,37,33,40,19,17,33,27,5,56,12
2,35,50,37,33,40,19,17,33,27,5,56,12,43
35,50,37,33,40,19,17,33,27,5,56,12,43,33
50,37,33,40,19,17,33,27,5,56,12,43,33,5
37,33,40,19,17,33,27,5,56,12,43,33,5,4
33,40,19,17,33,27,5,56,12,43,33,5,4,54
40,19,17,33,27,5,56,12,43,33,5,4,54,15
19,17,33,27,5,56,12,43,33,5,4,54,15,26
17,33,27,5,56,12,43,33,5,4,54,15,26,59
33,27,5,56,12,43,33,5,4,54,15,26,59,48
27,5,56,12,43,33,5,4,54,15,26,59,48,1
5,56,12,43,33,5,4,54,15,26,59,48,1,7
56,12,43,33,5,4,54,15,26,59,48,1,7,41
12,43,33,5,4,54,15,26,59,48,1,7,41,14
43,33,5,4,54,15,26,59,48,1,7,41,14,47
33,5,4,54,15,26,59,48,1,7,41,14,47,30
5,4,54,15,26,59,48,1,7,41,14,47,30,52
4,54,15,26,59,48,1,7,41,14,47,30,52,11
54,15,26,59,48,1,7,41,14,47,30,52,11,21
15,26,59,48,1,7,41,14,47,30,52,11,21,35
26,59,48,1,7,41,14,47,30,52,11,21,35,6
59,48,1,7,41,14,47,30,52,11,21,35,6,60
48,1,7,41,14,47,30,52,11,21,35,6,60,7
1,7,41,14,47,30,52,11,21,35,6,60,7,31
7,41,14,47,30,52,11,21,35,6,60,7,31,49
41,14,47,30,52,11,21,35,6,60,7,31,49,51
14,47,30,52,11,21,35,6,60,7,31,49,51,15
47,30,52,11,21,35,6,60,7,31,49,51,15,41
30,52,11,21,35,6,60,7,31,49,51,15,41,8
52,11,21,35,6,60,7,31,49,51,15,41,8,47
11,21,35,6,60,7,31,49,51,15,41,8,47,12
21,35,6,60,7,31,49,51,15,41,8,47,12,53
35,6,60,7,31,49,51,15,41,8,47,12,53,55
6,60,7,31,49,51,15,41,8,47,12,53,55,16
60,7,31,49,51,15,41,8,47,12,53,55,16,58
7,31,49,51,15,41,8,47,12,53,55,16,58,8
31,49,51,15,41,8,47,12,53,55,16,58,8,37
49,51,15,41,8,47,12,53,55,16,58,8,37,50
51,15,41,8,47,12,53,55,16,58,8,37,50,33
15,41,8,47,12,53,55,16,58,8,37,50,33,18
41,8,47,12,53,55,16,58,8,37,50,33,18,60
8,47,12,53,55,16,58,8,37,50,33,18,60,11
47,12,53,55,16,58,8,37,50,33,18,60,11,58
12,53,55,16,58,8,37,50,33,18,60,11,58,57
53,55,16,58,8,37,50,33,18,60,11,58,57,14
55,16,58,8,37,50,33,18,60,11,58,57,14,50
16,58,8,37,50,33,18,60,11,58,57,14,50,41
58,8,37,50,33,18,60,11,58,57,14,50,41,17
8,37,50,33,18,60,11,58,57,14,50,41,17,31
37,50,33,18,60,11,58,57,14,50,41,17,31,13
50,33,18,60,11,58,57,14,50,41,17,31,13,15
33,18,60,11,58,57,14,50,41,17,31,13,15,19
18,60,11,58,57,14,50,41,17,31,13,15,19,29
60,11,58,57,14,50,41,17,31,13,15,19,29,53
11,58,57,14,50,41,17,31,13,15,19,29,53,37
58,57,14,50,41,17,31,13,15,19,29,53,37,41
57,14,50,41,17,31,13,15,19,29,53,37,41,13
14,50,41,17,31,13,15,19,29,53,37,41,13,40
50,41,17,31,13,15,19,29,53,37,41,13,40,21
41,17,31,13,15,19,29,53,37,41,13,40,21,52
17,31,13,15,19,29,53,37,41,13,40,21,52,6
31,13,15,19,29,53,37,41,13,40,21,52,6,11
13,15,19,29,53,37,41,13,40,21,52,6,11,37
15,19,29,53,37,41,13,40,21,52,6,11,37,16
19,29,53,37,41,13,40,21,52,6,11,37,16,34
29,53,37,41,13,40,21,52,6,11,37,16,34,57
53,37,41,13,40,21,52,6,11,37,16,34,57,53
37,41,13,40,21,52,6,11,37,16,34,57,53,9
41,13,40,21,52,6,11,37,16,34,57,53,9,53
13,40,21,52,6,11,37,16,34,57,53,9,53,35
40,21,52,6,11,37,16,34,57,53,9,53,35,32
21,52,6,11,37,16,34,57,53,9,53,35,32,31
52,6,11,37,16,34,57,53,9,53,35,32,31,28
6,11,37,16,34,57,53,9,53,35,32,31,28,51
11,37,16,34,57,53,9,53,35,32,31,28,51,22
37,16,34,57,53,9,53,35,32,31,28,51,22,8
16,34,57,53,9,53,35,32,31,28,51,22,8,27
34,57,53,9,53,35,32,31,28,51,22,8,27,43
57,53,9,53,35,32,31,28,51,22,8,27,43,55
53,9,53,35,32,31,28,51,22,8,27,43,55,12
9,53,35,32,31,28,51,22,8,27,43,55,12,53
53,35,32,31,28,51,22,8,27,43,55,12,53,17
35,32,31,28,51,22,8,27,43,55,12,53,17,50
32,31,28,51,22,8,27,43,55,12,53,17,50,23
31,28,51,22,8,27,43,55,12,53,17,50,23,54
28,51,22,8,27,43,55,12,53,17,50,23,54,48
51,22,8,27,43,55,12,53,17,50,23,54,48,2
22,8,27,43,55,12,53,17,50,23,54,48,2,3
8,27,43,55,12,53,17,50,23,54,48,2,3,24
27,43,55,12,53,17,50,23,54,48,2,3,24,40
43,55,12,53,17,50,23,54,48,2,3,24,40,31
55,12,53,17,50,23,54,48,2,3,24,40,31,14
12,53,17,50,23,54,48,2,3,24,40,31,14,13
53,17,50,23,54,48,2,3,24,40,31,14,13,1
17,50,23,54,48,2,3,24,40,31,14,13,1,31
50,23,54,48,2,3,24,40,31,14,13,1,31,23
23,54,48,2,3,24,40,31,14,13,1,31,23,60
54,48,2,3,24,40,31,14,13,1,31,23,60,48
48,2,3,24,40,31,14,13,1,31,23,60,48,1
2,3,24,40,31,14,13,1,31,23,60,48,1,56
3,24,40,31,14,13,1,31,23,60,48,1,56,18
24,40,31,14,13,1,31,23,60,48,1,56,18,58
40,31,14,13,1,31,23,60,48,1,56,18,58,45
31,14,13,1,31,23,60,48,1,56,18,58,45,57
14,13,1,31,23,60,48,1,56,18,58,45,57,30
13,1,31,23,60,48,1,56,18,58,45,57,30,24
1,31,23,60,48,1,56,18,58,45,57,30,24,2
31,23,60,48,1,56,18,58,45,57,30,24,2,45
23,60,48,1,56,18,58,45,57,30,24,2,45,11
60,48,1,56,18,58,45,57,30,24,2,45,11,27
48,1,56,18,58,45,57,30,24,2,45,11,27,2
1,56,18,58,45,57,30,24,2,45,11,27,2,27
56,18,58,45,57,30,24,2,45,11,27,2,27,50
18,58,45,57,30,24,2,45,11,27,2,27,50,34
58,45,57,30,24,2,45,11,27,2,27,50,34,18
45,57,30,24,2,45,11,27,2,27,50,34,18,4
57,30,24,2,45,11,27,2,27,50,34,18,4,3
30,24,2,45,11,27,2,27,50,34,18,4,3,15
24,2,45,11,27,2,27,50,34,18,4,3,15,11
2,45,11,27,2,27,50,34,18,4,3,15,11,13
45,11,27,2,27,50,34,18,4,3,15,11,13,26
11,27,2,27,50,34,18,4,3,15,11,13,26,43
27,2,27,50,34,18,4,3,15,11,13,26,43,22
2,27,50,34,18,4,3,15,11,13,26,43,22,10
27,50,34,18,4,3,15,11,13,26,43,22,10,17
50,34,18,4,3,15,11,13,26,43,22,10,17,7
34,18,4,3,15,11,13,26,43,22,10,17,7,2
18,4,3,15,11,13,26,43,22,10,17,7,2,60
4,3,15,11,13,26,43,22,10,17,7,2,60,51
3,15,11,13,26,43,22,10,17,7,2,60,51,8
15,11,13,26,43,22,10,17,7,2,60,51,8,1
11,13,26,43,22,10,17,7,2,60,51,8,1,43
13,26,43,22,10,17,7,2,60,51,8,1,43,10
26,43,22,10,17,7,2,60,51,8,1,43,10,36
43,22,10,17,7,2,60,51,8,1,43,10,36,45
22,10,17,7,2,60,51,8,1,43,10,36,45,13
10,17,7,2,60,51,8,1,43,10,36,45,13,39
17,7,2,60,51,8,1,43,10,36,45,13,39,47
7,2,60,51,8,1,43,10,36,45,13,39,47,9
2,60,51,8,1,43,10,36,45,13,39,47,9,7
60,51,8,1,43,10,36,45,13,39,47,9,7,29
51,8,1,43,10,36,45,13,39,47,9,7,29,22
8,1,43,10,36,45,13,39,47,9,7,29,22,44
1,43,10,36,45,13,39,47,9,7,29,22,44,9
43,10,36,45,13,39,47,9,7,29,22,44,9,6
10,36,45,13,39,47,9,7,29,22,44,9,6,4
36,45,13,39,47,9,7,29,22,44,9,6,4,46
45,13,39,47,9,7,29,22,44,9,6,4,46,25
13,39,47,9,7,29,22,44,9,6,4,46,25,5
39,47,9,7,29,22,44,9,6,4,46,25,5,49
47,9,7,29,22,44,9,6,4,46,25,5,49,39
9,7,29,22,44,9,6,4,46,25,5,49,39,34
7,29,22,44,9,6,4,46,25,5,49,39,34,10
29,22,44,9,6,4,46,25,5,49,39,34,10,5
22,44,9,6,4,46,25,5,49,39,34,10,5,41
44,9,6,4,46,25,5,49,39,34,10,5,41,59
9,6,4,46,25,5,49,39,34,10,5,41,59,40
6,4,46,25,5,49,39,34,10,5,41,59,40,33
4,46,25,5,49,39,34,10,5,41,59,40,33,35
46,25,5,49,39,34,10,5,41,59,40,33,35,7
25,5,49,39,34,10,5,41,59,40,33,35,7,53
5,49,39,34,10,5,41,59,40,33,35,7,53,58
49,39,34,10,5,41,59,40,33,35,7,53,58,8
39,34,10,5,41,59,40,33,35,7,53,58,8,43
34,10,5,41,59,40,33,35,7,53,58,8,43,46
10,5,41,59,40,33,35,7,53,58,8,43,46,1
5,41,59,40,33,35,7,53,58,8,43,46,1,26
41,59,40,33,35,7,53,58,8,43,46,1,26,16
59,40,33,35,7,53,58,8,43,46,1,26,16,12
40,33,35,7,53,58,8,43,46,1,26,16,12,54
33,35,7,53,58,8,43,46,1,26,16,12,54,17
35,7,53,58,8,43,46,1,26,16,12,54,17,53
7,53,58,8,43,46,1,26,16,12,54,17,53,39
53,58,8,43,46,1,26,16,12,54,17,53,39,8
58,8,43,46,1,26,16,12,54,17,53,39,8,7
8,43,46,1,26,16,12,54,17,53,39,8,7,35
43,46,1,26,16,12,54,17,53,39,8,7,35,54
46,1,26,16,12,54,17,53,39,8,7,35,54,36
1,26,16,12,54,17,53,39,8,7,35,54,36,12
26,16,12,54,17,53,39,8,7,35,54,36,12,4
16,12,54,17,53,39,8,7,35,54,36,12,4,33
12,54,17,53,39,8,7,35,54,36,12,4,33,24
54,17,53,39,8,7,35,54,36,12,4,33,24,29
17,53,39,8,7,35,54,36,12,4,33,24,29,2
53,39,8,7,35,54,36,12,4,33,24,29,2,7
39,8,7,35,54,36,12,4,33,24,29,2,7,50
8,7,35,54,36,12,4,33,24,29,2,7,50,16
7,35,54,36,12,4,33,24,29,2,7,50,16,32
35,54,36,12,4,33,24,29,2,7,50,16,32,28
54,36,12,4,33,24,29,2,7,50,16,32,28,35
36,12,4,33,24,29,2,7,50,16,32,28,35,41
12,4,33,24,29,2,7,50,16,32,28,35,41,17
4,33,24,29,2,7,50,16,32,28,35,41,17,6
33,24,29,2,7,50,16,32,28,35,41,17,6,23
24,29,2,7,50,16,32,28,35,41,17,6,23,7
29,2,7,50,16,32,28,35,41,17,6,23,7,35
2,7,50,16,32,28,35,41,17,6,23,7,35,21
7,50,16,32,28,35,41,17,6,23,7,35,21,39
50,16,32,28,35,41,17,6,23,7,35,21,39,58
16,32,28,35,41,17,6,23,7,35,21,39,58,33
32,28,35,41,17,6,23,7,35,21,39,58,33,39
28,35,41,17,6,23,7,35,21,39,58,33,39,47
35,41,17,6,23,7,35,21,39,58,33,39,47,37
41,17,6,23,7,35,21,39,58,33,39,47,37,53
17,6,23,7,35,21,39,58,33,39,47,37,53,32
6,23,7,35,21,39,58,33,39,47,37,53,32,3
23,7,35,21,39,58,33,39,47,37,53,32,3,12
7,35,21,39,58,33,39,47,37,53,32,3,12,56
35,21,39,58,33,39,47,37,53,32,3,12,56,44
21,39,58,33,39,47,37,53,32,3,12,56,44,51
39,58,33,39,47,37,53,32,3,12,56,44,51,31
58,33,39,47,37,53,32,3,12,56,44,51,31,54
33,39,47,37,53,32,3,12,56,44,51,31,54,14
39,47,37,53,32,3,12,56,44,51,31,54,14,3
47,37,53,32,3,12,56,44,51,31,54,14,3,23
37,53,32,3,12,56,44,51,31,54,14,3,23,55
53,32,3,12,56,44,51,31,54,14,3,23,55,36
32,3,12,56,44,51,31,54,14,3,23,55,36,25
3,12,56,44,51,31,54,14,3,23,55,36,25,60
12,56,44,51,31,54,14,3,23,55,36,25,60,36
56,44,51,31,54,14,3,23,55,36,25,60,36,57
44,51,31,54,14,3,23,55,36,25,60,36,57,18
51,31,54,14,3,23,55,36,25,60,36,57,18,44
31,54,14,3,23,55,36,25,60,36,57,18,44,9
54,14,3,23,55,36,25,60,36,57,18,44,9,16
14,3,23,55,36,25,60,36,57,18,44,9,16,6
3,23,55,36,25,60,36,57,18,44,9,16,6,52
23,55,36,25,60,36,57,18,44,9,16,6,52,1
55,36,25,60,36,57,18,44,9,16,6,52,1,36
36,25,60,36,57,18,44,9,16,6,52,1,36,50
25,60,36,57,18,44,9,16,6,52,1,36,50,34
60,36,57,18,44,9,16,6,52,1,36,50,34,51
36,57,18,44,9,16,6,52,1,36,50,34,51,55
57,18,44,9,16,6,52,1,36,50,34,51,55,17
18,44,9,16,6,52,1,36,50,34,51,55,17,48
44,9,16,6,52,1,36,50,34,51,55,17,48,27
9,16,6,52,1,36,50,34,51,55,17,48,27,49
16,6,52,1,36,50,34,51,55,17,48,27,49,9
6,52,1,36,50,34,51,55,17,48,27,49,9,3
52,1,36,50,34,51,55,17,48,27,49,9,3,35
1,36,50,34,51,55,17,48,27,49,9,3,35,37
36,50,34,51,55,17,48,27,49,9,3,35,37,41
50,34,51,55,17,48,27,49,9,3,35,37,41,40
34,51,55,17,48,27,49,9,3,35,37,41,40,47
51,55,17,48,27,49,9,3,35,37,41,40,47,1
55,17,48,27,49,9,3,35,37,41,40,47,1,5
17,48,27,49,9,3,35,37,41,40,47,1,5,7
48,27,49,9,3,35,37,41,40,47,1,5,7,37
27,49,9,3,35,37,41,40,47,1,5,7,37,14
49,9,3,35,37,41,40,47,1,5,7,37,14,42
9,3,35,37,41,40,47,1,5,7,37,14,42,12
3,35,37,41,40,47,1,5,7,37,14,42,12,4
35,37,41,40,47,1,5,7,37,14,42,12,4,59
37,41,40,47,1,5,7,37,14,42,12,4,59,30
41,40,47,1,5,7,37,14,42,12,4,59,30,44
40,47,1,5,7,37,14,42,12,4,59,30,44,42
47,1,5,7,37,14,42,12,4,59,30,44,42,13
1,5,7,37,14,42,12,4,59,30,44,42,13,8
5,7,37,14,42,12,4,59,30,44,42,13,8,24
7,37,14,42,12,4,59,30,44,42,13,8,24,32
37,14,42,12,4,59,30,44,42,13,8,24,32,33
14,42,12,4,59,30,44,42,13,8,24,32,33,56
42,12,4,59,30,44,42,13,8,24,32,33,56,18
12,4,59,30,44,42,13,8,24,32,33,56,18,57
4,59,30,44,42,13,8,24,32,33,56,18,57,43
59,30,44,42,13,8,24,32,33,56,18,57,43,5
30,44,42,13,8,24,32,33,56,18,57,43,5,45
44,42,13,8,24,32,33,56,18,57,43,5,45,15
42,13,8,24,32,33,56,18,57,43,5,45,15,2
13,8,24,32,33,56,18,57,43,5,45,15,2,54
8,24,32,33,56,18,57,43,5,45,15,2,54,16
24,32,33,56,18,57,43,5,45,15,2,54,16,50
32,33,56,18,57,43,5,45,15,2,54,16,50,35
33,56,18,57,43,5,45,15,2,54,16,50,35,6
56,18,57,43,5,45,15,2,54,16,50,35,6,15
18,57,43,5,45,15,2,54,16,50,35,6,15,23
57,43,5,45,15,2,54,16,50,35,6,15,23,28
43,5,45,15,2,54,16,50,35,6,15,23,28,16
5,45,15,2,54,16,50,35,6,15,23,28,16,49
45,15,2,54,16,50,35,6,15,23,28,16,49,19
15,2,54,16,50,35,6,15,23,28,16,49,19,53
2,54,16,50,35,6,15,23,28,16,49,19,53,50
54,16,50,35,6,15,23,28,16,49,19,53,50,17
16,50,35,6,15,23,28,16,49,19,53,50,17,6
50,35,6,15,23,28,16,49,19,53,50,17,6,12
35,6,15,23,28,16,49,19,53,50,17,6,12,26
6,15,23,28,16,49,19,53,50,17,6,12,26,31
15,23,28,16,49,19,53,50,17,6,12,26,31,43
23,28,16,49,19,53,50,17,6,12,26,31,43,46
28,16,49,19,53,50,17,6,12,26,31,43,46,2
16,49,19,53,50,17,6,12,26,31,43,46,2,44
49,19,53,50,17,6,12,26,31,43,46,2,44,45
19,53,50,17,6,12,26,31,43,46,2,44,45,27
53,50,17,6,12,26,31,43,46,2,44,45,27,29
50,17,6,12,26,31,43,46,2,44,45,27,29,43
17,6,12,26,31,43,46,2,44,45,27,29,43,54
6,12,26,31,43,46,2,44,45,27,29,43,54,40
12,26,31,43,46,2,44,45,27,29,43,54,40,42
26,31,43,46,2,44,45,27,29,43,54,40,42,15
31,43,46,2,44,45,27,29,43,54,40,42,15,52
43,46,2,44,45,27,29,43,54,40,42,15,52,38
46,2,44,45,27,29,43,54,40,42,15,52,38,9
2,44,45,27,29,43,54,40,42,15,52,38,9,1
44,45,27,29,43,54,40,42,15,52,38,9,1,21
45,27,29,43,54,40,42,15,52,38,9,1,21,38
27,29,43,54,40,42,15,52,38,9,1,21,38,41
29,43,54,40,42,15,52,38,9,1,21,38,41,56
43,54,40,42,15,52,38,9,1,21,38,41,56,49
54,40,42,15,52,38,9,1,21,38,41,56,49,33
40,42,15,52,38,9,1,21,38,41,56,49,33,12
42,15,52,38,9,1,21,38,41,56,49,33,12,24
15,52,38,9,1,21,38,41,56,49,33,12,24,38
52,38,9,1,21,38,41,56,49,33,12,24,38,11
38,9,1,21,38,41,56,49,33,12,24,38,11,32
9,1,21,38,41,56,49,33,12,24,38,11,32,15
1,21,38,41,56,49,33,12,24,38,11,32,15,30
21,38,41,56,49,33,12,24,38,11,32,15,30,14
38,41,56,49,33,12,24,38,11,32,15,30,14,42
41,56,49,33,12,24,38,11,32,15,30,14,42,26
56,49,33,12,24,38,11,32,15,30,14,42,26,54
49,33,12,24,38,11,32,15,30,14,42,26,54,6
33,12,24,38,11,32,15,30,14,42,26,54,6,45
12,24,38,11,32,15,30,14,42,26,54,6,45,56
24,38,11,32,15,30,14,42,26,54,6,45,56,49
38,11,32,15,30,14,42,26,54,6,45,56,49,35
11,32,15,30,14,42,26,54,6,45,56,49,35,10
32,15,30,14,42,26,54,6,45,56,49,35,10,29
15,30,14,42,26,54,6,45,56,49,35,10,29,47
30,14,42,26,54,6,45,56,49,35,10,29,47,12
14,42,26,54,6,45,56,49,35,10,29,47,12,50
42,26,54,6,45,56,49,35,10,29,47,12,50,16
26,54,6,45,56,49,35,10,29,47,12,50,16,28
54,6,45,56,49,35,10,29,47,12,50,16,28,26
6,45,56,49,35,10,29,47,12,50,16,28,26,39
45,56,49,35,10,29,47,12,50,16,28,26,39,27
56,49,35,10,29,47,12,50,16,28,26,39,27,24
49,35,10,29,47,12,50,16,28,26,39,27,24,59
35,10,29,47,12,50,16,28,26,39,27,24,59,36
10,29,47,12,50,16,28,26,39,27,24,59,36,34
29,47,12,50,16,28,26,39,27,24,59,36,34,17
47,12,50,16,28,26,39,27,24,59,36,34,17,7
12,50,16,28,26,39,27,24,59,36,34,17,7,41
50,16,28,26,39,27,24,59,36,34,17,7,41,2
16,28,26,39,27,24,59,36,34,17,7,41,2,50
28,26,39,27,24,59,36,34,17,7,41,2,50,54
26,39,27,24,59,36,34,17,7,41,2,50,54,20
39,27,24,59,36,34,17,7,41,2,50,54,20,32
27,24,59,36,34,17,7,41,2,50,54,20,32,60
24,59,36,34,17,7,41,2,50,54,20,32,60,25
59,36,34,17,7,41,2,50,54,20,32,60,25,23
36,34,17,7,41,2,50,54,20,32,60,25,23,26
34,17,7,41,2,50,54,20,32,60,25,23,26,46
17,7,41,2,50,54,20,32,60,25,23,26,46,12
7,41,2,50,54,20,32,60,25,23,26,46,12,23
41,2,50,54,20,32,60,25,23,26,46,12,23,39
2,50,54,20,32,60,25,23,26,46,12,23,39,4
50,54,20,32,60,25,23,26,46,12,23,39,4,21
54,20,32,60,25,23,26,46,12,23,39,4,21,57
20,32,60,25,23,26,46,12,23,39,4,21,57,37
32,60,25,23,26,46,12,23,39,4,21,57,37,16
60,25,23,26,46,12,23,39,4,21,57,37,16,43
25,23,26,46,12,23,39,4,21,57,37,16,43,2
23,26,46,12,23,39,4,21,57,37,16,43,2,49
26,46,12,23,39,4,21,57,37,16,43,2,49,12
46,12,23,39,4,21,57,37,16,43,2,49,12,10
12,23,39,4,21,57,37,16,43,2,49,12,10,57
23,39,4,21,57,37,16,43,2,49,12,10,57,25
39,4,21,57,37,16,43,2,49,12,10,57,25,1
4,21,57,37,16,43,2,49,12,10,57,25,1,21
21,57,37,16,43,2,49,12,10,57,25,1,21,23
57,37,16,43,2,49,12,10,57,25,1,21,23,56
37,16,43,2,49,12,10,57,25,1,21,23,56,12
16,43,2,49,12,10,57,25,1,21,23,56,12,3
43,2,49,12,10,57,25,1,21,23,56,12,3,2
2,49,12,10,57,25,1,21,23,56,12,3,2,1
49,12,10,57,25,1,21,23,56,12,3,2,1,7
12,10,57,25,1,21,23,56,12,3,2,1,7,19
10,57,25,1,21,23,56,12,3,2,1,7,19,51
57,25,1,21,23,56,12,3,2,1,7,19,51,35
25,1,21,23,56,12,3,2,1,7,19,51,35,2
1,21,23,56,12,3,2,1,7,19,51,35,2,24
21,23,56,12,3,2,1,7,19,51,35,2,24,47
23,56,12,3,2,1,7,19,51,35,2,24,47,4
56,12,3,2,1,7,19,51,35,2,24,47,4,57
12,3,2,1,7,19,51,35,2,24,47,4,57,48
3,2,1,7,19,51,35,2,24,47,4,57,48,50
2,1,7,19,51,35,2,24,47,4,57,48,50,58
1,7,19,51,35,2,24,47,4,57,48,50,58,17
7,19,51,35,2,24,47,4,57,48,50,58,17,54
19,51,35,2,24,47,4,57,48,50,58,17,54,10
51,35,2,24,47,4,57,48,50,58,17,54,10,42
35,2,24,47,4,57,48,50,58,17,54,10,42,33
2,24,47,4,57,48,50,58,17,54,10,42,33,4
24,47,4,57,48,50,58,17,54,10,42,33,4,25
47,4,57,48,50,58,17,54,10,42,33,4,25,38
4,57,48,50,58,17,54,10,42,33,4,25,38,50
57,48,50,58,17,54,10,42,33,4,25,38,50,20
48,50,58,17,54,10,42,33,4,25,38,50,20,7
50,58,17,54,10,42,33,4,25,38,50,20,7,25
58,17,54,10,42,33,4,25,38,50,20,7,25,4
17,54,10,42,33,4,25,38,50,20,7,25,4,29
54,10,42,33,4,25,38,50,20,7,25,4,29,42
10,42,33,4,25,38,50,20,7,25,4,29,42,24
42,33,4,25,38,50,20,7,25,4,29,42,24,23
33,4,25,38,50,20,7,25,4,29,42,24,23,59
4,25,38,50,20,7,25,4,29,42,24,23,59,35
25,38,50,20,7,25,4,29,42,24,23,59,35,43
38,50,20,7,25,4,29,42,24,23,59,35,43,22
50,20,7,25,4,29,42,24,23,59,35,43,22,7
20,7,25,4,29,42,24,23,59,35,43,22,7,2
7,25,4,29,42,24,23,59,35,43,22,7,2,4
25,4,29,42,24,23,59,35,43,22,7,2,4,42
4,29,42,24,23,59,35,43,22,7,2,4,42,34
29,42,24,23,59,35,43,22,7,2,4,42,34,50
42,24,23,59,35,43,22,7,2,4,42,34,50,3
24,23,59,35,43,22,7,2,4,42,34,50,3,13
23,59,35,43,22,7,2,4,42,34,50,3,13,59
59,35,43,22,7,2,4,42,34,50,3,13,59,30
35,43,22,7,2,4,42,34,50,3,13,59,30,47
43,22,7,2,4,42,34,50,3,13,59,30,47,12
22,7,2,4,42,34,50,3,13,59,30,47,12,4
7,2,4,42,34,50,3,13,59,30,47,12,4,49
2,4,42,34,50,3,13,59,30,47,12,4,49,37
4,42,34,50,3,13,59,30,47,12,4,49,37,50
42,34,50,3,13,59,30,47,12,4,49,37,50,41
34,50,3,13,59,30,47,12,4,49,37,50,41,5
50,3,13,59,30,47,12,4,49,37,50,41,5,38
3,13,59,30,47,12,4,49,37,50,41,5,38,27
13,59,30,47,12,4,49,37,50,41,5,38,27,17
59,30,47,12,4,49,37,50,41,5,38,27,17,32
30,47,12,4,49,37,50,41,5,38,27,17,32,12
47,12,4,49,37,50,41,5,38,27,17,32,12,18
12,4,49,37,50,41,5,38,27,17,32,12,18,58
4,49,37,50,41,5,38,27,17,32,12,18,58,30
49,37,50,41,5,38,27,17,32,12,18,58,30,47
37,50,41,5,38,27,17,32,12,18,58,30,47,59
50,41,5,38,27,17,32,12,18,58,30,47,59,1
41,5,38,27,17,32,12,18,58,30,47,59,1,23
5,38,27,17,32,12,18,58,30,47,59,1,23,36
38,27,17,32,12,18,58,30,47,59,1,23,36,43
27,17,32,12,18,58,30,47,59,1,23,36,43,59
17,32,12,18,58,30,47,59,1,23,36,43,59,39
32,12,18,58,30,47,59,1,23,36,43,59,39,30
12,18,58,30,47,59,1,23,36,43,59,39,30,31
18,58,30,47,59,1,23,36,43,59,39,30,31,48
58,30,47,59,1,23,36,43,59,39,30,31,48,45
30,47,59,1,23,36,43,59,39,30,31,48,45,12
47,59,1,23,36,43,59,39,30,31,48,45,12,17
59,1,23,36,43,59,39,30,31,48,45,12,17,60
1,23,36,43,59,39,30,31,48,45,12,17,60,44
23,36,43,59,39,30,31,48,45,12,17,60,44,46
36,43,59,39,30,31,48,45,12,17,60,44,46,45
43,59,39,30,31,48,45,12,17,60,44,46,45,56
59,39,30,31,48,45,12,17,60,44,46,45,56,29
39,30,31,48,45,12,17,60,44,46,45,56,29,17
30,31,48,45,12,17,60,44,46,45,56,29,17,13
31,48,45,12,17,60,44,46,45,56,29,17,13,27
48,45,12,17,60,44,46,45,56,29,17,13,27,40
45,12,17,60,44,46,45,56,29,17,13,27,40,39
12,17,60,44,46,45,56,29,17,13,27,40,39,9
17,60,44,46,45,56,29,17,13,27,40,39,9,21
60,44,46,45,56,29,17,13,27,40,39,9,21,12
44,46,45,56,29,17,13,27,40,39,9,21,12,37
46,45,56,29,17,13,27,40,39,9,21,12,37,54
45,56,29,17,13,27,40,39,9,21,12,37,54,40
56,29,17,13,27,40,39,9,21,12,37,54,40,47
29,17,13,27,40,39,9,21,12,37,54,40,47,1
17,13,27,40,39,9,21,12,37,54,40,47,1,48
13,27,40,39,9,21,12,37,54,40,47,1,48,9
27,40,39,9,21,12,37,54,40,47,1,48,9,26
40,39,9,21,12,37,54,40,47,1,48,9,26,7
39,9,21,12,37,54,40,47,1,48,9,26,7,3
9,21,12,37,54,40,47,1,48,9,26,7,3,55
21,12,37,54,40,47,1,48,9,26,7,3,55,47
12,37,54,40,47,1,48,9,26,7,3,55,47,53
37,54,40,47,1,48,9,26,7,3,55,47,53,45
54,40,47,1,48,9,26,7,3,55,47,53,45,3
40,47,1,48,9,26,7,3,55,47,53,45,3,37
47,1,48,9,26,7,3,55,47,53,45,3,37,50
1,48,9,26,7,3,55,47,53,45,3,37,50,16
48,9,26,7,3,55,47,53,45,3,37,50,16,30
9,26,7,3,55,47,53,45,3,37,50,16,30,10
26,7,3,55,47,53,45,3,37,50,16,30,10,1
7,3,55,47,53,45,3,37,50,16,30,10,1,50
3,55,47,53,45,3,37,50,16,30,10,1,50,19
55,47,53,45,3,37,50,16,30,10,1,50,19,42
47,53,45,3,37,50,16,30,10,1,50,19,42,24
53,45,3,37,50,16,30,10,1,50,19,42,24,58
45,3,37,50,16,30,10,1,50,19,42,24,58,22
3,37,50,16,30,10,1,50,19,42,24,58,22,50
37,50,16,30,10,1,50,19,42,24,58,22,50,32
50,16,30,10,1,50,19,42,24,58,22,50,32,38
16,30,10,1,50,19,42,24,58,22,50,32,38,54
30,10,1,50,19,42,24,58,22,50,32,38,54,15
10,1,50,19,42,24,58,22,50,32,38,54,15,33
1,50,19,42,24,58,22,50,32,38,54,15,33,37
50,19,42,24,58,22,50,32,38,54,15,33,37,59
19,42,24,58,22,50,32,38,54,15,33,37,59,30
42,24,58,22,50,32,38,54,15,33,37,59,30,4
24,58,22,50,32,38,54,15,33,37,59,30,4,8
58,22,50,32,38,54,15,33,37,59,30,4,8,20
22,50,32,38,54,15,33,37,59,30,4,8,20,21
50,32,38,54,15,33,37,59,30,4,8,20,21,50
32,38,54,15,33,37,59,30,4,8,20,21,50,29
38,54,15,33,37,59,30,4,8,20,21,50,29,12
54,15,33,37,59,30,4,8,20,21,50,29,12,16
15,33,37,59,30,4,8,20,21,50,29,12,16,4
33,37,59,30,4,8,20,21,50,29,12,16,4,34
37,59,30,4,8,20,21,50,29,12,16,4,34,25
59,30,4,8,20,21,50,29,12,16,4,34,25,35
30,4,8,20,21,50,29,12,16,4,34,25,35,48
4,8,20,21,50,29,12,16,4,34,25,35,48,12
8,20,21,50,29,12,16,4,34,25,35,48,12,29
20,21,50,29,12,16,4,34,25,35,48,12,29,46
21,50,29,12,16,4,34,25,35,48,12,29,46,34
50,29,12,16,4,34,25,35,48,12,29,46,34,47
29,12,16,4,34,25,35,48,12,29,46,34,47,21
12,16,4,34,25,35,48,12,29,46,34,47,21,14
16,4,34,25,35,48,12,29,46,34,47,21,14,38
4,34,25,35,48,12,29,46,34,47,21,14,38,51
34,25,35,48,12,29,46,34,47,21,14,38,51,52
25,35,48,12,29,46,34,47,21,14,38,51,52,60
35,48,12,29,46,34,47,21,14,38,51,52,60,10
48,12,29,46,34,47,21,14,38,51,52,60,10,35
12,29,46,34,47,21,14,38,51,52,60,10,35,3
29,46,34,47,21,14,38,51,52,60,10,35,3,5
46,34,47,21,14,38,51,52,60,10,35,3,5,51
34,47,21,14,38,51,52,60,10,35,3,5,51,29
47,21,14,38,51,52,60,10,35,3,5,51,29,34
21,14,38,51,52,60,10,35,3,5,51,29,34,14
14,38,51,52,60,10,35,3,5,51,29,34,14,37
38,51,52,60,10,35,3,5,51,29,34,14,37,5
51,52,60,10,35,3,5,51,29,34,14,37,5,54
52,60,10,35,3,5,51,29,34,14,37,5,54,58
60,10,35,3,5,51,29,34,14,37,5,54,58,46
10,35,3,5,51,29,34,14,37,5,54,58,46,10
35,3,5,51,29,34,14,37,5,54,58,46,10,27
3,5,51,29,34,14,37,5,54,58,46,10,27,12
5,51,29,34,14,37,5,54,58,46,10,27,12,46
51,29,34,14,37,5,54,58,46,10,27,12,46,47
29,34,14,37,5,54,58,46,10,27,12,46,47,42
34,14,37,5,54,58,46,10,27,12,46,47,42,50
14,37,5,54,58,46,10,27,12,46,47,42,50,57
37,5,54,58,46,10,27,12,46,47,42,50,57,35
5,54,58,46,10,27,12,46,47,42,50,57,35,60
54,58,46,10,27,12,46,47,42,50,57,35,60,41
58,46,10,27,12,46,47,42,50,57,35,60,41,3
46,10,27,12,46,47,42,50,57,35,60,41,3,15
10,27,12,46,47,42,50,57,35,60,41,3,15,14
27,12,46,47,42,50,57,35,60,41,3,15,14,50
12,46,47,42,50,57,35,60,41,3,15,14,50,23
46,47,42,50,57,35,60,41,3,15,14,50,23,2
47,42,50,57,35,60,41,3,15,14,50,23,2,28
42,50,57,35,60,41,3,15,14,50,23,2,28,56
50,57,35,60,41,3,15,14,50,23,2,28,56,45
57,35,60,41,3,15,14,50,23,2,28,56,45,20
35,60,41,3,15,14,50,23,2,28,56,45,20,36
60,41,3,15,14,50,23,2,28,56,45,20,36,37
41,3,15,14,50,23,2,28,56,45,20,36,37,31
3,15,14,50,23,2,28,56,45,20,36,37,31,51
15,14,50,23,2,28,56,45,20,36,37,31,51,36
14,50,23,2,28,56,45,20,36,37,31,51,36,54
50,23,2,28,56,45,20,36,37,31,51,36,54,52
23,2,28,56,45,20,36,37,31,51,36,54,52,25
2,28,56,45,20,36,37,31,51,36,54,52,25,29
28,56,45,20,36,37,31,51,36,54,52,25,29,26
56,45,20,36,37,31,51,36,54,52,25,29,26,10
45,20,36,37,31,51,36,54,52,25,29,26,10,50
20,36,37,31,51,36,54,52,25,29,26,10,50,28
36,37,31,51,36,54,52,25,29,26,10,50,28,51
37,31,51,36,54,52,25,29,26,10,50,28,51,59
31,51,36,54,52,25,29,26,10,50,28,51,59,7
51,36,54,52,25,29,26,10,50,28,51,59,7,10
36,54,52,25,29,26,10,50,28,51,59,7,10,54
54,52,25,29,26,10,50,28,51,59,7,10,54,8
52,25,29,26,10,50,28,51,59,7,10,54,8,39
25,29,26,10,50,28,51,59,7,10,54,8,39,56
29,26,10,50,28,51,59,7,10,54,8,39,56,13
26,10,50,28,51,59,7,10,54,8,39,56,13,11
10,50,28,51,59,7,10,54,8,39,56,13,11,23
50,28,51,59,7,10,54,8,39,56,13,11,23,59
28,51,59,7,10,54,8,39,56,13,11,23,59,42
51,59,7,10,54,8,39,56,13,11,23,59,42,35
59,7,10,54,8,39,56,13,11,23,59,42,35,2
7,10,54,8,39,56,13,11,23,59,42,35,2,43
10,54,8,39,56,13,11,23,59,42,35,2,43,21
54,8,39,56,13,11,23,59,42,35,2,43,21,48
8,39,56,13,11,23,59,42,35,2,43,21,48,8
39,56,13,11,23,59,42,35,2,43,21,48,8,4
56,13,11,23,59,42,35,2,43,21,48,8,4,32
13,11,23,59,42,35,2,43,21,48,8,4,32,42
11,23,59,42,35,2,43,21,48,8,4,32,42,56
23,59,42,35,2,43,21,48,8,4,32,42,56,8
59,42,35,2,43,21,48,8,4,32,42,56,8,37
42,35,2,43,21,48,8,4,32,42,56,8,37,27
35,2,43,21,48,8,4,32,42,56,8,37,27,53
2,43,21,48,8,4,32,42,56,8,37,27,53,35
43,21,48,8,4,32,42,56,8,37,27,53,35,5
21,48,8,4,32,42,56,8,37,27,53,35,5,37
48,8,4,32,42,56,8,37,27,53,35,5,37,8
8,4,32,42,56,8,37,27,53,35,5,37,8,48
4,32,42,56,8,37,27,53,35,5,37,8,48,17
32,42,56,8,37,27,53,35,5,37,8,48,17,27
42,56,8,37,27,53,35,5,37,8,48,17,27,31
56,8,37,27,53,35,5,37,8,48,17,27,31,26
8,37,27,53,35,5,37,8,48,17,27,31,26,11
37,27,53,35,5,37,8,48,17,27,31,26,11,10
27,53,35,5,37,8,48,17,27,31,26,11,10,41
53,35,5,37,8,48,17,27,31,26,11,10,41,37
35,5,37,8,48,17,27,31,26,11,10,41,37,31
5,37,8,48,17,27,31,26,11,10,41,37,31,20
37,8,48,17,27,31,26,11,10,41,37,31,20,60
8,48,17,27,31,26,11,10,41,37,31,20,60,34
48,17,27,31,26,11,10,41,37,31,20,60,34,54
17,27,31,26,11,10,41,37,31,20,60,34,54,31
27,31,26,11,10,41,37,31,20,60,34,54,31,57
31,26,11,10,41,37,31,20,60,34,54,31,57,17
26,11,10,41,37,31,20,60,34,54,31,57,17,19
11,10,41,37,31,20,60,34,54,31,57,17,19,29
10,41,37,31,20,60,34,54,31,57,17,19,29,44
41,37,31,20,60,34,54,31,57,17,19,29,44,60
37,31,20,60,34,54,31,57,17,19,29,44,60,39
31,20,60,34,54,31,57,17,19,29,44,60,39,31
20,60,34,54,31,57,17,19,29,44,60,39,31,38
60,34,54,31,57,17,19,29,44,60,39,31,38,6
34,54,31,57,17,19,29,44,60,39,31,38,6,50
54,31,57,17,19,29,44,60,39,31,38,6,50,22
31,57,17,19,29,44,60,39,31,38,6,50,22,2
57,17,19,29,44,60,39,31,38,6,50,22,2,19
17,19,29,44,60,39,31,38,6,50,22,2,19,28
19,29,44,60,39,31,38,6,50,22,2,19,28,43
29,44,60,39,31,38,6,50,22,2,19,28,43,6
44,60,39,31,38,6,50,22,2,19,28,43,6,42
60,39,31,38,6,50,22,2,19,28,43,6,42,35
39,31,38,6,50,22,2,19,28,43,6,42,35,19
31,38,6,50,22,2,19,28,43,6,42,35,19,9
38,6,50,22,2,19,28,43,6,42,35,19,9,14
6,50,22,2,19,28,43,6,42,35,19,9,14,58
50,22,2,19,28,43,6,42,35,19,9,14,58,43
22,2,19,28,43,6,42,35,19,9,14,58,43,56
2,19,28,43,6,42,35,19,9,14,58,43,56,9
19,28,43,6,42,35,19,9,14,58,43,56,9,45
28,43,6,42,35,19,9,14,58,43,56,9,45,29
43,6,42,35,19,9,14,58,43,56,9,45,29,34
6,42,35,19,9,14,58,43,56,9,45,29,34,3
42,35,19,9,14,58,43,56,9,45,29,34,3,51
35,19,9,14,58,43,56,9,45,29,34,3,51,33
19,9,14,58,43,56,9,45,29,34,3,51,33,15
9,14,58,43,56,9,45,29,34,3,51,33,15,16
14,58,43,56,9,45,29,34,3,51,33,15,16,57
58,43,56,9,45,29,34,3,51,33,15,16,57,56
43,56,9,45,29,34,3,51,33,15,16,57,56,47
56,9,45,29,34,3,51,33,15,16,57,56,47,55
9,45,29,34,3,51,33,15,16,57,56,47,55,38
45,29,34,3,51,33,15,16,57,56,47,55,38,42
29,34,3,51,33,15,16,57,56,47,55,38,42,3
34,3,51,33,15,16,57,56,47,55,38,42,3,14
3,51,33,15,16,57,56,47,55,38,42,3,14,36
51,33,15,16,57,56,47,55,38,42,3,14,36,21
33,15,16,57,56,47,55,38,42,3,14,36,21,29
15,16,57,56,47,55,38,42,3,14,36,21,29,26
16,57,56,47,55,38,42,3,14,36,21,29,26,48
57,56,47,55,38,42,3,14,36,21,29,26,48,19
56,47,55,38,42,3,14,36,21,29,26,48,19,24
47,55,38,42,3,14,36,21,29,26,48,19,24,43
55,38,42,3,14,36,21,29,26,48,19,24,43,34
38,42,3,14,36,21,29,26,48,19,24,43,34,39
42,3,14,36,21,29,26,48,19,24,43,34,39,5
3,14,36,21,29,26,48,19,24,43,34,39,5,58
14,36,21,29,26,48,19,24,43,34,39,5,58,48
36,21,29,26,48,19,24,43,34,39,5,58,48,52
21,29,26,48,19,24,43,34,39,5,58,48,52,47
29,26,48,19,24,43,34,39,5,58,48,52,47,12
26,48,19,24,43,34,39,5,58,48,52,47,12,6
48,19,24,43,34,39,5,58,48,52,47,12,6,32
19,24,43,34,39,5,58,48,52,47,12,6,32,9
24,43,34,39,5,58,48,52,47,12,6,32,9,4
43,34,39,5,58,48,52,47,12,6,32,9,4,52
34,39,5,58,48,52,47,12,6,32,9,4,52,29
39,5,58,48,52,47,12,6,32,9,4,52,29,3
5,58,48,52,47,12,6,32,9,4,52,29,3,29
58,48,52,47,12,6,32,9,4,52,29,3,29,35
48,52,47,12,6,32,9,4,52,29,3,29,35,19
52,47,12,6,32,9,4,52,29,3,29,35,19,57
47,12,6,32,9,4,52,29,3,29,35,19,57,42
12,6,32,9,4,52,29,3,29,35,19,57,42,55
6,32,9,4,52,29,3,29,35,19,57,42,55,1
32,9,4,52,29,3,29,35,19,57,42,55,1,7
9,4,52,29,3,29,35,19,57,42,55,1,7,56
4,52,29,3,29,35,19,57,42,55,1,7,56,11
52,29,3,29,35,19,57,42,55,1,7,56,11,37
29,3,29,35,19,57,42,55,1,7,56,11,37,38
3,29,35,19,57,42,55,1,7,56,11,37,38,20
29,35,19,57,42,55,1,7,56,11,37,38,20,22
35,19,57,42,55,1,7,56,11,37,38,20,22,11
19,57,42,55,1,7,56,11,37,38,20,22,11,19
57,42,55,1,7,56,11,37,38,20,22,11,19,48
42,55,1,7,56,11,37,38,20,22,11,19,48,42
55,1,7,56,11,37,38,20,22,11,19,48,42,14
1,7,56,11,37,38,20,22,11,19,48,42,14,24
7,56,11,37,38,20,22,11,19,48,42,14,24,60
56,11,37,38,20,22,11,19,48,42,14,24,60,6
11,37,38,20,22,11,19,48,42,14,24,60,6,18
37,38,20,22,11,19,48,42,14,24,60,6,18,48
38,20,22,11,19,48,42,14,24,60,6,18,48,10
20,22,11,19,48,42,14,24,60,6,18,48,10,57
22,11,19,48,42,14,24,60,6,18,48,10,57,28
11,19,48,42,14,24,60,6,18,48,10,57,28,3
19,48,42,14,24,60,6,18,48,10,57,28,3,5
48,42,14,24,60,6,18,48,10,57,28,3,5,21
42,14,24,60,6,18,48,10,57,28,3,5,21,13
14,24,60,6,18,48,10,57,28,3,5,21,13,59
24,60,6,18,48,10,57,28,3,5,21,13,59,37
60,6,18,48,10,57,28,3,5,21,13,59,37,56
6,18,48,10,57,28,3,5,21,13,59,37,56,3
18,48,10,57,28,3,5,21,13,59,37,56,3,47
48,10,57,28,3,5,21,13,59,37,56,3,47,30
10,57,28,3,5,21,13,59,37,56,3,47,30,2
57,28,3,5,21,13,59,37,56,3,47,30,2,48
28,3,5,21,13,59,37,56,3,47,30,2,48,60
3,5,21,13,59,37,56,3,47,30,2,48,60,43
5,21,13,59,37,56,3,47,30,2,48,60,43,36
21,13,59,37,56,3,47,30,2,48,60,43,36,60
13,59,37,56,3,47,30,2,48,60,43,36,60,41
59,37,56,3,47,30,2,48,60,43,36,60,41,47
37,56,3,47,30,2,48,60,43,36,60,41,47,26
56,3,47,30,2,48,60,43,36,60,41,47,26,35
3,47,30,2,48,60,43,36,60,41,47,26,35,18
47,30,2,48,60,43,36,60,41,47,26,35,18,8
30,2,48,60,43,36,60,41,47,26,35,18,8,27
2,48,60,43,36,60,41,47,26,35,18,8,27,2
48,60,43,36,60,41,47,26,35,18,8,27,2,32
60,43,36,60,41,47,26,35,18,8,27,2,32,56
43,36,60,41,47,26,35,18,8,27,2,32,56,49
36,60,41,47,26,35,18,8,27,2,32,56,49,15
60,41,47,26,35,18,8,27,2,32,56,49,15,21
41,47,26,35,18,8,27,2,32,56,49,15,21,31
47,26,35,18,8,27,2,32,56,49,15,21,31,46
26,35,18,8,27,2,32,56,49,15,21,31,46,2
35,18,8,27,2,32,56,49,15,21,31,46,2,57
18,8,27,2,32,56,49,15,21,31,46,2,57,25
8,27,2,32,56,49,15,21,31,46,2,57,25,23
27,2,32,56,49,15,21,31,46,2,57,25,23,11
2,32,56,49,15,21,31,46,2,57,25,23,11,5
32,56,49,15,21,31,46,2,57,25,23,11,5,30
56,49,15,21,31,46,2,57,25,23,11,5,30,15
49,15,21,31,46,2,57,25,23,11,5,30,15,4
15,21,31,46,2,57,25,23,11,5,30,15,4,33
21,31,46,2,57,25,23,11,5,30,15,4,33,1
31,46,2,57,25,23,11,5,30,15,4,33,1,48
46,2,57,25,23,11,5,30,15,4,33,1,48,5
2,57,25,23,11,5,30,15,4,33,1,48,5,37
57,25,23,11,5,30,15,4,33,1,48,5,37,32
25,23,11,5,30,15,4,33,1,48,5,37,32,57
23,11,5,30,15,4,33,1,48,5,37,32,57,28
11,5,30,15,4,33,1,48,5,37,32,57,28,41
5,30,15,4,33,1,48,5,37,32,57,28,41,10
30,15,4,33,1,48,5,37,32,57,28,41,10,47
15,4,33,1,48,5,37,32,57,28,41,10,47,57
4,33,1,48,5,37,32,57,28,41,10,47,57,39
33,1,48,5,37,32,57,28,41,10,47,57,39,54
1,48,5,37,32,57,28,41,10,47,57,39,54,11
48,5,37,32,57,28,41,10,47,57,39,54,11,38
5,37,32,57,28,41,10,47,57,39,54,11,38,13
37,32,57,28,41,10,47,57,39,54,11,38,13,23
32,57,28,41,10,47,57,39,54,11,38,13,23,15
57,28,41,10,47,57,39,54,11,38,13,23,15,56
28,41,10,47,57,39,54,11,38,13,23,15,56,46
41,10,47,57,39,54,11,38,13,23,15,56,46,9
10,47,57,39,54,11,38,13,23,15,56,46,9,45
47,57,39,54,11,38,13,23,15,56,46,9,45,11
57,39,54,11,38,13,23,15,56,46,9,45,11,2
39,54,11,38,13,23,15,56,46,9,45,11,2,46
54,11,38,13,23,15,56,46,9,45,11,2,46,50
11,38,13,23,15,56,46,9,45,11,2,46,50,8
38,13,23,15,56,46,9,45,11,2,46,50,8,41
13,23,15,56,46,9,45,11,2,46,50,8,41,57
23,15,56,46,9,45,11,2,46,50,8,41,57,50
15,56,46,9,45,11,2,46,50,8,41,57,50,9
56,46,9,45,11,2,46,50,8,41,57,50,9,39
46,9,45,11,2,46,50,8,41,57,50,9,39,37
9,45,11,2,46,50,8,41,57,50,9,39,37,19
45,11,2,46,50,8,41,57,50,9,39,37,19,21
11,2,46,50,8,41,57,50,9,39,37,19,21,47
2,46,50,8,41,57,50,9,39,37,19,21,47,40
46,50,8,41,57,50,9,39,37,19,21,47,40,52
50,8,41,57,50,9,39,37,19,21,47,40,52,30
8,41,57,50,9,39,37,19,21,47,40,52,30,20
41,57,50,9,39,37,19,21,47,40,52,30,20,34
57,50,9,39,37,19,21,47,40,52,30,20,34,43
50,9,39,37,19,21,47,40,52,30,20,34,43,29
9,39,37,19,21,47,40,52,30,20,34,43,29,30
39,37,19,21,47,40,52,30,20,34,43,29,30,10
37,19,21,47,40,52,30,20,34,43,29,30,10,52
19,21,47,40,52,30,20,34,43,29,30,10,52,44
21,47,40,52,30,20,34,43,29,30,10,52,44,41
47,40,52,30,20,34,43,29,30,10,52,44,41,22
40,52,30,20,34,43,29,30,10,52,44,41,22,8
52,30,20,34,43,29,30,10,52,44,41,22,8,9
30,20,34,43,29,30,10,52,44,41,22,8,9,25
20,34,43,29,30,10,52,44,41,22,8,9,25,51
34,43,29,30,10,52,44,41,22,8,9,25,51,5
43,29,30,10,52,44,41,22,8,9,25,51,5,58
29,30,10,52,44,41,22,8,9,25,51,5,58,46
30,10,52,44,41,22,8,9,25,51,5,58,46,25
10,52,44,41,22,8,9,25,51,5,58,46,25,19
52,44,41,22,8,9,25,51,5,58,46,25,19,17
44,41,22,8,9,25,51,5,58,46,25,19,17,45
41,22,8,9,25,51,5,58,46,25,19,17,45,32
22,8,9,25,51,5,58,46,25,19,17,45,32,21
8,9,25,51,5,58,46,25,19,17,45,32,21,10
9,25,51,5,58,46,25,19,17,45,32,21,10,46
25,51,5,58,46,25,19,17,45,32,21,10,46,4
51,5,58,46,25,19,17,45,32,21,10,46,4,29
5,58,46,25,19,17,45,32,21,10,46,4,29,38
58,46,25,19,17,45,32,21,10,46,4,29,38,36
46,25,19,17,45,32,21,10,46,4,29,38,36,33
25,19,17,45,32,21,10,46,4,29,38,36,33,42
19,17,45,32,21,10,46,4,29,38,36,33,42,4
17,45,32,21,10,46,4,29,38,36,33,42,4,17
45,32,21,10,46,4,29,38,36,33,42,4,17,41
32,21,10,46,4,29,38,36,33,42,4,17,41,10
21,10,46,4,29,38,36,33,42,4,17,41,10,27
10,46,4,29,38,36,33,42,4,17,41,10,27,52
46,4,29,38,36,33,42,4,17,41,10,27,52,15
4,29,38,36,33,42,4,17,41,10,27,52,15,26
29,38,36,33,42,4,17,41,10,27,52,15,26,59
38,36,33,42,4,17,41,10,27,52,15,26,59,1
36,33,42,4,17,41,10,27,52,15,26,59,1,54
33,42,4,17,41,10,27,52,15,26,59,1,54,51
42,4,17,41,10,27,52,15,26,59,1,54,51,33
4,17,41,10,27,52,15,26,59,1,54,51,33,48
17,41,10,27,52,15,26,59,1,54,51,33,48,6
41,10,27,52,15,26,59,1,54,51,33,48,6,7
10,27,52,15,26,59,1,54,51,33,48,6,7,20
27,52,15,26,59,1,54,51,33,48,6,7,20,9
52,15,26,59,1,54,51,33,48,6,7,20,9,28
15,26,59,1,54,51,33,48,6,7,20,9,28,21
26,59,1,54,51,33,48,6,7,20,9,28,21,40
59,1,54,51,33,48,6,7,20,9,28,21,40,10
1,54,51,33,48,6,7,20,9,28,21,40,10,41
54,51,33,48,6,7,20,9,28,21,40,10,41,47
51,33,48,6,7,20,9,28,21,40,10,41,47,45
33,48,6,7,20,9,28,21,40,10,41,47,45,6
48,6,7,20,9,28,21,40,10,41,47,45,6,8
6,7,20,9,28,21,40,10,41,47,45,6,8,7
7,20,9,28,21,40,10,41,47,45,6,8,7,53
20,9,28,21,40,10,41,47,45,6,8,7,53,27
9,28,21,40,10,41,47,45,6,8,7,53,27,24
28,21,40,10,41,47,45,6,8,7,53,27,24,56
21,40,10,41,47,45,6,8,7,53,27,24,56,30
40,10,41,47,45,6,8,7,53,27,24,56,30,51
10,41,47,45,6,8,7,53,27,24,56,30,51,42
41,47,45,6,8,7,53,27,24,56,30,51,42,18
47,45,6,8,7,53,27,24,56,30,51,42,18,23
45,6,8,7,53,27,24,56,30,51,42,18,23,50
6,8,7,53,27,24,56,30,51,42,18,23,50,53
8,7,53,27,24,56,30,51,42,18,23,50,53,42
7,53,27,24,56,30,51,42,18,23,50,53,42,28
53,27,24,56,30,51,42,18,23,50,53,42,28,38
27,24,56,30,51,42,18,23,50,53,42,28,38,32
24,56,30,51,42,18,23,50,53,42,28,38,32,50
56,30,51,42,18,23,50,53,42,28,38,32,50,14
30,51,42,18,23,50,53,42,28,38,32,50,14,47
51,42,18,23,50,53,42,28,38,32,50,14,47,10
42,18,23,50,53,42,28,38,32,50,14,47,10,56
18,23,50,53,42,28,38,32,50,14,47,10,56,53
23,50,53,42,28,38,32,50,14,47,10,56,53,51
50,53,42,28,38,32,50,14,47,10,56,53,51,2
53,42,28,38,32,50,14,47,10,56,53,51,2,41
42,28,38,32,50,14,47,10,56,53,51,2,41,13
28,38,32,50,14,47,10,56,53,51,2,41,13,49
38,32,50,14,47,10,56,53,51,2,41,13,49,3
32,50,14,47,10,56,53,51,2,41,13,49,3,50
50,14,47,10,56,53,51,2,41,13,49,3,50,48
14,47,10,56,53,51,2,41,13,49,3,50,48,42
47,10,56,53,51,2,41,13,49,3,50,48,42,32
10,56,53,51,2,41,13,49,3,50,48,42,32,33
56,53,51,2,41,13,49,3,50,48,42,32,33,17
53,51,2,41,13,49,3,50,48,42,32,33,17,49
51,2,41,13,49,3,50,48,42,32,33,17,49,15
2,41,13,49,3,50,48,42,32,33,17,49,15,33
41,13,49,3,50,48,42,32,33,17,49,15,33,39
13,49,3,50,48,42,32,33,17,49,15,33,39,23
49,3,50,48,42,32,33,17,49,15,33,39,23,53
3,50,48,42,32,33,17,49,15,33,39,23,53,58
50,48,42,32,33,17,49,15,33,39,23,53,58,57
48,42,32,33,17,49,15,33,39,23,53,58,57,16
42,32,33,17,49,15,33,39,23,53,58,57,16,46
32,33,17,49,15,33,39,23,53,58,57,16,46,13
33,17,49,15,33,39,23,53,58,57,16,46,13,44
17,49,15,33,39,23,53,58,57,16,46,13,44,10
49,15,33,39,23,53,58,57,16,46,13,44,10,17
15,33,39,23,53,58,57,16,46,13,44,10,17,16
33,39,23,53,58,57,16,46,13,44,10,17,16,51
39,23,53,58,57,16,46,13,44,10,17,16,51,34
23,53,58,57,16,46,13,44,10,17,16,51,34,58
53,58,57,16,46,13,44,10,17,16,51,34,58,31
58,57,16,46,13,44,10,17,16,51,34,58,31,57
57,16,46,13,44,10,17,16,51,34,58,31,57,49
16,46,13,44,10,17,16,51,34,58,31,57,49,33
46,13,44,10,17,16,51,34,58,31,57,49,33,18
13,44,10,17,16,51,34,58,31,57,49,33,18,28
44,10,17,16,51,34,58,31,57,49,33,18,28,22
10,17,16,51,34,58,31,57,49,33,18,28,22,38
17,16,51,34,58,31,57,49,33,18,28,22,38,17
16,51,34,58,31,57,49,33,18,28,22,38,17,52
51,34,58,31,57,49,33,18,28,22,38,17,52,59
34,58,31,57,49,33,18,28,22,38,17,52,59,16
58,31,57,49,33,18,28,22,38,17,52,59,16,5
31,57,49,33,18,28,22,38,17,52,59,16,5,24
57,49,33,18,28,22,38,17,52,59,16,5,24,34
49,33,18,28,22,38,17,52,59,16,5,24,34,6
33,18,28,22,38,17,52,59,16,5,24,34,6,60
18,28,22,38,17,52,59,16,5,24,34,6,60,9
28,22,38,17,52,59,16,5,24,34,6,60,9,30
22,38,17,52,59,16,5,24,34,6,60,9,30,47
38,17,52,59,16,5,24,34,6,60,9,30,47,38
17,52,59,16,5,24,34,6,60,9,30,47,38,23
52,59,16,5,24,34,6,60,9,30,47,38,23,44
59,16,5,24,34,6,60,9,30,47,38,23,44,11
16,5,24,34,6,60,9,30,47,38,23,44,11,18
5,24,34,6,60,9,30,47,38,23,44,11,18,8
24,34,6,60,9,30,47,38,23,44,11,18,8,7
34,6,60,9,30,47,38,23,44,11,18,8,7,37
6,60,9,30,47,38,23,44,11,18,8,7,37,43
60,9,30,47,38,23,44,11,18,8,7,37,43,43
9,30,47,38,23,44,11,18,8,7,37,43,43,29
30,47,38,23,44,11,18,8,7,37,43,43,29,35
47,38,23,44,11,18,8,7,37,43,43,29,35,59
38,23,44,11,18,8,7,37,43,43,29,35,59,31
23,44,11,18,8,7,37,43,43,29,35,59,31,17
44,11,18,8,7,37,43,43,29,35,59,31,17,36
11,18,8,7,37,43,43,29,35,59,31,17,36,51
18,8,7,37,43,43,29,35,59,31,17,36,51,32
8,7,37,43,43,29,35,59,31,17,36,51,32,22
7,37,43,43,29,35,59,31,17,36,51,32,22,38
37,43,43,29,35,59,31,17,36,51,32,22,38,7
43,43,29,35,59,31,17,36,51,32,22,38,7,51
43,29,35,59,31,17,36,51,32,22,38,7,51,44
29,35,59,31,17,36,51,32,22,38,7,51,44,60
35,59,31,17,36,51,32,22,38,7,51,44,60,9
59,31,17,36,51,32,22,38,7,51,44,60,9,7
31,17,36,51,32,22,38,7,51,44,60,9,7,30
17,36,51,32,22,38,7,51,44,60,9,7,30,34
36,51,32,22,38,7,51,44,60,9,7,30,34,48
51,32,22,38,7,51,44,60,9,7,30,34,48,1
32,22,38,7,51,44,60,9,7,30,34,48,1,16
22,38,7,51,44,60,9,7,30,34,48,1,16,45
38,7,51,44,60,9,7,30,34,48,1,16,45,36
7,51,44,60,9,7,30,34,48,1,16,45,36,54
51,44,60,9,7,30,34,48,1,16,45,36,54,24
44,60,9,7,30,34,48,1,16,45,36,54,24,44
60,9,7,30,34,48,1,16,45,36,54,24,44,57
9,7,30,34,48,1,16,45,36,54,24,44,57,34
7,30,34,48,1,16,45,36,54,24,44,57,34,16
30,34,48,1,16,45,36,54,24,44,57,34,16,40
34,48,1,16,45,36,54,24,44,57,34,16,40,48
48,1,16,45,36,54,24,44,57,34,16,40,48,19
1,16,45,36,54,24,44,57,34,16,40,48,19,20
16,45,36,54,24,44,57,34,16,40,48,19,20,14
45,36,54,24,44,57,34,16,40,48,19,20,14,52
36,54,24,44,57,34,16,40,48,19,20,14,52,47
54,24,44,57,34,16,40,48,19,20,14,52,47,54
24,44,57,34,16,40,48,19,20,14,52,47,54,2
44,57,34,16,40,48,19,20,14,52,47,54,2,50
57,34,16,40,48,19,20,14,52,47,54,2,50,3
34,16,40,48,19,20,14,52,47,54,2,50,3,44
16,40,48,19,20,14,52,47,54,2,50,3,44,42
40,48,19,20,14,52,47,54,2,50,3,44,42,14
48,19,20,14,52,47,54,2,50,3,44,42,14,44
19,20,14,52,47,54,2,50,3,44,42,14,44,27
20,14,52,47,54,2,50,3,44,42,14,44,27,15
14,52,47,54,2,50,3,44,42,14,44,27,15,48
52,47,54,2,50,3,44,42,14,44,27,15,48,56
47,54,2,50,3,44,42,14,44,27,15,48,56,34
54,2,50,3,44,42,14,44,27,15,48,56,34,17
2,50,3,44,42,14,44,27,15,48,56,34,17,32
50,3,44,42,14,44,27,15,48,56,34,17,32,47
3,44,42,14,44,27,15,48,56,34,17,32,47,27
44,42,14,44,27,15,48,56,34,17,32,47,27,8
42,14,44,27,15,48,56,34,17,32,47,27,8,39
14,44,27,15,48,56,34,17,32,47,27,8,39,9
44,27,15,48,56,34,17,32,47,27,8,39,9,58
27,15,48,56,34,17,32,47,27,8,39,9,58,44
15,48,56,34,17,32,47,27,8,39,9,58,44,49
48,56,34,17,32,47,27,8,39,9,58,44,49,60
56,34,17,32,47,27,8,39,9,58,44,49,60,22
34,17,32,47,27,8,39,9,58,44,49,60,22,59
17,32,47,27,8,39,9,58,44,49,60,22,59,25
32,47,27,8,39,9,58,44,49,60,22,59,25,44
47,27,8,39,9,58,44,49,60,22,59,25,44,7
27,8,39,9,58,44,49,60,22,59,25,44,7,16
8,39,9,58,44,49,60,22,59,25,44,7,16,32
39,9,58,44,49,60,22,59,25,44,7,16,32,35
9,58,44,49,60,22,59,25,44,7,16,32,35,58
58,44,49,60,22,59,25,44,7,16,32,35,58,19
44,49,60,22,59,25,44,7,16,32,35,58,19,3
49,60,22,59,25,44,7,16,32,35,58,19,3,14
60,22,59,25,44,7,16,32,35,58,19,3,14,38
22,59,25,44,7,16,32,35,58,19,3,14,38,6
59,25,44,7,16,32,35,58,19,3,14,38,6,23
25,44,7,16,32,35,58,19,3,14,38,6,23,44
44,7,16,32,35,58,19,3,14,38,6,23,44,34
7,16,32,35,58,19,3,14,38,6,23,44,34,51
16,32,35,58,19,3,14,38,6,23,44,34,51,30
32,35,58,19,3,14,38,6,23,44,34,51,30,59
35,58,19,3,14,38,6,23,44,34,51,30,59,46
58,19,3,14,38,6,23,44,34,51,30,59,46,38
19,3,14,38,6,23,44,34,51,30,59,46,38,56
3,14,38,6,23,44,34,51,30,59,46,38,56,17
14,38,6,23,44,34,51,30,59,46,38,56,17,3
38,6,23,44,34,51,30,59,46,38,56,17,3,24
6,23,44,34,51,30,59,46,38,56,17,3,24,27
23,44,34,51,30,59,46,38,56,17,3,24,27,44
44,34,51,30,59,46,38,56,17,3,24,27,44,25
34,51,30,59,46,38,56,17,3,24,27,44,25,42
51,30,59,46,38,56,17,3,24,27,44,25,42,3
30,59,46,38,56,17,3,24,27,44,25,42,3,24
59,46,38,56,17,3,24,27,44,25,42,3,24,53
46,38,56,17,3,24,27,44,25,42,3,24,53,43
38,56,17,3,24,27,44,25,42,3,24,53,43,31
56,17,3,24,27,44,25,42,3,24,53,43,31,11
17,3,24,27,44,25,42,3,24,53,43,31,11,40
3,24,27,44,25,42,3,24,53,43,31,11,40,41
24,27,44,25,42,3,24,53,43,31,11,40,41,47
27,44,25,42,3,24,53,43,31,11,40,41,47,15
44,25,42,3,24,53,43,31,11,40,41,47,15,42
25,42,3,24,53,43,31,11,40,41,47,15,42,17
42,3,24,53,43,31,11,40,41,47,15,42,17,59
3,24,53,43,31,11,40,41,47,15,42,17,59,49
24,53,43,31,11,40,41,47,15,42,17,59,49,2
53,43,31,11,40,41,47,15,42,17,59,49,2,3
43,31,11,40,41,47,15,42,17,59,49,2,3,50
31,11,40,41,47,15,42,17,59,49,2,3,50,31
11,40,41,47,15,42,17,59,49,2,3,50,31,37
40,41,47,15,42,17,59,49,2,3,50,31,37,54
41,47,15,42,17,59,49,2,3,50,31,37,54,23
47,15,42,17,59,49,2,3,50,31,37,54,23,4
15,42,17,59,49,2,3,50,31,37,54,23,4,18
42,17,59,49,2,3,50,31,37,54,23,4,18,46
17,59,49,2,3,50,31,37,54,23,4,18,46,47
59,49,2,3,50,31,37,54,23,4,18,46,47,12
49,2,3,50,31,37,54,23,4,18,46,47,12,57
2,3,50,31,37,54,23,4,18,46,47,12,57,34
3,50,31,37,54,23,4,18,46,47,12,57,34,9
50,31,37,54,23,4,18,46,47,12,57,34,9,22
31,37,54,23,4,18,46,47,12,57,34,9,22,8
37,54,23,4,18,46,47,12,57,34,9,22,8,17
54,23,4,18,46,47,12,57,34,9,22,8,17,42
23,4,18,46,47,12,57,34,9,22,8,17,42,44
4,18,46,47,12,57,34,9,22,8,17,42,44,2
18,46,47,12,57,34,9,22,8,17,42,44,2,42
46,47,12,57,34,9,22,8,17,42,44,2,42,40
47,12,57,34,9,22,8,17,42,44,2,42,40,60
12,57,34,9,22,8,17,42,44,2,42,40,60,59
57,34,9,22,8,17,42,44,2,42,40,60,59,47
34,9,22,8,17,42,44,2,42,40,60,59,47,39
9,22,8,17,42,44,2,42,40,60,59,47,39,19
22,8,17,42,44,2,42,40,60,59,47,39,19,35
8,17,42,44,2,42,40,60,59,47,39,19,35,12
17,42,44,2,42,40,60,59,47,39,19,35,12,2
42,44,2,42,40,60,59,47,39,19,35,12,2,11
44,2,42,40,60,59,47,39,19,35,12,2,11,8
2,42,40,60,59,47,39,19,35,12,2,11,8,32
42,40,60,59,47,39,19,35,12,2,11,8,32,53
40,60,59,47,39,19,35,12,2,11,8,32,53,50
60,59,47,39,19,35,12,2,11,8,32,53,50,57
59,47,39,19,35,12,2,11,8,32,53,50,57,15
47,39,19,35,12,2,11,8,32,53,50,57,15,24
39,19,35,12,2,11,8,32,53,50,57,15,24,31
19,35,12,2,11,8,32,53,50,57,15,24,31,11
35,12,2,11,8,32,53,50,57,15,24,31,11,33
12,2,11,8,32,53,50,57,15,24,31,11,33,42
2,11,8,32,53,50,57,15,24,31,11,33,42,57
11,8,32,53,50,57,15,24,31,11,33,42,57,8
8,32,53,50,57,15,24,31,11,33,42,57,8,27
32,53,50,57,15,24,31,11,33,42,57,8,27,23
53,50,57,15,24,31,11,33,42,57,8,27,23,41
50,57,15,24,31,11,33,42,57,8,27,23,41,51
57,15,24,31,11,33,42,57,8,27,23,41,51,26
15,24,31,11,33,42,57,8,27,23,41,51,26,53
24,31,11,33,42,57,8,27,23,41,51,26,53,36
31,11,33,42,57,8,27,23,41,51,26,53,36,48
11,33,42,57,8,27,23,41,51,26,53,36,48,27
33,42,57,8,27,23,41,51,26,53,36,48,27,40
42,57,8,27,23,41,51,26,53,36,48,27,40,5
57,8,27,23,41,51,26,53,36,48,27,40,5,46
8,27,23,41,51,26,53,36,48,27,40,5,46,54
27,23,41,51,26,53,36,48,27,40,5,46,54,26
23,41,51,26,53,36,48,27,40,5,46,54,26,28
41,51,26,53,36,48,27,40,5,46,54,26,28,19
51,26,53,36,48,27,40,5,46,54,26,28,19,44
26,53,36,48,27,40,5,46,54,26,28,19,44,10
53,36,48,27,40,5,46,54,26,28,19,44,10,57
36,48,27,40,5,46,54,26,28,19,44,10,57,51
48,27,40,5,46,54,26,28,19,44,10,57,51,21
27,40,5,46,54,26,28,19,44,10,57,51,21,22
40,5,46,54,26,28,19,44,10,57,51,21,22,25
5,46,54,26,28,19,44,10,57,51,21,22,25,40
46,54,26,28,19,44,10,57,51,21,22,25,40,29
54,26,28,19,44,10,57,51,21,22,25,40,29,42
26,28,19,44,10,57,51,21,22,25,40,29,42,50
28,19,44,10,57,51,21,22,25,40,29,42,50,51
19,44,10,57,51,21,22,25,40,29,42,50,51,49
44,10,57,51,21,22,25,40,29,42,50,51,49,27
10,57,51,21,22,25,40,29,42,50,51,49,27,52
57,51,21,22,25,40,29,42,50,51,49,27,52,8
51,21,22,25,40,29,42,50,51,49,27,52,8,43
21,22,25,40,29,42,50,51,49,27,52,8,43,34
22,25,40,29,42,50,51,49,27,52,8,43,34,40
25,40,29,42,50,51,49,27,52,8,43,34,40,21
40,29,42,50,51,49,27,52,8,43,34,40,21,17
29,42,50,51,49,27,52,8,43,34,40,21,17,5
42,50,51,49,27,52,8,43,34,40,21,17,5,58
50,51,49,27,52,8,43,34,40,21,17,5,58,1
51,49,27,52,8,43,34,40,21,17,5,58,1,47
49,27,52,8,43,34,40,21,17,5,58,1,47,10
27,52,8,43,34,40,21,17,5,58,1,47,10,18
52,8,43,34,40,21,17,5,58,1,47,10,18,55
8,43,34,40,21,17,5,58,1,47,10,18,55,58
43,34,40,21,17,5,58,1,47,10,18,55,58,43
34,40,21,17,5,58,1,47,10,18,55,58,43,31
40,21,17,5,58,1,47,10,18,55,58,43,31,5
21,17,5,58,1,47,10,18,55,58,43,31,5,57
17,5,58,1,47,10,18,55,58,43,31,5,57,59
5,58,1,47,10,18,55,58,43,31,5,57,59,4
58,1,47,10,18,55,58,43,31,5,57,59,4,34
1,47,10,18,55,58,43,31,5,57,59,4,34,19
47,10,18,55,58,43,31,5,57,59,4,34,19,30
10,18,55,58,43,31,5,57,59,4,34,19,30,59
18,55,58,43,31,5,57,59,4,34,19,30,59,20
55,58,43,31,5,57,59,4,34,19,30,59,20,52
58,43,31,5,57,59,4,34,19,30,59,20,52,42
43,31,5,57,59,4,34,19,30,59,20,52,42,44
31,5,57,59,4,34,19,30,59,20,52,42,44,10
5,57,59,4,34,19,30,59,20,52,42,44,10,53
57,59,4,34,19,30,59,20,52,42,44,10,53,18
59,4,34,19,30,59,20,52,42,44,10,53,18,36
4,34,19,30,59,20,52,42,44,10,53,18,36,58
34,19,30,59,20,52,42,44,10,53,18,36,58,24
19,30,59,20,52,42,44,10,53,18,36,58,24,20
30,59,20,52,42,44,10,53,18,36,58,24,20,4
59,20,52,42,44,10,53,18,36,58,24,20,4,12
20,52,42,44,10,53,18,36,58,24,20,4,12,41
52,42,44,10,53,18,36,58,24,20,4,12,41,45
42,44,10,53,18,36,58,24,20,4,12,41,45,60
44,10,53,18,36,58,24,20,4,12,41,45,60,8
10,53,18,36,58,24,20,4,12,41,45,60,8,13
53,18,36,58,24,20,4,12,41,45,60,8,13,15
18,36,58,24,20,4,12,41,45,60,8,13,15,20
36,58,24,20,4,12,41,45,60,8,13,15,20,31
58,24,20,4,12,41,45,60,8,13,15,20,31,28
24,20,4,12,41,45,60,8,13,15,20,31,28,36
20,4,12,41,45,60,8,13,15,20,31,28,36,37
4,12,41,45,60,8,13,15,20,31,28,36,37,12
12,41,45,60,8,13,15,20,31,28,36,37,12,43
41,45,60,8,13,15,20,31,28,36,37,12,43,38
45,60,8,13,15,20,31,28,36,37,12,43,38,11
60,8,13,15,20,31,28,36,37,12,43,38,11,54
8,13,15,20,31,28,36,37,12,43,38,11,54,29
13,15,20,31,28,36,37,12,43,38,11,54,29,10
15,20,31,28,36,37,12,43,38,11,54,29,10,46
20,31,28,36,37,12,43,38,11,54,29,10,46,35
31,28,36,37,12,43,38,11,54,29,10,46,35,42
28,36,37,12,43,38,11,54,29,10,46,35,42,28
36,37,12,43,38,11,54,29,10,46,35,42,28,51
37,12,43,38,11,54,29,10,46,35,42,28,51,30
12,43,38,11,54,29,10,46,35,42,28,51,30,49
43,38,11,54,29,10,46,35,42,28,51,30,49,25
38,11,54,29,10,46,35,42,28,51,30,49,25,37
11,54,29,10,46,35,42,28,51,30,49,25,37,46
54,29,10,46,35,42,28,51,30,49,25,37,46,43
29,10,46,35,42,28,51,30,49,25,37,46,43,24
10,46,35,42,28,51,30,49,25,37,46,43,24,4
46,35,42,28,51,30,49,25,37,46,43,24,4,51
35,42,28,51,30,49,25,37,46,43,24,4,51,18
42,28,51,30,49,25,37,46,43,24,4,51,18,56
28,51,30,49,25,37,46,43,24,4,51,18,56,42
51,30,49,25,37,46,43,24,4,51,18,56,42,45
30,49,25,37,46,43,24,4,51,18,56,42,45,44
49,25,37,46,43,24,4,51,18,56,42,45,44,60
25,37,46,43,24,4,51,18,56,42,45,44,60,41
37,46,43,24,4,51,18,56,42,45,44,60,41,17
46,43,24,4,51,18,56,42,45,44,60,41,17,21
43,24,4,51,18,56,42,45,44,60,41,17,21,37
24,4,51,18,56,42,45,44,60,41,17,21,37,60
4,51,18,56,42,45,44,60,41,17,21,37,60,32
51,18,56,42,45,44,60,41,17,21,37,60,32,52
18,56,42,45,44,60,41,17,21,37,60,32,52,53
56,42,45,44,60,41,17,21,37,60,32,52,53,22
42,45,44,60,41,17,21,37,60,32,52,53,22,11
45,44,60,41,17,21,37,60,32,52,53,22,11,2
44,60,41,17,21,37,60,32,52,53,22,11,2,14
60,41,17,21,37,60,32,52,53,22,11,2,14,39
41,17,21,37,60,32,52,53,22,11,2,14,39,12
17,21,37,60,32,52,53,22,11,2,14,39,12,13
21,37,60,32,52,53,22,11,2,14,39,12,13,4
37,60,32,52,53,22,11,2,14,39,12,13,4,31
60,32,52,53,22,11,2,14,39,12,13,4,31,33
32,52,53,22,11,2,14,39,12,13,4,31,33,47
52,53,22,11,2,14,39,12,13,4,31,33,47,51
53,22,11,2,14,39,12,13,4,31,33,47,51,50
22,11,2,14,39,12,13,4,31,33,47,51,50,55
11,2,14,39,12,13,4,31,33,47,51,50,55,37
2,14,39,12,13,4,31,33,47,51,50,55,37,33
14,39,12,13,4,31,33,47,51,50,55,37,33,59
39,12,13,4,31,33,47,51,50,55,37,33,59,17
12,13,4,31,33,47,51,50,55,37,33,59,17,44
13,4,31,33,47,51,50,55,37,33,59,17,44,12
4,31,33,47,51,50,55,37,33,59,17,44,12,32
31,33,47,51,50,55,37,33,59,17,44,12,32,21
33,47,51,50,55,37,33,59,17,44,12,32,21,1
47,51,50,55,37,33,59,17,44,12,32,21,1,34
51,50,55,37,33,59,17,44,12,32,21,1,34,50
50,55,37,33,59,17,44,12,32,21,1,34,50,24
55,37,33,59,17,44,12,32,21,1,34,50,24,40
37,33,59,17,44,12,32,21,1,34,50,24,40,54
33,59,17,44,12,32,21,1,34,50,24,40,54,52
59,17,44,12,32,21,1,34,50,24,40,54,52,60
17,44,12,32,21,1,34,50,24,40,54,52,60,34
44,12,32,21,1,34,50,24,40,54,52,60,34,54
12,32,21,1,34,50,24,40,54,52,60,34,54,20
32,21,1,34,50,24,40,54,52,60,34,54,20,39
21,1,34,50,24,40,54,52,60,34,54,20,39,60
1,34,50,24,40,54,52,60,34,54,20,39,60,24
34,50,24,40,54,52,60,34,54,20,39,60,24,9
50,24,40,54,52,60,34,54,20,39,60,24,9,21
24,40,54,52,60,34,54,20,39,60,24,9,21,22
40,54,52,60,34,54,20,39,60,24,9,21,22,7
54,52,60,34,54,20,39,60,24,9,21,22,7,17
52,60,34,54,20,39,60,24,9,21,22,7,17,54
60,34,54,20,39,60,24,9,21,22,7,17,54,15
34,54,20,39,60,24,9,21,22,7,17,54,15,22
54,20,39,60,24,9,21,22,7,17,54,15,22,19
20,39,60,24,9,21,22,7,17,54,15,22,19,35
39,60,24,9,21,22,7,17,54,15,22,19,35,34
60,24,9,21,22,7,17,54,15,22,19,35,34,16
24,9,21,22,7,17,54,15,22,19,35,34,16,1
9,21,22,7,17,54,15,22,19,35,34,16,1,49
21,22,7,17,54,15,22,19,35,34,16,1,49,52
22,7,17,54,15,22,19,35,34,16,1,49,52,42
7,17,54,15,22,19,35,34,16,1,49,52,42,19
17,54,15,22,19,35,34,16,1,49,52,42,19,44
54,15,22,19,35,34,16,1,49,52,42,19,44,56
15,22,19,35,34,16,1,49,52,42,19,44,56,53
22,19,35,34,16,1,49,52,42,19,44,56,53,51
19,35,34,16,1,49,52,42,19,44,56,53,51,26
35,34,16,1,49,52,42,19,44,56,53,51,26,18
34,16,1,49,52,42,19,44,56,53,51,26,18,3
16,1,49,52,42,19,44,56,53,51,26,18,3,37
1,49,52,42,19,44,56,53,51,26,18,3,37,24
49,52,42,19,44,56,53,51,26,18,3,37,24,44
52,42,19,44,56,53,51,26,18,3,37,24,44,28
42,19,44,56,53,51,26,18,3,37,24,44,28,20
19,44,56,53,51,26,18,3,37,24,44,28,20,41
44,56,53,51,26,18,3,37,24,44,28,20,41,2
56,53,51,26,18,3,37,24,44,28,20,41,2,55
53,51,26,18,3,37,24,44,28,20,41,2,55,41
51,26,18,3,37,24,44,28,20,41,2,55,41,43
26,18,3,37,24,44,28,20,41,2,55,41,43,57
18,3,37,24,44,28,20,41,2,55,41,43,57,58
3,37,24,44,28,20,41,2,55,41,43,57,58,31
37,24,44,28,20,41,2,55,41,43,57,58,31,11
24,44,28,20,41,2,55,41,43,57,58,31,11,41
44,28,20,41,2,55,41,43,57,58,31,11,41,35
28,20,41,2,55,41,43,57,58,31,11,41,35,22
20,41,2,55,41,43,57,58,31,11,41,35,22,5
41,2,55,41,43,57,58,31,11,41,35,22,5,21
2,55,41,43,57,58,31,11,41,35,22,5,21,57
55,41,43,57,58,31,11,41,35,22,5,21,57,46
41,43,57,58,31,11,41,35,22,5,21,57,46,22
43,57,58,31,11,41,35,22,5,21,57,46,22,7
57,58,31,11,41,35,22,5,21,57,46,22,7,43
58,31,11,41,35,22,5,21,57,46,22,7,43,4
31,11,41,35,22,5,21,57,46,22,7,43,4,8
11,41,35,22,5,21,57,46,22,7,43,4,8,3
41,35,22,5,21,57,46,22,7,43,4,8,3,54
35,22,5,21,57,46,22,7,43,4,8,3,54,45
22,5,21,57,46,22,7,43,4,8,3,54,45,30
5,21,57,46,22,7,43,4,8,3,54,45,30,58
21,57,46,22,7,43,4,8,3,54,45,30,58,18
57,46,22,7,43,4,8,3,54,45,30,58,18,54
46,22,7,43,4,8,3,54,45,30,58,18,54,36
22,7,43,4,8,3,54,45,30,58,18,54,36,53
7,43,4,8,3,54,45,30,58,18,54,36,53,20
43,4,8,3,54,45,30,58,18,54,36,53,20,4
4,8,3,54,45,30,58,18,54,36,53,20,4,21
8,3,54,45,30,58,18,54,36,53,20,4,21,59
3,54,45,30,58,18,54,36,53,20,4,21,59,18
54,45,30,58,18,54,36,53,20,4,21,59,18,38
45,30,58,18,54,36,53,20,4,21,59,18,38,34
30,58,18,54,36,53,20,4,21,59,18,38,34,32
58,18,54,36,53,20,4,21,59,18,38,34,32,34
18,54,36,53,20,4,21,59,18,38,34,32,34,16
54,36,53,20,4,21,59,18,38,34,32,34,16,13
36,53,20,4,21,59,18,38,34,32,34,16,13,56
53,20,4,21,59,18,38,34,32,34,16,13,56,33
20,4,21,59,18,38,34,32,34,16,13,56,33,52
4,21,59,18,38,34,32,34,16,13,56,33,52,55
21,59,18,38,34,32,34,16,13,56,33,52,55,23
59,18,38,34,32,34,16,13,56,33,52,55,23,50
18,38,34,32,34,16,13,56,33,52,55,23,50,58
38,34,32,34,16,13,56,33,52,55,23,50,58,18
34,32,34,16,13,56,33,52,55,23,50,58,18,17
32,34,16,13,56,33,52,55,23,50,58,18,17,5
34,16,13,56,33,52,55,23,50,58,18,17,5,32
16,13,56,33,52,55,23,50,58,18,17,5,32,55
13,56,33,52,55,23,50,58,18,17,5,32,55,20
56,33,52,55,23,50,58,18,17,5,32,55,20,41
33,52,55,23,50,58,18,17,5,32,55,20,41,32
52,55,23,50,58,18,17,5,32,55,20,41,32,44
55,23,50,58,18,17,5,32,55,20,41,32,44,59
23,50,58,18,17,5,32,55,20,41,32,44,59,53
50,58,18,17,5,32,55,20,41,32,44,59,53,48
58,18,17,5,32,55,20,41,32,44,59,53,48,51
18,17,5,32,55,20,41,32,44,59,53,48,51,4
17,5,32,55,20,41,32,44,59,53,48,51,4,15
5,32,55,20,41,32,44,59,53,48,51,4,15,57
32,55,20,41,32,44,59,53,48,51,4,15,57,55
55,20,41,32,44,59,53,48,51,4,15,57,55,2
20,41,32,44,59,53,48,51,4,15,57,55,2,16
41,32,44,59,53,48,51,4,15,57,55,2,16,35
32,44,59,53,48,51,4,15,57,55,2,16,35,39
44,59,53,48,51,4,15,57,55,2,16,35,39,29
59,53,48,51,4,15,57,55,2,16,35,39,29,24
53,48,51,4,15,57,55,2,16,35,39,29,24,7
48,51,4,15,57,55,2,16,35,39,29,24,7,14
51,4,15,57,55,2,16,35,39,29,24,7,14,9
4,15,57,55,2,16,35,39,29,24,7,14,9,41
15,57,55,2,16,35,39,29,24,7,14,9,41,53
57,55,2,16,35,39,29,24,7,14,9,41,53,37
55,2,16,35,39,29,24,7,14,9,41,53,37,36
2,16,35,39,29,24,7,14,9,41,53,37,36,51
16,35,39,29,24,7,14,9,41,53,37,36,51,19
35,39,29,24,7,14,9,41,53,37,36,51,19,1
39,29,24,7,14,9,41,53,37,36,51,19,1,9
29,24,7,14,9,41,53,37,36,51,19,1,9,25
24,7,14,9,41,53,37,36,51,19,1,9,25,50
7,14,9,41,53,37,36,51,19,1,9,25,50,52
14,9,41,53,37,36,51,19,1,9,25,50,52,42
9,41,53,37,36,51,19,1,9,25,50,52,42,17
41,53,37,36,51,19,1,9,25,50,52,42,17,26
53,37,36,51,19,1,9,25,50,52,42,17,26,38
37,36,51,19,1,9,25,50,52,42,17,26,38,28
36,51,19,1,9,25,50,52,42,17,26,38,28,22
51,19,1,9,25,50,52,42,17,26,38,28,22,53
19,1,9,25,50,52,42,17,26,38,28,22,53,29
1,9,25,50,52,42,17,26,38,28,22,53,29,36
9,25,50,52,42,17,26,38,28,22,53,29,36,3
25,50,52,42,17,26,38,28,22,53,29,36,3,15
50,52,42,17,26,38,28,22,53,29,36,3,15,27
52,42,17,26,38,28,22,53,29,36,3,15,27,49
42,17,26,38,28,22,53,29,36,3,15,27,49,46
17,26,38,28,22,53,29,36,3,15,27,49,46,1
26,38,28,22,53,29,36,3,15,27,49,46,1,29
38,28,22,53,29,36,3,15,27,49,46,1,29,6
28,22,53,29,36,3,15,27,49,46,1,29,6,28
22,53,29,36,3,15,27,49,46,1,29,6,28,26
53,29,36,3,15,27,49,46,1,29,6,28,26,21
29,36,3,15,27,49,46,1,29,6,28,26,21,54
36,3,15,27,49,46,1,29,6,28,26,21,54,4
3,15,27,49,46,1,29,6,28,26,21,54,4,19
15,27,49,46,1,29,6,28,26,21,54,4,19,29
27,49,46,1,29,6,28,26,21,54,4,19,29,30
49,46,1,29,6,28,26,21,54,4,19,29,30,14
46,1,29,6,28,26,21,54,4,19,29,30,14,59
1,29,6,28,26,21,54,4,19,29,30,14,59,36
29,6,28,26,21,54,4,19,29,30,14,59,36,46
6,28,26,21,54,4,19,29,30,14,59,36,46,38
28,26,21,54,4,19,29,30,14,59,36,46,38,33
26,21,54,4,19,29,30,14,59,36,46,38,33,51
21,54,4,19,29,30,14,59,36,46,38,33,51,9
54,4,19,29,30,14,59,36,46,38,33,51,9,23
4,19,29,30,14,59,36,46,38,33,51,9,23,45
19,29,30,14,59,36,46,38,33,51,9,23,45,12
29,30,14,59,36,46,38,33,51,9,23,45,12,20
30,14,59,36,46,38,33,51,9,23,45,12,20,28
14,59,36,46,38,33,51,9,23,45,12,20,28,49
59,36,46,38,33,51,9,23,45,12,20,28,49,26
36,46,38,33,51,9,23,45,12,20,28,49,26,17
46,38,33,51,9,23,45,12,20,28,49,26,17,48
38,33,51,9,23,45,12,20,28,49,26,17,48,33
33,51,9,23,45,12,20,28,49,26,17,48,33,37
51,9,23,45,12,20,28,49,26,17,48,33,37,5
9,23,45,12,20,28,49,26,17,48,33,37,5,38
23,45,12,20,28,49,26,17,48,33,37,5,38,28
45,12,20,28,49,26,17,48,33,37,5,38,28,36
12,20,28,49,26,17,48,33,37,5,38,28,36,23
20,28,49,26,17,48,33,37,5,38,28,36,23,59
28,49,26,17,48,33,37,5,38,28,36,23,59,25
49,26,17,48,33,37,5,38,28,36,23,59,25,47
26,17,48,33,37,5,38,28,36,23,59,25,47,46
17,48,33,37,5,38,28,36,23,59,25,47,46,30
48,33,37,5,38,28,36,23,59,25,47,46,30,38
33,37,5,38,28,36,23,59,25,47,46,30,38,44
37,5,38,28,36,23,59,25,47,46,30,38,44,8
5,38,28,36,23,59,25,47,46,30,38,44,8,4
38,28,36,23,59,25,47,46,30,38,44,8,4,12
28,36,23,59,25,47,46,30,38,44,8,4,12,52
36,23,59,25,47,46,30,38,44,8,4,12,52,43
23,59,25,47,46,30,38,44,8,4,12,52,43,25
59,25,47,46,30,38,44,8,4,12,52,43,25,41
25,47,46,30,38,44,8,4,12,52,43,25,41,60
47,46,30,38,44,8,4,12,52,43,25,41,60,31
46,30,38,44,8,4,12,52,43,25,41,60,31,3
30,38,44,8,4,12,52,43,25,41,60,31,3,17
38,44,8,4,12,52,43,25,41,60,31,3,17,57
44,8,4,12,52,43,25,41,60,31,3,17,57,55
8,4,12,52,43,25,41,60,31,3,17,57,55,24
4,12,52,43,25,41,60,31,3,17,57,55,24,52
12,52,43,25,41,60,31,3,17,57,55,24,52,5
52,43,25,41,60,31,3,17,57,55,24,52,5,35
43,25,41,60,31,3,17,57,55,24,52,5,35,41
25,41,60,31,3,17,57,55,24,52,5,35,41,1
41,60,31,3,17,57,55,24,52,5,35,41,1,57
60,31,3,17,57,55,24,52,5,35,41,1,57,9
31,3,17,57,55,24,52,5,35,41,1,57,9,48
3,17,57,55,24,52,5,35,41,1,57,9,48,41
17,57,55,24,52,5,35,41,1,57,9,48,41,49
57,55,24,52,5,35,41,1,57,9,48,41,49,45
55,24,52,5,35,41,1,57,9,48,41,49,45,19
24,52,5,35,41,1,57,9,48,41,49,45,19,13
52,5,35,41,1,57,9,48,41,49,45,19,13,12
5,35,41,1,57,9,48,41,49,45,19,13,12,53
35,41,1,57,9,48,41,49,45,19,13,12,53,39
41,1,57,9,48,41,49,45,19,13,12,53,39,2
1,57,9,48,41,49,45,19,13,12,53,39,2,50
57,9,48,41,49,45,19,13,12,53,39,2,50,57
9,48,41,49,45,19,13,12,53,39,2,50,57,15
48,41,49,45,19,13,12,53,39,2,50,57,15,51
41,49,45,19,13,12,53,39,2,50,57,15,51,27
49,45,19,13,12,53,39,2,50,57,15,51,27,60
45,19,13,12,53,39,2,50,57,15,51,27,60,21
19,13,12,53,39,2,50,57,15,51,27,60,21,20
13,12,53,39,2,50,57,15,51,27,60,21,20,2
12,53,39,2,50,57,15,51,27,60,21,20,2,52
53,39,2,50,57,15,51,27,60,21,20,2,52,37
39,2,50,57,15,51,27,60,21,20,2,52,37,46
2,50,57,15,51,27,60,21,20,2,52,37,46,8
50,57,15,51,27,60,21,20,2,52,37,46,8,22
57,15,51,27,60,21,20,2,52,37,46,8,22,36
15,51,27,60,21,20,2,52,37,46,8,22,36,40
51,27,60,21,20,2,52,37,46,8,22,36,40,41
27,60,21,20,2,52,37,46,8,22,36,40,41,34
60,21,20,2,52,37,46,8,22,36,40,41,34,33
21,20,2,52,37,46,8,22,36,40,41,34,33,21
20,2,52,37,46,8,22,36,40,41,34,33,21,59
2,52,37,46,8,22,36,40,41,34,33,21,59,36
52,37,46,8,22,36,40,41,34,33,21,59,36,26
37,46,8,22,36,40,41,34,33,21,59,36,26,31
46,8,22,36,40,41,34,33,21,59,36,26,31,23
8,22,36,40,41,34,33,21,59,36,26,31,23,19
22,36,40,41,34,33,21,59,36,26,31,23,19,33
36,40,41,34,33,21,59,36,26,31,23,19,33,32
40,41,34,33,21,59,36,26,31,23,19,33,32,10
41,34,33,21,59,36,26,31,23,19,33,32,10,49
34,33,21,59,36,26,31,23,19,33,32,10,49,60
33,21,59,36,26,31,23,19,33,32,10,49,60,4
21,59,36,26,31,23,19,33,32,10,49,60,4,33
59,36,26,31,23,19,33,32,10,49,60,4,33,16
36,26,31,23,19,33,32,10,49,60,4,33,16,49
26,31,23,19,33,32,10,49,60,4,33,16,49,35
31,23,19,33,32,10,49,60,4,33,16,49,35,39
23,19,33,32,10,49,60,4,33,16,49,35,39,57
19,33,32,10,49,60,4,33,16,49,35,39,57,27
33,32,10,49,60,4,33,16,49,35,39,57,27,46
32,10,49,60,4,33,16,49,35,39,57,27,46,20
10,49,60,4,33,16,49,35,39,57,27,46,20,55
49,60,4,33,16,49,35,39,57,27,46,20,55,37
60,4,33,16,49,35,39,57,27,46,20,55,37,28
4,33,16,49,35,39,57,27,46,20,55,37,28,49
33,16,49,35,39,57,27,46,20,55,37,28,49,17
16,49,35,39,57,27,46,20,55,37,28,49,17,34
49,35,39,57,27,46,20,55,37,28,49,17,34,7
35,39,57,27,46,20,55,37,28,49,17,34,7,36
39,57,27,46,20,55,37,28,49,17,34,7,36,39
57,27,46,20,55,37,28,49,17,34,7,36,39,19
27,46,20,55,37,28,49,17,34,7,36,39,19,2
46,20,55,37,28,49,17,34,7,36,39,19,2,21
20,55,37,28,49,17,34,7,36,39,19,2,21,42
55,37,28,49,17,34,7,36,39,19,2,21,42,53
37,28,49,17,34,7,36,39,19,2,21,42,53,36
28,49,17,34,7,36,39,19,2,21,42,53,36,17
49,17,34,7,36,39,19,2,21,42,53,36,17,25
17,34,7,36,39,19,2,21,42,53,36,17,25,39
34,7,36,39,19,2,21,42,53,36,17,25,39,45
7,36,39,19,2,21,42,53,36,17,25,39,45,51
36,39,19,2,21,42,53,36,17,25,39,45,51,8
39,19,2,21,42,53,36,17,25,39,45,51,8,14
19,2,21,42,53,36,17,25,39,45,51,8,14,25
2,21,42,53,36,17,25,39,45,51,8,14,25,48
21,42,53,36,17,25,39,45,51,8,14,25,48,44
42,53,36,17,25,39,45,51,8,14,25,48,44,3
53,36,17,25,39,45,51,8,14,25,48,44,3,21
36,17,25,39,45,51,8,14,25,48,44,3,21,1
17,25,39,45,51,8,14,25,48,44,3,21,1,7
25,39,45,51,8,14,25,48,44,3,21,1,7,45
39,45,51,8,14,25,48,44,3,21,1,7,45,18
45,51,8,14,25,48,44,3,21,1,7,45,18,13
51,8,14,25,48,44,3,21,1,7,45,18,13,29
8,14,25,48,44,3,21,1,7,45,18,13,29,31
14,25,48,44,3,21,1,7,45,18,13,29,31,5
25,48,44,3,21,1,7,45,18,13,29,31,5,33
48,44,3,21,1,7,45,18,13,29,31,5,33,14
44,3,21,1,7,45,18,13,29,31,5,33,14,29
3,21,1,7,45,18,13,29,31,5,33,14,29,44
21,1,7,45,18,13,29,31,5,33,14,29,44,22
1,7,45,18,13,29,31,5,33,14,29,44,22,22
7,45,18,13,29,31,5,33,14,29,44,22,22,41
45,18,13,29,31,5,33,14,29,44,22,22,41,2
18,13,29,31,5,33,14,29,44,22,22,41,2,30
13,29,31,5,33,14,29,44,22,22,41,2,30,21
29,31,5,33,14,29,44,22,22,41,2,30,21,52
31,5,33,14,29,44,22,22,41,2,30,21,52,35
5,33,14,29,44,22,22,41,2,30,21,52,35,15
33,14,29,44,22,22,41,2,30,21,52,35,15,27
14,29,44,22,22,41,2,30,21,52,35,15,27,57
29,44,22,22,41,2,30,21,52,35,15,27,57,50
44,22,22,41,2,30,21,52,35,15,27,57,50,59
22,22,41,2,30,21,52,35,15,27,57,50,59,6
22,41,2,30,21,52,35,15,27,57,50,59,6,23
41,2,30,21,52,35,15,27,57,50,59,6,23,19
2,30,21,52,35,15,27,57,50,59,6,23,19,50
30,21,52,35,15,27,57,50,59,6,23,19,50,37
21,52,35,15,27,57,50,59,6,23,19,50,37,49
52,35,15,27,57,50,59,6,23,19,50,37,49,25
35,15,27,57,50,59,6,23,19,50,37,49,25,33
15,27,57,50,59,6,23,19,50,37,49,25,33,51
27,57,50,59,6,23,19,50,37,49,25,33,51,31
57,50,59,6,23,19,50,37,49,25,33,51,31,5
50,59,6,23,19,50,37,49,25,33,51,31,5,37
59,6,23,19,50,37,49,25,33,51,31,5,37,11
6,23,19,50,37,49,25,33,51,31,5,37,11,15
23,19,50,37,49,25,33,51,31,5,37,11,15,10
19,50,37,49,25,33,51,31,5,37,11,15,10,27
50,37,49,25,33,51,31,5,37,11,15,10,27,60
37,49,25,33,51,31,5,37,11,15,10,27,60,53
49,25,33,51,31,5,37,11,15,10,27,60,53,5
25,33,51,31,5,37,11,15,10,27,60,53,5,52
33,51,31,5,37,11,15,10,27,60,53,5,52,18
51,31,5,37,11,15,10,27,60,53,5,52,18,8
31,5,37,11,15,10,27,60,53,5,52,18,8,59
5,37,11,15,10,27,60,53,5,52,18,8,59,42
37,11,15,10,27,60,53,5,52,18,8,59,42,47
11,15,10,27,60,53,5,52,18,8,59,42,47,41
15,10,27,60,53,5,52,18,8,59,42,47,41,58
10,27,60,53,5,52,18,8,59,42,47,41,58,3
27,60,53,5,52,18,8,59,42,47,41,58,3,23
60,53,5,52,18,8,59,42,47,41,58,3,23,12
53,5,52,18,8,59,42,47,41,58,3,23,12,16
5,52,18,8,59,42,47,41,58,3,23,12,16,58
52,18,8,59,42,47,41,58,3,23,12,16,58,43
18,8,59,42,47,41,58,3,23,12,16,58,43,37
8,59,42,47,41,58,3,23,12,16,58,43,37,52
59,42,47,41,58,3,23,12,16,58,43,37,52,59
42,47,41,58,3,23,12,16,58,43,37,52,59,44
47,41,58,3,23,12,16,58,43,37,52,59,44,8
41,58,3,23,12,16,58,43,37,52,59,44,8,59
58,3,23,12,16,58,43,37,52,59,44,8,59,54
3,23,12,16,58,43,37,52,59,44,8,59,54,4
23,12,16,58,43,37,52,59,44,8,59,54,4,27
12,16,58,43,37,52,59,44,8,59,54,4,27,59
16,58,43,37,52,59,44,8,59,54,4,27,59,1
58,43,37,52,59,44,8,59,54,4,27,59,1,47
43,37,52,59,44,8,59,54,4,27,59,1,47,5
37,52,59,44,8,59,54,4,27,59,1,47,5,52
52,59,44,8,59,54,4,27,59,1,47,5,52,12
59,44,8,59,54,4,27,59,1,47,5,52,12,33
44,8,59,54,4,27,59,1,47,5,52,12,33,11
8,59,54,4,27,59,1,47,5,52,12,33,11,3
59,54,4,27,59,1,47,5,52,12,33,11,3,58
54,4,27,59,1,47,5,52,12,33,11,3,58,14
4,27,59,1,47,5,52,12,33,11,3,58,14,5
27,59,1,47,5,52,12,33,11,3,58,14,5,22
59,1,47,5,52,12,33,11,3,58,14,5,22,44
1,47,5,52,12,33,11,3,58,14,5,22,44,41
47,5,52,12,33,11,3,58,14,5,22,44,41,46
5,52,12,33,11,3,58,14,5,22,44,41,46,52
52,12,33,11,3,58,14,5,22,44,41,46,52,54
12,33,11,3,58,14,5,22,44,41,46,52,54,44
33,11,3,58,14,5,22,44,41,46,52,54,44,1
11,3,58,14,5,22,44,41,46,52,54,44,1,51
3,58,14,5,22,44,41,46,52,54,44,1,51,52
58,14,5,22,44,41,46,52,54,44,1,51,52,41
14,5,22,44,41,46,52,54,44,1,51,52,41,23
5,22,44,41,46,52,54,44,1,51,52,41,23,48
22,44,41,46,52,54,44,1,51,52,41,23,48,59
44,41,46,52,54,44,1,51,52,41,23,48,59,49
41,46,52,54,44,1,51,52,41,23,48,59,49,41
46,52,54,44,1,51,52,41,23,48,59,49,41,42
52,54,44,1,51,52,41,23,48,59,49,41,42,23
54,44,1,51,52,41,23,48,59,49,41,42,23,49
44,1,51,52,41,23,48,59,49,41,42,23,49,24
1,51,52,41,23,48,59,49,41,42,23,49,24,39
51,52,41,23,48,59,49,41,42,23,49,24,39,34
52,41,23,48,59,49,41,42,23,49,24,39,34,55
41,23,48,59,49,41,42,23,49,24,39,34,55,14
23,48,59,49,41,42,23,49,24,39,34,55,14,54
48,59,49,41,42,23,49,24,39,34,55,14,54,11
59,49,41,42,23,49,24,39,34,55,14,54,11,27
49,41,42,23,49,24,39,34,55,14,54,11,27,18
41,42,23,49,24,39,34,55,14,54,11,27,18,2
42,23,49,24,39,34,55,14,54,11,27,18,2,30
23,49,24,39,34,55,14,54,11,27,18,2,30,55
49,24,39,34,55,14,54,11,27,18,2,30,55,48
24,39,34,55,14,54,11,27,18,2,30,55,48,1
39,34,55,14,54,11,27,18,2,30,55,48,1,39
34,55,14,54,11,27,18,2,30,55,48,1,39,16
55,14,54,11,27,18,2,30,55,48,1,39,16,42
14,54,11,27,18,2,30,55,48,1,39,16,42,8
54,11,27,18,2,30,55,48,1,39,16,42,8,5
11,27,18,2,30,55,48,1,39,16,42,8,5,24
27,18,2,30,55,48,1,39,16,42,8,5,24,18
18,2,30,55,48,1,39,16,42,8,5,24,18,57
2,30,55,48,1,39,16,42,8,5,24,18,57,33
30,55,48,1,39,16,42,8,5,24,18,57,33,35
55,48,1,39,16,42,8,5,24,18,57,33,35,5
48,1,39,16,42,8,5,24,18,57,33,35,5,32
1,39,16,42,8,5,24,18,57,33,35,5,32,21
39,16,42,8,5,24,18,57,33,35,5,32,21,33
16,42,8,5,24,18,57,33,35,5,32,21,33,12
42,8,5,24,18,57,33,35,5,32,21,33,12,46
8,5,24,18,57,33,35,5,32,21,33,12,46,51
5,24,18,57,33,35,5,32,21,33,12,46,51,47
24,18,57,33,35,5,32,21,33,12,46,51,47,59
18,57,33,35,5,32,21,33,12,46,51,47,59,54
57,33,35,5,32,21,33,12,46,51,47,59,54,57
33,35,5,32,21,33,12,46,51,47,59,54,57,50
35,5,32,21,33,12,46,51,47,59,54,57,50,32
5,32,21,33,12,46,51,47,59,54,57,50,32,25
32,21,33,12,46,51,47,59,54,57,50,32,25,34
21,33,12,46,51,47,59,54,57,50,32,25,34,57
33,12,46,51,47,59,54,57,50,32,25,34,57,24
12,46,51,47,59,54,57,50,32,25,34,57,24,13
46,51,47,59,54,57,50,32,25,34,57,24,13,22
51,47,59,54,57,50,32,25,34,57,24,13,22,7
47,59,54,57,50,32,25,34,57,24,13,22,7,33
59,54,57,50,32,25,34,57,24,13,22,7,33,51
54,57,50,32,25,34,57,24,13,22,7,33,51,48
57,50,32,25,34,57,24,13,22,7,33,51,48,57
50,32,25,34,57,24,13,22,7,33,51,48,57,3
32,25,34,57,24,13,22,7,33,51,48,57,3,5
25,34,57,24,13,22,7,33,51,48,57,3,5,11
34,57,24,13,22,7,33,51,48,57,3,5,11,33
57,24,13,22,7,33,51,48,57,3,5,11,33,39
24,13,22,7,33,51,48,57,3,5,11,33,39,34
13,22,7,33,51,48,57,3,5,11,33,39,34,6
22,7,33,51,48,57,3,5,11,33,39,34,6,33
7,33,51,48,57,3,5,11,33,39,34,6,33,18
33,51,48,57,3,5,11,33,39,34,6,33,18,53
51,48,57,3,5,11,33,39,34,6,33,18,53,19
48,57,3,5,11,33,39,34,6,33,18,53,19,16
57,3,5,11,33,39,34,6,33,18,53,19,16,53
3,5,11,33,39,34,6,33,18,53,19,16,53,2
5,11,33,39,34,6,33,18,53,19,16,53,2,4
11,33,39,34,6,33,18,53,19,16,53,2,4,21
33,39,34,6,33,18,53,19,16,53,2,4,21,36
39,34,6,33,18,53,19,16,53,2,4,21,36,2
34,6,33,18,53,19,16,53,2,4,21,36,2,48
6,33,18,53,19,16,53,2,4,21,36,2,48,49
33,18,53,19,16,53,2,4,21,36,2,48,49,40
18,53,19,16,53,2,4,21,36,2,48,49,40,55
53,19,16,53,2,4,21,36,2,48,49,40,55,11
19,16,53,2,4,21,36,2,48,49,40,55,11,37
16,53,2,4,21,36,2,48,49,40,55,11,37,17
53,2,4,21,36,2,48,49,40,55,11,37,17,15
2,4,21,36,2,48,49,40,55,11,37,17,15,50
4,21,36,2,48,49,40,55,11,37,17,15,50,48
21,36,2,48,49,40,55,11,37,17,15,50,48,59
36,2,48,49,40,55,11,37,17,15,50,48,59,42
2,48,49,40,55,11,37,17,15,50,48,59,42,13
48,49,40,55,11,37,17,15,50,48,59,42,13,33
49,40,55,11,37,17,15,50,48,59,42,13,33,20
40,55,11,37,17,15,50,48,59,42,13,33,20,8
55,11,37,17,15,50,48,59,42,13,33,20,8,26
11,37,17,15,50,48,59,42,13,33,20,8,26,36
37,17,15,50,48,59,42,13,33,20,8,26,36,39
17,15,50,48,59,42,13,33,20,8,26,36,39,57
15,50,48,59,42,13,33,20,8,26,36,39,57,58
50,48,59,42,13,33,20,8,26,36,39,57,58,5
48,59,42,13,33,20,8,26,36,39,57,58,5,30
59,42,13,33,20,8,26,36,39,57,58,5,30,1
42,13,33,20,8,26,36,39,57,58,5,30,1,58
13,33,20,8,26,36,39,57,58,5,30,1,58,26
33,20,8,26,36,39,57,58,5,30,1,58,26,28
20,8,26,36,39,57,58,5,30,1,58,26,28,4
8,26,36,39,57,58,5,30,1,58,26,28,4,41
26,36,39,57,58,5,30,1,58,26,28,4,41,18
36,39,57,58,5,30,1,58,26,28,4,41,18,14
39,57,58,5,30,1,58,26,28,4,41,18,14,57
57,58,5,30,1,58,26,28,4,41,18,14,57,30
58,5,30,1,58,26,28,4,41,18,14,57,30,13
5,30,1,58,26,28,4,41,18,14,57,30,13,5
30,1,58,26,28,4,41,18,14,57,30,13,5,30
1,58,26,28,4,41,18,14,57,30,13,5,30,4
58,26,28,4,41,18,14,57,30,13,5,30,4,13
26,28,4,41,18,14,57,30,13,5,30,4,13,60
28,4,41,18,14,57,30,13,5,30,4,13,60,51
4,41,18,14,57,30,13,5,30,4,13,60,51,1
41,18,14,57,30,13,5,30,4,13,60,51,1,56
18,14,57,30,13,5,30,4,13,60,51,1,56,35
14,57,30,13,5,30,4,13,60,51,1,56,35,50
57,30,13,5,30,4,13,60,51,1,56,35,50,13
30,13,5,30,4,13,60,51,1,56,35,50,13,41
13,5,30,4,13,60,51,1,56,35,50,13,41,25
5,30,4,13,60,51,1,56,35,50,13,41,25,57
30,4,13,60,51,1,56,35,50,13,41,25,57,34
4,13,60,51,1,56,35,50,13,41,25,57,34,5
13,60,51,1,56,35,50,13,41,25,57,34,5,54
60,51,1,56,35,50,13,41,25,57,34,5,54,28
51,1,56,35,50,13,41,25,57,34,5,54,28,21
1,56,35,50,13,41,25,57,34,5,54,28,21,4
56,35,50,13,41,25,57,34,5,54,28,21,4,14
35,50,13,41,25,57,34,5,54,28,21,4,14,33
50,13,41,25,57,34,5,54,28,21,4,14,33,44
13,41,25,57,34,5,54,28,21,4,14,33,44,11
41,25,57,34,5,54,28,21,4,14,33,44,11,45
25,57,34,5,54,28,21,4,14,33,44,11,45,33
57,34,5,54,28,21,4,14,33,44,11,45,33,18
34,5,54,28,21,4,14,33,44,11,45,33,18,15
5,54,28,21,4,14,33,44,11,45,33,18,15,56
54,28,21,4,14,33,44,11,45,33,18,15,56,31
28,21,4,14,33,44,11,45,33,18,15,56,31,34
21,4,14,33,44,11,45,33,18,15,56,31,34,53
4,14,33,44,11,45,33,18,15,56,31,34,53,36
14,33,44,11,45,33,18,15,56,31,34,53,36,8
33,44,11,45,33,18,15,56,31,34,53,36,8,30
44,11,45,33,18,15,56,31,34,53,36,8,30,1
11,45,33,18,15,56,31,34,53,36,8,30,1,47
45,33,18,15,56,31,34,53,36,8,30,1,47,45
33,18,15,56,31,34,53,36,8,30,1,47,45,20
18,15,56,31,34,53,36,8,30,1,47,45,20,38
15,56,31,34,53,36,8,30,1,47,45,20,38,31
56,31,34,53,36,8,30,1,47,45,20,38,31,16
31,34,53,36,8,30,1,47,45,20,38,31,16,12
34,53,36,8,30,1,47,45,20,38,31,16,12,33
53,36,8,30,1,47,45,20,38,31,16,12,33,9
36,8,30,1,47,45,20,38,31,16,12,33,9,37
8,30,1,47,45,20,38,31,16,12,33,9,37,40
30,1,47,45,20,38,31,16,12,33,9,37,40,41
1,47,45,20,38,31,16,12,33,9,37,40,41,30
47,45,20,38,31,16,12,33,9,37,40,41,30,28
45,20,38,31,16,12,33,9,37,40,41,30,28,53
20,38,31,16,12,33,9,37,40,41,30,28,53,38
38,31,16,12,33,9,37,40,41,30,28,53,38,23
31,16,12,33,9,37,40,41,30,28,53,38,23,14
16,12,33,9,37,40,41,30,28,53,38,23,14,25
12,33,9,37,40,41,30,28,53,38,23,14,25,17
33,9,37,40,41,30,28,53,38,23,14,25,17,3
9,37,40,41,30,28,53,38,23,14,25,17,3,9
37,40,41,30,28,53,38,23,14,25,17,3,9,32
40,41,30,28,53,38,23,14,25,17,3,9,32,7
41,30,28,53,38,23,14,25,17,3,9,32,7,5
30,28,53,38,23,14,25,17,3,9,32,7,5,42
28,53,38,23,14,25,17,3,9,32,7,5,42,58
53,38,23,14,25,17,3,9,32,7,5,42,58,12
38,23,14,25,17,3,9,32,7,5,42,58,12,18
23,14,25,17,3,9,32,7,5,42,58,12,18,16
14,25,17,3,9,32,7,5,42,58,12,18,16,27
25,17,3,9,32,7,5,42,58,12,18,16,27,28
17,3,9,32,7,5,42,58,12,18,16,27,28,3
3,9,32,7,5,42,58,12,18,16,27,28,3,39
9,32,7,5,42,58,12,18,16,27,28,3,39,51
32,7,5,42,58,12,18,16,27,28,3,39,51,31
7,5,42,58,12,18,16,27,28,3,39,51,31,15
5,42,58,12,18,16,27,28,3,39,51,31,15,35
42,58,12,18,16,27,28,3,39,51,31,15,35,17
58,12,18,16,27,28,3,39,51,31,15,35,17,59
12,18,16,27,28,3,39,51,31,15,35,17,59,15
18,16,27,28,3,39,51,31,15,35,17,59,15,36
16,27,28,3,39,51,31,15,35,17,59,15,36,29
27,28,3,39,51,31,15,35,17,59,15,36,29,8
28,3,39,51,31,15,35,17,59,15,36,29,8,41
3,39,51,31,15,35,17,59,15,36,29,8,41,53
39,51,31,15,35,17,59,15,36,29,8,41,53,1
51,31,15,35,17,59,15,36,29,8,41,53,1,58
31,15,35,17,59,15,36,29,8,41,53,1,58,34
15,35,17,59,15,36,29,8,41,53,1,58,34,12
35,17,59,15,36,29,8,41,53,1,58,34,12,24
17,59,15,36,29,8,41,53,1,58,34,12,24,8
59,15,36,29,8,41,53,1,58,34,12,24,8,40
15,36,29,8,41,53,1,58,34,12,24,8,40,43
36,29,8,41,53,1,58,34,12,24,8,40,43,49
29,8,41,53,1,58,34,12,24,8,40,43,49,38
8,41,53,1,58,34,12,24,8,40,43,49,38,45
41,53,1,58,34,12,24,8,40,43,49,38,45,40
53,1,58,34,12,24,8,40,43,49,38,45,40,16
1,58,34,12,24,8,40,43,49,38,45,40,16,32
58,34,12,24,8,40,43,49,38,45,40,16,32,22
34,12,24,8,40,43,49,38,45,40,16,32,22,46
12,24,8,40,43,49,38,45,40,16,32,22,46,20
24,8,40,43,49,38,45,40,16,32,22,46,20,4
8,40,43,49,38,45,40,16,32,22,46,20,4,43
40,43,49,38,45,40,16,32,22,46,20,4,43,47
43,49,38,45,40,16,32,22,46,20,4,43,47,10
49,38,45,40,16,32,22,46,20,4,43,47,10,4
38,45,40,16,32,22,46,20,4,43,47,10,4,56
45,40,16,32,22,46,20,4,43,47,10,4,56,18
40,16,32,22,46,20,4,43,47,10,4,56,18,59
16,32,22,46,20,4,43,47,10,4,56,18,59,46
32,22,46,20,4,43,47,10,4,56,18,59,46,16
22,46,20,4,43,47,10,4,56,18,59,46,16,32
46,20,4,43,47,10,4,56,18,59,46,16,32,6
20,4,43,47,10,4,56,18,59,46,16,32,6,31
4,43,47,10,4,56,18,59,46,16,32,6,31,24
43,47,10,4,56,18,59,46,16,32,6,31,24,15
47,10,4,56,18,59,46,16,32,6,31,24,15,19
10,4,56,18,59,46,16,32,6,31,24,15,19,47
4,56,18,59,46,16,32,6,31,24,15,19,47,27
56,18,59,46,16,32,6,31,24,15,19,47,27,13
18,59,46,16,32,6,31,24,15,19,47,27,13,31
59,46,16,32,6,31,24,15,19,47,27,13,31,34
46,16,32,6,31,24,15,19,47,27,13,31,34,58
16,32,6,31,24,15,19,47,27,13,31,34,58,48
32,6,31,24,15,19,47,27,13,31,34,58,48,17
6,31,24,15,19,47,27,13,31,34,58,48,17,46
31,24,15,19,47,27,13,31,34,58,48,17,46,56
24,15,19,47,27,13,31,34,58,48,17,46,56,60
15,19,47,27,13,31,34,58,48,17,46,56,60,8
19,47,27,13,31,34,58,48,17,46,56,60,8,38
47,27,13,31,34,58,48,17,46,56,60,8,38,21
27,13,31,34,58,48,17,46,56,60,8,38,21,27
13,31,34,58,48,17,46,56,60,8,38,21,27,2
31,34,58,48,17,46,56,60,8,38,21,27,2,29
34,58,48,17,46,56,60,8,38,21,27,2,29,32
58,48,17,46,56,60,8,38,21,27,2,29,32,29
48,17,46,56,60,8,38,21,27,2,29,32,29,18
17,46,56,60,8,38,21,27,2,29,32,29,18,2
46,56,60,8,38,21,27,2,29,32,29,18,2,15
56,60,8,38,21,27,2,29,32,29,18,2,15,10
60,8,38,21,27,2,29,32,29,18,2,15,10,39
8,38,21,27,2,29,32,29,18,2,15,10,39,8
38,21,27,2,29,32,29,18,2,15,10,39,8,38
21,27,2,29,32,29,18,2,15,10,39,8,38,60
27,2,29,32,29,18,2,15,10,39,8,38,60,41
2,29,32,29,18,2,15,10,39,8,38,60,41,15
29,32,29,18,2,15,10,39,8,38,60,41,15,9
32,29,18,2,15,10,39,8,38,60,41,15,9,6
29,18,2,15,10,39,8,38,60,41,15,9,6,8
18,2,15,10,39,8,38,60,41,15,9,6,8,4
2,15,10,39,8,38,60,41,15,9,6,8,4,1
15,10,39,8,38,60,41,15,9,6,8,4,1,25
10,39,8,38,60,41,15,9,6,8,4,1,25,28
39,8,38,60,41,15,9,6,8,4,1,25,28,26
8,38,60,41,15,9,6,8,4,1,25,28,26,25
38,60,41,15,9,6,8,4,1,25,28,26,25,42
60,41,15,9,6,8,4,1,25,28,26,25,42,60
41,15,9,6,8,4,1,25,28,26,25,42,60,5
15,9,6,8,4,1,25,28,26,25,42,60,5,24
9,6,8,4,1,25,28,26,25,42,60,5,24,44
6,8,4,1,25,28,26,25,42,60,5,24,44,40
8,4,1,25,28,26,25,42,60,5,24,44,40,58
4,1,25,28,26,25,42,60,5,24,44,40,58,29
1,25,28,26,25,42,60,5,24,44,40,58,29,3
25,28,26,25,42,60,5,24,44,40,58,29,3,20
28,26,25,42,60,5,24,44,40,58,29,3,20,4
26,25,42,60,5,24,44,40,58,29,3,20,4,54
25,42,60,5,24,44,40,58,29,3,20,4,54,55
42,60,5,24,44,40,58,29,3,20,4,54,55,36
60,5,24,44,40,58,29,3,20,4,54,55,36,16
5,24,44,40,58,29,3,20,4,54,55,36,16,31
24,44,40,58,29,3,20,4,54,55,36,16,31,21
44,40,58,29,3,20,4,54,55,36,16,31,21,23
40,58,29,3,20,4,54,55,36,16,31,21,23,20
58,29,3,20,4,54,55,36,16,31,21,23,20,7
29,3,20,4,54,55,36,16,31,21,23,20,7,29
3,20,4,54,55,36,16,31,21,23,20,7,29,15
20,4,54,55,36,16,31,21,23,20,7,29,15,18
4,54,55,36,16,31,21,23,20,7,29,15,18,53
54,55,36,16,31,21,23,20,7,29,15,18,53,55
55,36,16,31,21,23,20,7,29,15,18,53,55,32
36,16,31,21,23,20,7,29,15,18,53,55,32,9
16,31,21,23,20,7,29,15,18,53,55,32,9,17
31,21,23,20,7,29,15,18,53,55,32,9,17,28
21,23,20,7,29,15,18,53,55,32,9,17,28,21
23,20,7,29,15,18,53,55,32,9,17,28,21,4
20,7,29,15,18,53,55,32,9,17,28,21,4,32
7,29,15,18,53,55,32,9,17,28,21,4,32,3
29,15,18,53,55,32,9,17,28,21,4,32,3,22
15,18,53,55,32,9,17,28,21,4,32,3,22,44
18,53,55,32,9,17,28,21,4,32,3,22,44,36
53,55,32,9,17,28,21,4,32,3,22,44,36,55
55,32,9,17,28,21,4,32,3,22,44,36,55,58
32,9,17,28,21,4,32,3,22,44,36,55,58,18
9,17,28,21,4,32,3,22,44,36,55,58,18,24
17,28,21,4,32,3,22,44,36,55,58,18,24,49
28,21,4,32,3,22,44,36,55,58,18,24,49,58
21,4,32,3,22,44,36,55,58,18,24,49,58,53
4,32,3,22,44,36,55,58,18,24,49,58,53,39
32,3,22,44,36,55,58,18,24,49,58,53,39,38
3,22,44,36,55,58,18,24,49,58,53,39,38,29
22,44,36,55,58,18,24,49,58,53,39,38,29,15
44,36,55,58,18,24,49,58,53,39,38,29,15,37
36,55,58,18,24,49,58,53,39,38,29,15,37,27
55,58,18,24,49,58,53,39,38,29,15,37,27,12
58,18,24,49,58,53,39,38,29,15,37,27,12,60
18,24,49,58,53,39,38,29,15,37,27,12,60,51
24,49,58,53,39,38,29,15,37,27,12,60,51,3
49,58,53,39,38,29,15,37,27,12,60,51,3,31
58,53,39,38,29,15,37,27,12,60,51,3,31,7
53,39,38,29,15,37,27,12,60,51,3,31,7,25
39,38,29,15,37,27,12,60,51,3,31,7,25,40
38,29,15,37,27,12,60,51,3,31,7,25,40,58
29,15,37,27,12,60,51,3,31,7,25,40,58,10
15,37,27,12,60,51,3,31,7,25,40,58,10,27
37,27,12,60,51,3,31,7,25,40,58,10,27,23
27,12,60,51,3,31,7,25,40,58,10,27,23,5
12,60,51,3,31,7,25,40,58,10,27,23,5,16
60,51,3,31,7,25,40,58,10,27,23,5,16,26
51,3,31,7,25,40,58,10,27,23,5,16,26,45
3,31,7,25,40,58,10,27,23,5,16,26,45,47
31,7,25,40,58,10,27,23,5,16,26,45,47,29
7,25,40,58,10,27,23,5,16,26,45,47,29,40
25,40,58,10,27,23,5,16,26,45,47,29,40,44
40,58,10,27,23,5,16,26,45,47,29,40,44,43
58,10,27,23,5,16,26,45,47,29,40,44,43,6
10,27,23,5,16,26,45,47,29,40,44,43,6,41
27,23,5,16,26,45,47,29,40,44,43,6,41,4
23,5,16,26,45,47,29,40,44,43,6,41,4,37
5,16,26,45,47,29,40,44,43,6,41,4,37,12
16,26,45,47,29,40,44,43,6,41,4,37,12,42
26,45,47,29,40,44,43,6,41,4,37,12,42,48
45,47,29,40,44,43,6,41,4,37,12,42,48,17
47,29,40,44,43,6,41,4,37,12,42,48,17,4
29,40,44,43,6,41,4,37,12,42,48,17,4,33
40,44,43,6,41,4,37,12,42,48,17,4,33,55
44,43,6,41,4,37,12,42,48,17,4,33,55,2
43,6,41,4,37,12,42,48,17,4,33,55,2,49
6,41,4,37,12,42,48,17,4,33,55,2,49,27
41,4,37,12,42,48,17,4,33,55,2,49,27,4
4,37,12,42,48,17,4,33,55,2,49,27,4,36
37,12,42,48,17,4,33,55,2,49,27,4,36,52
12,42,48,17,4,33,55,2,49,27,4,36,52,37
42,48,17,4,33,55,2,49,27,4,36,52,37,7
48,17,4,33,55,2,49,27,4,36,52,37,7,15
17,4,33,55,2,49,27,4,36,52,37,7,15,42
4,33,55,2,49,27,4,36,52,37,7,15,42,48
33,55,2,49,27,4,36,52,37,7,15,42,48,34
55,2,49,27,4,36,52,37,7,15,42,48,34,13
2,49,27,4,36,52,37,7,15,42,48,34,13,34
49,27,4,36,52,37,7,15,42,48,34,13,34,12
27,4,36,52,37,7,15,42,48,34,13,34,12,1
4,36,52,37,7,15,42,48,34,13,34,12,1,6
36,52,37,7,15,42,48,34,13,34,12,1,6,58
52,37,7,15,42,48,34,13,34,12,1,6,58,29
37,7,15,42,48,34,13,34,12,1,6,58,29,2
7,15,42,48,34,13,34,12,1,6,58,29,2,46
15,42,48,34,13,34,12,1,6,58,29,2,46,3
42,48,34,13,34,12,1,6,58,29,2,46,3,37
48,34,13,34,12,1,6,58,29,2,46,3,37,13
34,13,34,12,1,6,58,29,2,46,3,37,13,54
13,34,12,1,6,58,29,2,46,3,37,13,54,30
34,12,1,6,58,29,2,46,3,37,13,54,30,2
12,1,6,58,29,2,46,3,37,13,54,30,2,52
1,6,58,29,2,46,3,37,13,54,30,2,52,21
6,58,29,2,46,3,37,13,54,30,2,52,21,11
58,29,2,46,3,37,13,54,30,2,52,21,11,35
29,2,46,3,37,13,54,30,2,52,21,11,35,47
2,46,3,37,13,54,30,2,52,21,11,35,47,19
46,3,37,13,54,30,2,52,21,11,35,47,19,58
3,37,13,54,30,2,52,21,11,35,47,19,58,14
37,13,54,30,2,52,21,11,35,47,19,58,14,40
13,54,30,2,52,21,11,35,47,19,58,14,40,55
54,30,2,52,21,11,35,47,19,58,14,40,55,7
30,2,52,21,11,35,47,19,58,14,40,55,7,9
2,52,21,11,35,47,19,58,14,40,55,7,9,20
52,21,11,35,47,19,58,14,40,55,7,9,20,41
21,11,35,47,19,58,14,40,55,7,9,20,41,12
11,35,47,19,58,14,40,55,7,9,20,41,12,19
35,47,19,58,14,40,55,7,9,20,41,12,19,60
47,19,58,14,40,55,7,9,20,41,12,19,60,57
19,58,14,40,55,7,9,20,41,12,19,60,57,9
58,14,40,55,7,9,20,41,12,19,60,57,9,25
14,40,55,7,9,20,41,12,19,60,57,9,25,8
40,55,7,9,20,41,12,19,60,57,9,25,8,41
55,7,9,20,41,12,19,60,57,9,25,8,41,49
7,9,20,41,12,19,60,57,9,25,8,41,49,8
9,20,41,12,19,60,57,9,25,8,41,49,8,28
20,41,12,19,60,57,9,25,8,41,49,8,28,3
41,12,19,60,57,9,25,8,41,49,8,28,3,26
12,19,60,57,9,25,8,41,49,8,28,3,26,17
19,60,57,9,25,8,41,49,8,28,3,26,17,11
60,57,9,25,8,41,49,8,28,3,26,17,11,9
57,9,25,8,41,49,8,28,3,26,17,11,9,25
9,25,8,41,49,8,28,3,26,17,11,9,25,5
25,8,41,49,8,28,3,26,17,11,9,25,5,60
8,41,49,8,28,3,26,17,11,9,25,5,60,20
41,49,8,28,3,26,17,11,9,25,5,60,20,31
49,8,28,3,26,17,11,9,25,5,60,20,31,51
8,28,3,26,17,11,9,25,5,60,20,31,51,19
28,3,26,17,11,9,25,5,60,20,31,51,19,6
3,26,17,11,9,25,5,60,20,31,51,19,6,56
26,17,11,9,25,5,60,20,31,51,19,6,56,34
17,11,9,25,5,60,20,31,51,19,6,56,34,55
11,9,25,5,60,20,31,51,19,6,56,34,55,51
9,25,5,60,20,31,51,19,6,56,34,55,51,58
25,5,60,20,31,51,19,6,56,34,55,51,58,9
5,60,20,31,51,19,6,56,34,55,51,58,9,44
60,20,31,51,19,6,56,34,55,51,58,9,44,24
20,31,51,19,6,56,34,55,51,58,9,44,24,29
31,51,19,6,56,34,55,51,58,9,44,24,29,47
51,19,6,56,34,55,51,58,9,44,24,29,47,4
19,6,56,34,55,51,58,9,44,24,29,47,4,13
6,56,34,55,51,58,9,44,24,29,47,4,13,46
56,34,55,51,58,9,44,24,29,47,4,13,46,23
34,55,51,58,9,44,24,29,47,4,13,46,23,19
55,51,58,9,44,24,29,47,4,13,46,23,19,32
51,58,9,44,24,29,47,4,13,46,23,19,32,52
58,9,44,24,29,47,4,13,46,23,19,32,52,1
9,44,24,29,47,4,13,46,23,19,32,52,1,2
44,24,29,47,4,13,46,23,19,32,52,1,2,39
24,29,47,4,13,46,23,19,32,52,1,2,39,42
29,47,4,13,46,23,19,32,52,1,2,39,42,55
47,4,13,46,23,19,32,52,1,2,39,42,55,51
4,13,46,23,19,32,52,1,2,39,42,55,51,43
13,46,23,19,32,52,1,2,39,42,55,51,43,2
46,23,19,32,52,1,2,39,42,55,51,43,2,33
23,19,32,52,1,2,39,42,55,51,43,2,33,31
19,32,52,1,2,39,42,55,51,43,2,33,31,21
32,52,1,2,39,42,55,51,43,2,33,31,21,40
52,1,2,39,42,55,51,43,2,33,31,21,40,39
1,2,39,42,55,51,43,2,33,31,21,40,39,56
2,39,42,55,51,43,2,33,31,21,40,39,56,5
39,42,55,51,43,2,33,31,21,40,39,56,5,45
42,55,51,43,2,33,31,21,40,39,56,5,45,40
55,51,43,2,33,31,21,40,39,56,5,45,40,2
51,43,2,33,31,21,40,39,56,5,45,40,2,7
43,2,33,31,21,40,39,56,5,45,40,2,7,18
2,33,31,21,40,39,56,5,45,40,2,7,18,8
33,31,21,40,39,56,5,45,40,2,7,18,8,28
31,21,40,39,56,5,45,40,2,7,18,8,28,53
21,40,39,56,5,45,40,2,7,18,8,28,53,18
40,39,56,5,45,40,2,7,18,8,28,53,18,39
39,56,5,45,40,2,7,18,8,28,53,18,39,22
56,5,45,40,2,7,18,8,28,53,18,39,22,29
5,45,40,2,7,18,8,28,53,18,39,22,29,52
45,40,2,7,18,8,28,53,18,39,22,29,52,40
40,2,7,18,8,28,53,18,39,22,29,52,40,29
2,7,18,8,28,53,18,39,22,29,52,40,29,27
7,18,8,28,53,18,39,22,29,52,40,29,27,28
18,8,28,53,18,39,22,29,52,40,29,27,28,10
8,28,53,18,39,22,29,52,40,29,27,28,10,10
28,53,18,39,22,29,52,40,29,27,28,10,10,33
53,18,39,22,29,52,40,29,27,28,10,10,33,51
18,39,22,29,52,40,29,27,28,10,10,33,51,53
39,22,29,52,40,29,27,28,10,10,33,51,53,6
22,29,52,40,29,27,28,10,10,33,51,53,6,17
29,52,40,29,27,28,10,10,33,51,53,6,17,20
52,40,29,27,28,10,10,33,51,53,6,17,20,18
40,29,27,28,10,10,33,51,53,6,17,20,18,47
29,27,28,10,10,33,51,53,6,17,20,18,47,44
27,28,10,10,33,51,53,6,17,20,18,47,44,60
28,10,10,33,51,53,6,17,20,18,47,44,60,33
10,10,33,51,53,6,17,20,18,47,44,60,33,54
10,33,51,53,6,17,20,18,47,44,60,33,54,26
33,51,53,6,17,20,18,47,44,60,33,54,26,34
51,53,6,17,20,18,47,44,60,33,54,26,34,51
53,6,17,20,18,47,44,60,33,54,26,34,51,20
6,17,20,18,47,44,60,33,54,26,34,51,20,52
17,20,18,47,44,60,33,54,26,34,51,20,52,17
20,18,47,44,60,33,54,26,34,51,20,52,17,5
18,47,44,60,33,54,26,34,51,20,52,17,5,16
47,44,60,33,54,26,34,51,20,52,17,5,16,24
44,60,33,54,26,34,51,20,52,17,5,16,24,20
60,33,54,26,34,51,20,52,17,5,16,24,20,32
33,54,26,34,51,20,52,17,5,16,24,20,32,57
54,26,34,51,20,52,17,5,16,24,20,32,57,8
26,34,51,20,52,17,5,16,24,20,32,57,8,54
34,51,20,52,17,5,16,24,20,32,57,8,54,1
51,20,52,17,5,16,24,20,32,57,8,54,1,23
20,52,17,5,16,24,20,32,57,8,54,1,23,37
52,17,5,16,24,20,32,57,8,54,1,23,37,49
17,5,16,24,20,32,57,8,54,1,23,37,49,33
5,16,24,20,32,57,8,54,1,23,37,49,33,24
16,24,20,32,57,8,54,1,23,37,49,33,24,40
24,20,32,57,8,54,1,23,37,49,33,24,40,46
20,32,57,8,54,1,23,37,49,33,24,40,46,43
32,57,8,54,1,23,37,49,33,24,40,46,43,57
57,8,54,1,23,37,49,33,24,40,46,43,57,43
8,54,1,23,37,49,33,24,40,46,43,57,43,15
54,1,23,37,49,33,24,40,46,43,57,43,15,29
1,23,37,49,33,24,40,46,43,57,43,15,29,26
23,37,49,33,24,40,46,43,57,43,15,29,26,16
37,49,33,24,40,46,43,57,43,15,29,26,16,39
49,33,24,40,46,43,57,43,15,29,26,16,39,6
33,24,40,46,43,57,43,15,29,26,16,39,6,5
24,40,46,43,57,43,15,29,26,16,39,6,5,33
40,46,43,57,43,15,29,26,16,39,6,5,33,54
46,43,57,43,15,29,26,16,39,6,5,33,54,17
43,57,43,15,29,26,16,39,6,5,33,54,17,20
57,43,15,29,26,16,39,6,5,33,54,17,20,42
43,15,29,26,16,39,6,5,33,54,17,20,42,1
15,29,26,16,39,6,5,33,54,17,20,42,1,3
29,26,16,39,6,5,33,54,17,20,42,1,3,49
26,16,39,6,5,33,54,17,20,42,1,3,49,18
16,39,6,5,33,54,17,20,42,1,3,49,18,51
39,6,5,33,54,17,20,42,1,3,49,18,51,60
6,5,33,54,17,20,42,1,3,49,18,51,60,1
5,33,54,17,20,42,1,3,49,18,51,60,1,11
33,54,17,20,42,1,3,49,18,51,60,1,11,59
54,17,20,42,1,3,49,18,51,60,1,11,59,26
17,20,42,1,3,49,18,51,60,1,11,59,26,27
20,42,1,3,49,18,51,60,1,11,59,26,27,39
42,1,3,49,18,51,60,1,11,59,26,27,39,36
1,3,49,18,51,60,1,11,59,26,27,39,36,10
3,49,18,51,60,1,11,59,26,27,39,36,10,41
49,18,51,60,1,11,59,26,27,39,36,10,41,52
18,51,60,1,11,59,26,27,39,36,10,41,52,56
51,60,1,11,59,26,27,39,36,10,41,52,56,36
60,1,11,59,26,27,39,36,10,41,52,56,36,4
1,11,59,26,27,39,36,10,41,52,56,36,4,44
11,59,26,27,39,36,10,41,52,56,36,4,44,46
59,26,27,39,36,10,41,52,56,36,4,44,46,53
26,27,39,36,10,41,52,56,36,4,44,46,53,51
27,39,36,10,41,52,56,36,4,44,46,53,51,7
39,36,10,41,52,56,36,4,44,46,53,51,7,6
36,10,41,52,56,36,4,44,46,53,51,7,6,28
10,41,52,56,36,4,44,46,53,51,7,6,28,35
41,52,56,36,4,44,46,53,51,7,6,28,35,43
52,56,36,4,44,46,53,51,7,6,28,35,43,52
56,36,4,44,46,53,51,7,6,28,35,43,52,2
36,4,44,46,53,51,7,6,28,35,43,52,2,20
4,44,46,53,51,7,6,28,35,43,52,2,20,27
44,46,53,51,7,6,28,35,43,52,2,20,27,36
46,53,51,7,6,28,35,43,52,2,20,27,36,24
53,51,7,6,28,35,43,52,2,20,27,36,24,44
51,7,6,28,35,43,52,2,20,27,36,24,44,1
7,6,28,35,43,52,2,20,27,36,24,44,1,28
6,28,35,43,52,2,20,27,36,24,44,1,28,55
28,35,43,52,2,20,27,36,24,44,1,28,55,6
35,43,52,2,20,27,36,24,44,1,28,55,6,39
43,52,2,20,27,36,24,44,1,28,55,6,39,12
52,2,20,27,36,24,44,1,28,55,6,39,12,10
2,20,27,36,24,44,1,28,55,6,39,12,10,36
20,27,36,24,44,1,28,55,6,39,12,10,36,54
27,36,24,44,1,28,55,6,39,12,10,36,54,44
36,24,44,1,28,55,6,39,12,10,36,54,44,57
24,44,1,28,55,6,39,12,10,36,54,44,57,25
44,1,28,55,6,39,12,10,36,54,44,57,25,46
1,28,55,6,39,12,10,36,54,44,57,25,46,51
28,55,6,39,12,10,36,54,44,57,25,46,51,18
55,6,39,12,10,36,54,44,57,25,46,51,18,13
6,39,12,10,36,54,44,57,25,46,51,18,13,30
39,12,10,36,54,44,57,25,46,51,18,13,30,25
12,10,36,54,44,57,25,46,51,18,13,30,25,14
10,36,54,44,57,25,46,51,18,13,30,25,14,51
36,54,44,57,25,46,51,18,13,30,25,14,51,48
54,44,57,25,46,51,18,13,30,25,14,51,48,60
44,57,25,46,51,18,13,30,25,14,51,48,60,21
57,25,46,51,18,13,30,25,14,51,48,60,21,58
25,46,51,18,13,30,25,14,51,48,60,21,58,10
46,51,18,13,30,25,14,51,48,60,21,58,10,39
51,18,13,30,25,14,51,48,60,21,58,10,39,11
18,13,30,25,14,51,48,60,21,58,10,39,11,13
13,30,25,14,51,48,60,21,58,10,39,11,13,35
30,25,14,51,48,60,21,58,10,39,11,13,35,31
25,14,51,48,60,21,58,10,39,11,13,35,31,6
14,51,48,60,21,58,10,39,11,13,35,31,6,5
51,48,60,21,58,10,39,11,13,35,31,6,5,17
48,60,21,58,10,39,11,13,35,31,6,5,17,50
60,21,58,10,39,11,13,35,31,6,5,17,50,1
21,58,10,39,11,13,35,31,6,5,17,50,1,57
58,10,39,11,13,35,31,6,5,17,50,1,57,40
10,39,11,13,35,31,6,5,17,50,1,57,40,28
39,11,13,35,31,6,5,17,50,1,57,40,28,42
11,13,35,31,6,5,17,50,1,57,40,28,42,54
13,35,31,6,5,17,50,1,57,40,28,42,54,55
35,31,6,5,17,50,1,57,40,28,42,54,55,1
31,6,5,17,50,1,57,40,28,42,54,55,1,2
6,5,17,50,1,57,40,28,42,54,55,1,2,10
5,17,50,1,57,40,28,42,54,55,1,2,10,48
17,50,1,57,40,28,42,54,55,1,2,10,48,14
50,1,57,40,28,42,54,55,1,2,10,48,14,8
1,57,40,28,42,54,55,1,2,10,48,14,8,57
57,40,28,42,54,55,1,2,10,48,14,8,57,3
40,28,42,54,55,1,2,10,48,14,8,57,3,38
28,42,54,55,1,2,10,48,14,8,57,3,38,21
42,54,55,1,2,10,48,14,8,57,3,38,21,28
54,55,1,2,10,48,14,8,57,3,38,21,28,16
55,1,2,10,48,14,8,57,3,38,21,28,16,34
1,2,10,48,14,8,57,3,38,21,28,16,34,17
2,10,48,14,8,57,3,38,21,28,16,34,17,52
10,48,14,8,57,3,38,21,28,16,34,17,52,5
48,14,8,57,3,38,21,28,16,34,17,52,5,2
14,8,57,3,38,21,28,16,34,17,52,5,2,29
8,57,3,38,21,28,16,34,17,52,5,2,29,60
57,3,38,21,28,16,34,17,52,5,2,29,60,14
3,38,21,28,16,34,17,52,5,2,29,60,14,45
38,21,28,16,34,17,52,5,2,29,60,14,45,24
21,28,16,34,17,52,5,2,29,60,14,45,24,33
28,16,34,17,52,5,2,29,60,14,45,24,33,26
16,34,17,52,5,2,29,60,14,45,24,33,26,57
34,17,52,5,2,29,60,14,45,24,33,26,57,11
17,52,5,2,29,60,14,45,24,33,26,57,11,7
52,5,2,29,60,14,45,24,33,26,57,11,7,43
5,2,29,60,14,45,24,33,26,57,11,7,43,10
2,29,60,14,45,24,33,26,57,11,7,43,10,13
29,60,14,45,24,33,26,57,11,7,43,10,13,8
60,14,45,24,33,26,57,11,7,43,10,13,8,11
14,45,24,33,26,57,11,7,43,10,13,8,11,16
45,24,33,26,57,11,7,43,10,13,8,11,16,15
24,33,26,57,11,7,43,10,13,8,11,16,15,57
33,26,57,11,7,43,10,13,8,11,16,15,57,52
26,57,11,7,43,10,13,8,11,16,15,57,52,15
57,11,7,43,10,13,8,11,16,15,57,52,15,42
11,7,43,10,13,8,11,16,15,57,52,15,42,27
7,43,10,13,8,11,16,15,57,52,15,42,27,53
43,10,13,8,11,16,15,57,52,15,42,27,53,34
10,13,8,11,16,15,57,52,15,42,27,53,34,49
13,8,11,16,15,57,52,15,42,27,53,34,49,41
8,11,16,15,57,52,15,42,27,53,34,49,41,27
11,16,15,57,52,15,42,27,53,34,49,41,27,13
16,15,57,52,15,42,27,53,34,49,41,27,13,60
15,57,52,15,42,27,53,34,49,41,27,13,60,14
57,52,15,42,27,53,34,49,41,27,13,60,14,18
52,15,42,27,53,34,49,41,27,13,60,14,18,27
15,42,27,53,34,49,41,27,13,60,14,18,27,32
42,27,53,34,49,41,27,13,60,14,18,27,32,15
27,53,34,49,41,27,13,60,14,18,27,32,15,12
53,34,49,41,27,13,60,14,18,27,32,15,12,20
34,49,41,27,13,60,14,18,27,32,15,12,20,16
49,41,27,13,60,14,18,27,32,15,12,20,16,38
41,27,13,60,14,18,27,32,15,12,20,16,38,8
27,13,60,14,18,27,32,15,12,20,16,38,8,50
13,60,14,18,27,32,15,12,20,16,38,8,50,53
60,14,18,27,32,15,12,20,16,38,8,50,53,59
14,18,27,32,15,12,20,16,38,8,50,53,59,6
18,27,32,15,12,20,16,38,8,50,53,59,6,15
27,32,15,12,20,16,38,8,50,53,59,6,15,49
32,15,12,20,16,38,8,50,53,59,6,15,49,59
15,12,20,16,38,8,50,53,59,6,15,49,59,4
12,20,16,38,8,50,53,59,6,15,49,59,4,3
20,16,38,8,50,53,59,6,15,49,59,4,3,2
16,38,8,50,53,59,6,15,49,59,4,3,2,20
38,8,50,53,59,6,15,49,59,4,3,2,20,51
8,50,53,59,6,15,49,59,4,3,2,20,51,57
50,53,59,6,15,49,59,4,3,2,20,51,57,45
53,59,6,15,49,59,4,3,2,20,51,57,45,24
59,6,15,49,59,4,3,2,20,51,57,45,24,18
6,15,49,59,4,3,2,20,51,57,45,24,18,37
15,49,59,4,3,2,20,51,57,45,24,18,37,1
49,59,4,3,2,20,51,57,45,24,18,37,1,14
59,4,3,2,20,51,57,45,24,18,37,1,14,45
4,3,2,20,51,57,45,24,18,37,1,14,45,12
3,2,20,51,57,45,24,18,37,1,14,45,12,16
2,20,51,57,45,24,18,37,1,14,45,12,16,1
20,51,57,45,24,18,37,1,14,45,12,16,1,41
51,57,45,24,18,37,1,14,45,12,16,1,41,3
57,45,24,18,37,1,14,45,12,16,1,41,3,18
45,24,18,37,1,14,45,12,16,1,41,3,18,16
24,18,37,1,14,45,12,16,1,41,3,18,16,42
18,37,1,14,45,12,16,1,41,3,18,16,42,9
37,1,14,45,12,16,1,41,3,18,16,42,9,41
1,14,45,12,16,1,41,3,18,16,42,9,41,56
14,45,12,16,1,41,3,18,16,42,9,41,56,23
45,12,16,1,41,3,18,16,42,9,41,56,23,21
12,16,1,41,3,18,16,42,9,41,56,23,21,30
16,1,41,3,18,16,42,9,41,56,23,21,30,55
1,41,3,18,16,42,9,41,56,23,21,30,55,8
41,3,18,16,42,9,41,56,23,21,30,55,8,2
3,18,16,42,9,41,56,23,21,30,55,8,2,37
18,16,42,9,41,56,23,21,30,55,8,2,37,23
16,42,9,41,56,23,21,30,55,8,2,37,23,33
42,9,41,56,23,21,30,55,8,2,37,23,33,49
9,41,56,23,21,30,55,8,2,37,23,33,49,1
41,56,23,21,30,55,8,2,37,23,33,49,1,22
56,23,21,30,55,8,2,37,23,33,49,1,22,47
23,21,30,55,8,2,37,23,33,49,1,22,47,44
21,30,55,8,2,37,23,33,49,1,22,47,44,50
30,55,8,2,37,23,33,49,1,22,47,44,50,28
55,8,2,37,23,33,49,1,22,47,44,50,28,4
8,2,37,23,33,49,1,22,47,44,50,28,4,19
2,37,23,33,49,1,22,47,44,50,28,4,19,16
37,23,33,49,1,22,47,44,50,28,4,19,16,49
23,33,49,1,22,47,44,50,28,4,19,16,49,29
33,49,1,22,47,44,50,28,4,19,16,49,29,7
49,1,22,47,44,50,28,4,19,16,49,29,7,57
1,22,47,44,50,28,4,19,16,49,29,7,57,19
22,47,44,50,28,4,19,16,49,29,7,57,19,43
47,44,50,28,4,19,16,49,29,7,57,19,43,39
44,50,28,4,19,16,49,29,7,57,19,43,39,30
50,28,4,19,16,49,29,7,57,19,43,39,30,10
28,4,19,16,49,29,7,57,19,43,39,30,10,43
4,19,16,49,29,7,57,19,43,39,30,10,43,49
19,16,49,29,7,57,19,43,39,30,10,43,49,32
16,49,29,7,57,19,43,39,30,10,43,49,32,25
49,29,7,57,19,43,39,30,10,43,49,32,25,6
29,7,57,19,43,39,30,10,43,49,32,25,6,14
7,57,19,43,39,30,10,43,49,32,25,6,14,10
57,19,43,39,30,10,43,49,32,25,6,14,10,56
19,43,39,30,10,43,49,32,25,6,14,10,56,25
43,39,30,10,43,49,32,25,6,14,10,56,25,4
39,30,10,43,49,32,25,6,14,10,56,25,4,28
30,10,43,49,32,25,6,14,10,56,25,4,28,44
10,43,49,32,25,6,14,10,56,25,4,28,44,48
43,49,32,25,6,14,10,56,25,4,28,44,48,25
49,32,25,6,14,10,56,25,4,28,44,48,25,57
32,25,6,14,10,56,25,4,28,44,48,25,57,27
25,6,14,10,56,25,4,28,44,48,25,57,27,47
6,14,10,56,25,4,28,44,48,25,57,27,47,28
14,10,56,25,4,28,44,48,25,57,27,47,28,17
10,56,25,4,28,44,48,25,57,27,47,28,17,49
56,25,4,28,44,48,25,57,27,47,28,17,49,53
25,4,28,44,48,25,57,27,47,28,17,49,53,45
4,28,44,48,25,57,27,47,28,17,49,53,45,9
28,44,48,25,57,27,47,28,17,49,53,45,9,41
44,48,25,57,27,47,28,17,49,53,45,9,41,53
48,25,57,27,47,28,17,49,53,45,9,41,53,8
25,57,27,47,28,17,49,53,45,9,41,53,8,23
57,27,47,28,17,49,53,45,9,41,53,8,23,5
27,47,28,17,49,53,45,9,41,53,8,23,5,16
47,28,17,49,53,45,9,41,53,8,23,5,16,5
28,17,49,53,45,9,41,53,8,23,5,16,5,37
17,49,53,45,9,41,53,8,23,5,16,5,37,43
49,53,45,9,41,53,8,23,5,16,5,37,43,7
53,45,9,41,53,8,23,5,16,5,37,43,7,53
45,9,41,53,8,23,5,16,5,37,43,7,53,54
9,41,53,8,23,5,16,5,37,43,7,53,54,19
41,53,8,23,5,16,5,37,43,7,53,54,19,18
53,8,23,5,16,5,37,43,7,53,54,19,18,54
8,23,5,16,5,37,43,7,53,54,19,18,54,47
23,5,16,5,37,43,7,53,54,19,18,54,47,43
5,16,5,37,43,7,53,54,19,18,54,47,43,9
16,5,37,43,7,53,54,19,18,54,47,43,9,44
5,37,43,7,53,54,19,18,54,47,43,9,44,36
37,43,7,53,54,19,18,54,47,43,9,44,36,32
43,7,53,54,19,18,54,47,43,9,44,36,32,8
7,53,54,19,18,54,47,43,9,44,36,32,8,34
53,54,19,18,54,47,43,9,44,36,32,8,34,25
54,19,18,54,47,43,9,44,36,32,8,34,25,3
19,18,54,47,43,9,44,36,32,8,34,25,3,47
18,54,47,43,9,44,36,32,8,34,25,3,47,10
54,47,43,9,44,36,32,8,34,25,3,47,10,50
47,43,9,44,36,32,8,34,25,3,47,10,50,29
43,9,44,36,32,8,34,25,3,47,10,50,29,23
9,44,36,32,8,34,25,3,47,10,50,29,23,53
44,36,32,8,34,25,3,47,10,50,29,23,53,39
36,32,8,34,25,3,47,10,50,29,23,53,39,16
32,8,34,25,3,47,10,50,29,23,53,39,16,21
8,34,25,3,47,10,50,29,23,53,39,16,21,10
34,25,3,47,10,50,29,23,53,39,16,21,10,12
25,3,47,10,50,29,23,53,39,16,21,10,12,32
3,47,10,50,29,23,53,39,16,21,10,12,32,33
47,10,50,29,23,53,39,16,21,10,12,32,33,10
10,50,29,23,53,39,16,21,10,12,32,33,10,19
50,29,23,53,39,16,21,10,12,32,33,10,19,42
29,23,53,39,16,21,10,12,32,33,10,19,42,4
23,53,39,16,21,10,12,32,33,10,19,42,4,11
53,39,16,21,10,12,32,33,10,19,42,4,11,6
39,16,21,10,12,32,33,10,19,42,4,11,6,18
16,21,10,12,32,33,10,19,42,4,11,6,18,5
21,10,12,32,33,10,19,42,4,11,6,18,5,37
10,12,32,33,10,19,42,4,11,6,18,5,37,9
12,32,33,10,19,42,4,11,6,18,5,37,9,3
32,33,10,19,42,4,11,6,18,5,37,9,3,6
33,10,19,42,4,11,6,18,5,37,9,3,6,45
10,19,42,4,11,6,18,5,37,9,3,6,45,34
19,42,4,11,6,18,5,37,9,3,6,45,34,41
42,4,11,6,18,5,37,9,3,6,45,34,41,43
4,11,6,18,5,37,9,3,6,45,34,41,43,36
11,6,18,5,37,9,3,6,45,34,41,43,36,12
6,18,5,37,9,3,6,45,34,41,43,36,12,37
18,5,37,9,3,6,45,34,41,43,36,12,37,24
5,37,9,3,6,45,34,41,43,36,12,37,24,5
37,9,3,6,45,34,41,43,36,12,37,24,5,28
9,3,6,45,34,41,43,36,12,37,24,5,28,56
3,6,45,34,41,43,36,12,37,24,5,28,56,11
6,45,34,41,43,36,12,37,24,5,28,56,11,20
45,34,41,43,36,12,37,24,5,28,56,11,20,41
34,41,43,36,12,37,24,5,28,56,11,20,41,34
41,43,36,12,37,24,5,28,56,11,20,41,34,18
43,36,12,37,24,5,28,56,11,20,41,34,18,9
36,12,37,24,5,28,56,11,20,41,34,18,9,56
12,37,24,5,28,56,11,20,41,34,18,9,56,29
37,24,5,28,56,11,20,41,34,18,9,56,29,52
24,5,28,56,11,20,41,34,18,9,56,29,52,16
5,28,56,11,20,41,34,18,9,56,29,52,16,24
28,56,11,20,41,34,18,9,56,29,52,16,24,4
56,11,20,41,34,18,9,56,29,52,16,24,4,40
11,20,41,34,18,9,56,29,52,16,24,4,40,50
20,41,34,18,9,56,29,52,16,24,4,40,50,17
41,34,18,9,56,29,52,16,24,4,40,50,17,55
34,18,9,56,29,52,16,24,4,40,50,17,55,38
18,9,56,29,52,16,24,4,40,50,17,55,38,20
9,56,29,52,16,24,4,40,50,17,55,38,20,28
56,29,52,16,24,4,40,50,17,55,38,20,28,42
29,52,16,24,4,40,50,17,55,38,20,28,42,23
52,16,24,4,40,50,17,55,38,20,28,42,23,10
16,24,4,40,50,17,55,38,20,28,42,23,10,43
24,4,40,50,17,55,38,20,28,42,23,10,43,20
4,40,50,17,55,38,20,28,42,23,10,43,20,5
40,50,17,55,38,20,28,42,23,10,43,20,5,29
50,17,55,38,20,28,42,23,10,43,20,5,29,59
17,55,38,20,28,42,23,10,43,20,5,29,59,40
55,38,20,28,42,23,10,43,20,5,29,59,40,33
38,20,28,42,23,10,43,20,5,29,59,40,33,39
20,28,42,23,10,43,20,5,29,59,40,33,39,50
28,42,23,10,43,20,5,29,59,40,33,39,50,21
42,23,10,43,20,5,29,59,40,33,39,50,21,12
23,10,43,20,5,29,59,40,33,39,50,21,12,40
10,43,20,5,29,59,40,33,39,50,21,12,40,55
43,20,5,29,59,40,33,39,50,21,12,40,55,45
20,5,29,59,40,33,39,50,21,12,40,55,45,4
5,29,59,40,33,39,50,21,12,40,55,45,4,6
29,59,40,33,39,50,21,12,40,55,45,4,6,23
59,40,33,39,50,21,12,40,55,45,4,6,23,10
40,33,39,50,21,12,40,55,45,4,6,23,10,2
33,39,50,21,12,40,55,45,4,6,23,10,2,36
39,50,21,12,40,55,45,4,6,23,10,2,36,46
50,21,12,40,55,45,4,6,23,10,2,36,46,28
21,12,40,55,45,4,6,23,10,2,36,46,28,32
12,40,55,45,4,6,23,10,2,36,46,28,32,3
40,55,45,4,6,23,10,2,36,46,28,32,3,20
55,45,4,6,23,10,2,36,46,28,32,3,20,24
45,4,6,23,10,2,36,46,28,32,3,20,24,42
4,6,23,10,2,36,46,28,32,3,20,24,42,35
6,23,10,2,36,46,28,32,3,20,24,42,35,31
23,10,2,36,46,28,32,3,20,24,42,35,31,6
10,2,36,46,28,32,3,20,24,42,35,31,6,57
2,36,46,28,32,3,20,24,42,35,31,6,57,37
36,46,28,32,3,20,24,42,35,31,6,57,37,48
46,28,32,3,20,24,42,35,31,6,57,37,48,32
28,32,3,20,24,42,35,31,6,57,37,48,32,2
32,3,20,24,42,35,31,6,57,37,48,32,2,18
3,20,24,42,35,31,6,57,37,48,32,2,18,20
20,24,42,35,31,6,57,37,48,32,2,18,20,24
24,42,35,31,6,57,37,48,32,2,18,20,24,9
42,35,31,6,57,37,48,32,2,18,20,24,9,40
35,31,6,57,37,48,32,2,18,20,24,9,40,20
31,6,57,37,48,32,2,18,20,24,9,40,20,36
6,57,37,48,32,2,18,20,24,9,40,20,36,42
57,37,48,32,2,18,20,24,9,40,20,36,42,27
37,48,32,2,18,20,24,9,40,20,36,42,27,56
48,32,2,18,20,24,9,40,20,36,42,27,56,17
32,2,18,20,24,9,40,20,36,42,27,56,17,24
2,18,20,24,9,40,20,36,42,27,56,17,24,49
18,20,24,9,40,20,36,42,27,56,17,24,49,23
20,24,9,40,20,36,42,27,56,17,24,49,23,40
24,9,40,20,36,42,27,56,17,24,49,23,40,30
9,40,20,36,42,27,56,17,24,49,23,40,30,1
40,20,36,42,27,56,17,24,49,23,40,30,1,9
20,36,42,27,56,17,24,49,23,40,30,1,9,33
36,42,27,56,17,24,49,23,40,30,1,9,33,34
42,27,56,17,24,49,23,40,30,1,9,33,34,27
27,56,17,24,49,23,40,30,1,9,33,34,27,49
56,17,24,49,23,40,30,1,9,33,34,27,49,38
17,24,49,23,40,30,1,9,33,34,27,49,38,23
24,49,23,40,30,1,9,33,34,27,49,38,23,41
49,23,40,30,1,9,33,34,27,49,38,23,41,19
23,40,30,1,9,33,34,27,49,38,23,41,19,10
40,30,1,9,33,34,27,49,38,23,41,19,10,9
30,1,9,33,34,27,49,38,23,41,19,10,9,48
1,9,33,34,27,49,38,23,41,19,10,9,48,36
9,33,34,27,49,38,23,41,19,10,9,48,36,41
33,34,27,49,38,23,41,19,10,9,48,36,41,21
34,27,49,38,23,41,19,10,9,48,36,41,21,27
27,49,38,23,41,19,10,9,48,36,41,21,27,23
49,38,23,41,19,10,9,48,36,41,21,27,23,36
38,23,41,19,10,9,48,36,41,21,27,23,36,10
23,41,19,10,9,48,36,41,21,27,23,36,10,21
41,19,10,9,48,36,41,21,27,23,36,10,21,16
19,10,9,48,36,41,21,27,23,36,10,21,16,3
10,9,48,36,41,21,27,23,36,10,21,16,3,41
9,48,36,41,21,27,23,36,10,21,16,3,41,52
48,36,41,21,27,23,36,10,21,16,3,41,52,14
36,41,21,27,23,36,10,21,16,3,41,52,14,13
41,21,27,23,36,10,21,16,3,41,52,14,13,16
21,27,23,36,10,21,16,3,41,52,14,13,16,21
27,23,36,10,21,16,3,41,52,14,13,16,21,48
23,36,10,21,16,3,41,52,14,13,16,21,48,33
36,10,21,16,3,41,52,14,13,16,21,48,33,1
10,21,16,3,41,52,14,13,16,21,48,33,1,56
21,16,3,41,52,14,13,16,21,48,33,1,56,17
16,3,41,52,14,13,16,21,48,33,1,56,17,30
3,41,52,14,13,16,21,48,33,1,56,17,30,20
41,52,14,13,16,21,48,33,1,56,17,30,20,21
52,14,13,16,21,48,33,1,56,17,30,20,21,11
14,13,16,21,48,33,1,56,17,30,20,21,11,50
13,16,21,48,33,1,56,17,30,20,21,11,50,52
16,21,48,33,1,56,17,30,20,21,11,50,52,55
21,48,33,1,56,17,30,20,21,11,50,52,55,44
48,33,1,56,17,30,20,21,11,50,52,55,44,38
33,1,56,17,30,20,21,11,50,52,55,44,38,35
1,56,17,30,20,21,11,50,52,55,44,38,35,14
56,17,30,20,21,11,50,52,55,44,38,35,14,31
17,30,20,21,11,50,52,55,44,38,35,14,31,41
30,20,21,11,50,52,55,44,38,35,14,31,41,33
20,21,11,50,52,55,44,38,35,14,31,41,33,17
21,11,50,52,55,44,38,35,14,31,41,33,17,18
11,50,52,55,44,38,35,14,31,41,33,17,18,7
50,52,55,44,38,35,14,31,41,33,17,18,7,42
52,55,44,38,35,14,31,41,33,17,18,7,42,7
55,44,38,35,14,31,41,33,17,18,7,42,7,12
44,38,35,14,31,41,33,17,18,7,42,7,12,57
38,35,14,31,41,33,17,18,7,42,7,12,57,6
35,14,31,41,33,17,18,7,42,7,12,57,6,24
14,31,41,33,17,18,7,42,7,12,57,6,24,10
31,41,33,17,18,7,42,7,12,57,6,24,10,46
41,33,17,18,7,42,7,12,57,6,24,10,46,23
33,17,18,7,42,7,12,57,6,24,10,46,23,9
17,18,7,42,7,12,57,6,24,10,46,23,9,35
18,7,42,7,12,57,6,24,10,46,23,9,35,11
7,42,7,12,57,6,24,10,46,23,9,35,11,51
42,7,12,57,6,24,10,46,23,9,35,11,51,41
7,12,57,6,24,10,46,23,9,35,11,51,41,19
12,57,6,24,10,46,23,9,35,11,51,41,19,10
57,6,24,10,46,23,9,35,11,51,41,19,10,28
6,24,10,46,23,9,35,11,51,41,19,10,28,55
24,10,46,23,9,35,11,51,41,19,10,28,55,56
10,46,23,9,35,11,51,41,19,10,28,55,56,3
46,23,9,35,11,51,41,19,10,28,55,56,3,35
23,9,35,11,51,41,19,10,28,55,56,3,35,58
9,35,11,51,41,19,10,28,55,56,3,35,58,49
35,11,51,41,19,10,28,55,56,3,35,58,49,2
11,51,41,19,10,28,55,56,3,35,58,49,2,6
51,41,19,10,28,55,56,3,35,58,49,2,6,43
41,19,10,28,55,56,3,35,58,49,2,6,43,1
19,10,28,55,56,3,35,58,49,2,6,43,1,50
10,28,55,56,3,35,58,49,2,6,43,1,50,28
28,55,56,3,35,58,49,2,6,43,1,50,28,57
55,56,3,35,58,49,2,6,43,1,50,28,57,15
56,3,35,58,49,2,6,43,1,50,28,57,15,4
3,35,58,49,2,6,43,1,50,28,57,15,4,15
35,58,49,2,6,43,1,50,28,57,15,4,15,50
58,49,2,6,43,1,50,28,57,15,4,15,50,60
49,2,6,43,1,50,28,57,15,4,15,50,60,43
2,6,43,1,50,28,57,15,4,15,50,60,43,47
6,43,1,50,28,57,15,4,15,50,60,43,47,36
43,1,50,28,57,15,4,15,50,60,43,47,36,20
1,50,28,57,15,4,15,50,60,43,47,36,20,54
50,28,57,15,4,15,50,60,43,47,36,20,54,9
28,57,15,4,15,50,60,43,47,36,20,54,9,3
57,15,4,15,50,60,43,47,36,20,54,9,3,53
15,4,15,50,60,43,47,36,20,54,9,3,53,60
4,15,50,60,43,47,36,20,54,9,3,53,60,44
15,50,60,43,47,36,20,54,9,3,53,60,44,7
50,60,43,47,36,20,54,9,3,53,60,44,7,39
60,43,47,36,20,54,9,3,53,60,44,7,39,43
43,47,36,20,54,9,3,53,60,44,7,39,43,9
47,36,20,54,9,3,53,60,44,7,39,43,9,11
36,20,54,9,3,53,60,44,7,39,43,9,11,52
20,54,9,3,53,60,44,7,39,43,9,11,52,14
54,9,3,53,60,44,7,39,43,9,11,52,14,6
9,3,53,60,44,7,39,43,9,11,52,14,6,29
3,53,60,44,7,39,43,9,11,52,14,6,29,8
53,60,44,7,39,43,9,11,52,14,6,29,8,26
60,44,7,39,43,9,11,52,14,6,29,8,26,45
44,7,39,43,9,11,52,14,6,29,8,26,45,6
7,39,43,9,11,52,14,6,29,8,26,45,6,28
39,43,9,11,52,14,6,29,8,26,45,6,28,42
43,9,11,52,14,6,29,8,26,45,6,28,42,14
9,11,52,14,6,29,8,26,45,6,28,42,14,4
11,52,14,6,29,8,26,45,6,28,42,14,4,43
52,14,6,29,8,26,45,6,28,42,14,4,43,25
14,6,29,8,26,45,6,28,42,14,4,43,25,9
6,29,8,26,45,6,28,42,14,4,43,25,9,33
29,8,26,45,6,28,42,14,4,43,25,9,33,32
8,26,45,6,28,42,14,4,43,25,9,33,32,4
26,45,6,28,42,14,4,43,25,9,33,32,4,34
45,6,28,42,14,4,43,25,9,33,32,4,34,52
6,28,42,14,4,43,25,9,33,32,4,34,52,32
28,42,14,4,43,25,9,33,32,4,34,52,32,58
42,14,4,43,25,9,33,32,4,34,52,32,58,43
14,4,43,25,9,33,32,4,34,52,32,58,43,47
4,43,25,9,33,32,4,34,52,32,58,43,47,36
43,25,9,33,32,4,34,52,32,58,43,47,36,29
25,9,33,32,4,34,52,32,58,43,47,36,29,59
9,33,32,4,34,52,32,58,43,47,36,29,59,3
33,32,4,34,52,32,58,43,47,36,29,59,3,6
32,4,34,52,32,58,43,47,36,29,59,3,6,16
4,34,52,32,58,43,47,36,29,59,3,6,16,3
34,52,32,58,43,47,36,29,59,3,6,16,3,22
52,32,58,43,47,36,29,59,3,6,16,3,22,54
32,58,43,47,36,29,59,3,6,16,3,22,54,25
58,43,47,36,29,59,3,6,16,3,22,54,25,15
43,47,36,29,59,3,6,16,3,22,54,25,15,44
47,36,29,59,3,6,16,3,22,54,25,15,44,41
36,29,59,3,6,16,3,22,54,25,15,44,41,18
29,59,3,6,16,3,22,54,25,15,44,41,18,50
59,3,6,16,3,22,54,25,15,44,41,18,50,37
3,6,16,3,22,54,25,15,44,41,18,50,37,30
6,16,3,22,54,25,15,44,41,18,50,37,30,17
16,3,22,54,25,15,44,41,18,50,37,30,17,20
3,22,54,25,15,44,41,18,50,37,30,17,20,4
22,54,25,15,44,41,18,50,37,30,17,20,4,47
54,25,15,44,41,18,50,37,30,17,20,4,47,9
25,15,44,41,18,50,37,30,17,20,4,47,9,13
15,44,41,18,50,37,30,17,20,4,47,9,13,27
44,41,18,50,37,30,17,20,4,47,9,13,27,35
41,18,50,37,30,17,20,4,47,9,13,27,35,40
18,50,37,30,17,20,4,47,9,13,27,35,40,1
50,37,30,17,20,4,47,9,13,27,35,40,1,6
37,30,17,20,4,47,9,13,27,35,40,1,6,17
30,17,20,4,47,9,13,27,35,40,1,6,17,55
17,20,4,47,9,13,27,35,40,1,6,17,55,44
20,4,47,9,13,27,35,40,1,6,17,55,44,8
4,47,9,13,27,35,40,1,6,17,55,44,8,20
47,9,13,27,35,40,1,6,17,55,44,8,20,43
9,13,27,35,40,1,6,17,55,44,8,20,43,21
13,27,35,40,1,6,17,55,44,8,20,43,21,44
27,35,40,1,6,17,55,44,8,20,43,21,44,54
35,40,1,6,17,55,44,8,20,43,21,44,54,41
40,1,6,17,55,44,8,20,43,21,44,54,41,45
1,6,17,55,44,8,20,43,21,44,54,41,45,34
6,17,55,44,8,20,43,21,44,54,41,45,34,10
17,55,44,8,20,43,21,44,54,41,45,34,10,50
55,44,8,20,43,21,44,54,41,45,34,10,50,55
44,8,20,43,21,44,54,41,45,34,10,50,55,7
8,20,43,21,44,54,41,45,34,10,50,55,7,35
20,43,21,44,54,41,45,34,10,50,55,7,35,44
43,21,44,54,41,45,34,10,50,55,7,35,44,40
21,44,54,41,45,34,10,50,55,7,35,44,40,18
44,54,41,45,34,10,50,55,7,35,44,40,18,4
54,41,45,34,10,50,55,7,35,44,40,18,4,59
41,45,34,10,50,55,7,35,44,40,18,4,59,54
45,34,10,50,55,7,35,44,40,18,4,59,54,56
34,10,50,55,7,35,44,40,18,4,59,54,56,17
10,50,55,7,35,44,40,18,4,59,54,56,17,49
50,55,7,35,44,40,18,4,59,54,56,17,49,44
55,7,35,44,40,18,4,59,54,56,17,49,44,56
7,35,44,40,18,4,59,54,56,17,49,44,56,26
35,44,40,18,4,59,54,56,17,49,44,56,26,46
44,40,18,4,59,54,56,17,49,44,56,26,46,55
40,18,4,59,54,56,17,49,44,56,26,46,55,19
18,4,59,54,56,17,49,44,56,26,46,55,19,4
4,59,54,56,17,49,44,56,26,46,55,19,4,39
59,54,56,17,49,44,56,26,46,55,19,4,39,14
54,56,17,49,44,56,26,46,55,19,4,39,14,45
56,17,49,44,56,26,46,55,19,4,39,14,45,60
17,49,44,56,26,46,55,19,4,39,14,45,60,49
49,44,56,26,46,55,19,4,39,14,45,60,49,11
44,56,26,46,55,19,4,39,14,45,60,49,11,7
56,26,46,55,19,4,39,14,45,60,49,11,7,18
26,46,55,19,4,39,14,45,60,49,11,7,18,16
46,55,19,4,39,14,45,60,49,11,7,18,16,33
55,19,4,39,14,45,60,49,11,7,18,16,33,7
19,4,39,14,45,60,49,11,7,18,16,33,7,42
4,39,14,45,60,49,11,7,18,16,33,7,42,56
39,14,45,60,49,11,7,18,16,33,7,42,56,29
14,45,60,49,11,7,18,16,33,7,42,56,29,33
45,60,49,11,7,18,16,33,7,42,56,29,33,3
60,49,11,7,18,16,33,7,42,56,29,33,3,59
49,11,7,18,16,33,7,42,56,29,33,3,59,31
11,7,18,16,33,7,42,56,29,33,3,59,31,57
7,18,16,33,7,42,56,29,33,3,59,31,57,4
18,16,33,7,42,56,29,33,3,59,31,57,4,52
16,33,7,42,56,29,33,3,59,31,57,4,52,42
33,7,42,56,29,33,3,59,31,57,4,52,42,24
7,42,56,29,33,3,59,31,57,4,52,42,24,8
42,56,29,33,3,59,31,57,4,52,42,24,8,14
56,29,33,3,59,31,57,4,52,42,24,8,14,5
29,33,3,59,31,57,4,52,42,24,8,14,5,29
33,3,59,31,57,4,52,42,24,8,14,5,29,30
3,59,31,57,4,52,42,24,8,14,5,29,30,60
59,31,57,4,52,42,24,8,14,5,29,30,60,8
31,57,4,52,42,24,8,14,5,29,30,60,8,39
57,4,52,42,24,8,14,5,29,30,60,8,39,52
4,52,42,24,8,14,5,29,30,60,8,39,52,24
52,42,24,8,14,5,29,30,60,8,39,52,24,16
42,24,8,14,5,29,30,60,8,39,52,24,16,47
24,8,14,5,29,30,60,8,39,52,24,16,47,19
8,14,5,29,30,60,8,39,52,24,16,47,19,17
14,5,29,30,60,8,39,52,24,16,47,19,17,12
5,29,30,60,8,39,52,24,16,47,19,17,12,32
29,30,60,8,39,52,24,16,47,19,17,12,32,55
30,60,8,39,52,24,16,47,19,17,12,32,55,23
60,8,39,52,24,16,47,19,17,12,32,55,23,49
8,39,52,24,16,47,19,17,12,32,55,23,49,32
39,52,24,16,47,19,17,12,32,55,23,49,32,54
52,24,16,47,19,17,12,32,55,23,49,32,54,18
24,16,47,19,17,12,32,55,23,49,32,54,18,5
16,47,19,17,12,32,55,23,49,32,54,18,5,49
47,19,17,12,32,55,23,49,32,54,18,5,49,34
19,17,12,32,55,23,49,32,54,18,5,49,34,36
17,12,32,55,23,49,32,54,18,5,49,34,36,1
12,32,55,23,49,32,54,18,5,49,34,36,1,16
32,55,23,49,32,54,18,5,49,34,36,1,16,8
55,23,49,32,54,18,5,49,34,36,1,16,8,52
23,49,32,54,18,5,49,34,36,1,16,8,52,30
49,32,54,18,5,49,34,36,1,16,8,52,30,27
32,54,18,5,49,34,36,1,16,8,52,30,27,12
54,18,5,49,34,36,1,16,8,52,30,27,12,55
18,5,49,34,36,1,16,8,52,30,27,12,55,33
5,49,34,36,1,16,8,52,30,27,12,55,33,16
49,34,36,1,16,8,52,30,27,12,55,33,16,5
34,36,1,16,8,52,30,27,12,55,33,16,5,58
36,1,16,8,52,30,27,12,55,33,16,5,58,39
1,16,8,52,30,27,12,55,33,16,5,58,39,10
16,8,52,30,27,12,55,33,16,5,58,39,10,21
8,52,30,27,12,55,33,16,5,58,39,10,21,29
52,30,27,12,55,33,16,5,58,39,10,21,29,36
30,27,12,55,33,16,5,58,39,10,21,29,36,56
27,12,55,33,16,5,58,39,10,21,29,36,56,22
12,55,33,16,5,58,39,10,21,29,36,56,22,9
55,33,16,5,58,39,10,21,29,36,56,22,9,51
33,16,5,58,39,10,21,29,36,56,22,9,51,5
16,5,58,39,10,21,29,36,56,22,9,51,5,4
5,58,39,10,21,29,36,56,22,9,51,5,4,19
58,39,10,21,29,36,56,22,9,51,5,4,19,39
39,10,21,29,36,56,22,9,51,5,4,19,39,6
10,21,29,36,56,22,9,51,5,4,19,39,6,23
21,29,36,56,22,9,51,5,4,19,39,6,23,7
29,36,56,22,9,51,5,4,19,39,6,23,7,31
36,56,22,9,51,5,4,19,39,6,23,7,31,32
56,22,9,51,5,4,19,39,6,23,7,31,32,37
22,9,51,5,4,19,39,6,23,7,31,32,37,43
9,51,5,4,19,39,6,23,7,31,32,37,43,34
51,5,4,19,39,6,23,7,31,32,37,43,34,21
5,4,19,39,6,23,7,31,32,37,43,34,21,28
4,19,39,6,23,7,31,32,37,43,34,21,28,19
19,39,6,23,7,31,32,37,43,34,21,28,19,25
39,6,23,7,31,32,37,43,34,21,28,19,25,50
6,23,7,31,32,37,43,34,21,28,19,25,50,43
23,7,31,32,37,43,34,21,28,19,25,50,43,4
7,31,32,37,43,34,21,28,19,25,50,43,4,25
31,32,37,43,34,21,28,19,25,50,43,4,25,18
32,37,43,34,21,28,19,25,50,43,4,25,18,15
37,43,34,21,28,19,25,50,43,4,25,18,15,36
43,34,21,28,19,25,50,43,4,25,18,15,36,2
34,21,28,19,25,50,43,4,25,18,15,36,2,36
21,28,19,25,50,43,4,25,18,15,36,2,36,42
28,19,25,50,43,4,25,18,15,36,2,36,42,37
19,25,50,43,4,25,18,15,36,2,36,42,37,9
25,50,43,4,25,18,15,36,2,36,42,37,9,28
50,43,4,25,18,15,36,2,36,42,37,9,28,31
43,4,25,18,15,36,2,36,42,37,9,28,31,49
4,25,18,15,36,2,36,42,37,9,28,31,49,58
25,18,15,36,2,36,42,37,9,28,31,49,58,40
18,15,36,2,36,42,37,9,28,31,49,58,40,46
15,36,2,36,42,37,9,28,31,49,58,40,46,10
36,2,36,42,37,9,28,31,49,58,40,46,10,27
2,36,42,37,9,28,31,49,58,40,46,10,27,40
36,42,37,9,28,31,49,58,40,46,10,27,40,9
42,37,9,28,31,49,58,40,46,10,27,40,9,37
37,9,28,31,49,58,40,46,10,27,40,9,37,58
9,28,31,49,58,40,46,10,27,40,9,37,58,50
28,31,49,58,40,46,10,27,40,9,37,58,50,60
31,49,58,40,46,10,27,40,9,37,58,50,60,28
49,58,40,46,10,27,40,9,37,58,50,60,28,31
58,40,46,10,27,40,9,37,58,50,60,28,31,15
40,46,10,27,40,9,37,58,50,60,28,31,15,58
46,10,27,40,9,37,58,50,60,28,31,15,58,3
10,27,40,9,37,58,50,60,28,31,15,58,3,26
27,40,9,37,58,50,60,28,31,15,58,3,26,35
40,9,37,58,50,60,28,31,15,58,3,26,35,47
9,37,58,50,60,28,31,15,58,3,26,35,47,60
37,58,50,60,28,31,15,58,3,26,35,47,60,44
58,50,60,28,31,15,58,3,26,35,47,60,44,30
50,60,28,31,15,58,3,26,35,47,60,44,30,3
60,28,31,15,58,3,26,35,47,60,44,30,3,19
28,31,15,58,3,26,35,47,60,44,30,3,19,10
31,15,58,3,26,35,47,60,44,30,3,19,10,49
15,58,3,26,35,47,60,44,30,3,19,10,49,18
58,3,26,35,47,60,44,30,3,19,10,49,18,1
3,26,35,47,60,44,30,3,19,10,49,18,1,44
26,35,47,60,44,30,3,19,10,49,18,1,44,19
35,47,60,44,30,3,19,10,49,18,1,44,19,3
47,60,44,30,3,19,10,49,18,1,44,19,3,60
60,44,30,3,19,10,49,18,1,44,19,3,60,33
44,30,3,19,10,49,18,1,44,19,3,60,33,24
30,3,19,10,49,18,1,44,19,3,60,33,24,16
3,19,10,49,18,1,44,19,3,60,33,24,16,10
19,10,49,18,1,44,19,3,60,33,24,16,10,34
10,49,18,1,44,19,3,60,33,24,16,10,34,53
49,18,1,44,19,3,60,33,24,16,10,34,53,33
18,1,44,19,3,60,33,24,16,10,34,53,33,28
1,44,19,3,60,33,24,16,10,34,53,33,28,6
44,19,3,60,33,24,16,10,34,53,33,28,6,23
19,3,60,33,24,16,10,34,53,33,28,6,23,39
3,60,33,24,16,10,34,53,33,28,6,23,39,52
60,33,24,16,10,34,53,33,28,6,23,39,52,31
33,24,16,10,34,53,33,28,6,23,39,52,31,6
24,16,10,34,53,33,28,6,23,39,52,31,6,33
16,10,34,53,33,28,6,23,39,52,31,6,33,48
10,34,53,33,28,6,23,39,52,31,6,33,48,32
34,53,33,28,6,23,39,52,31,6,33,48,32,29
53,33,28,6,23,39,52,31,6,33,48,32,29,55
33,28,6,23,39,52,31,6,33,48,32,29,55,27
28,6,23,39,52,31,6,33,48,32,29,55,27,28
6,23,39,52,31,6,33,48,32,29,55,27,28,46
23,39,52,31,6,33,48,32,29,55,27,28,46,54
39,52,31,6,33,48,32,29,55,27,28,46,54,8
52,31,6,33,48,32,29,55,27,28,46,54,8,36
31,6,33,48,32,29,55,27,28,46,54,8,36,7
6,33,48,32,29,55,27,28,46,54,8,36,7,23
33,48,32,29,55,27,28,46,54,8,36,7,23,28
48,32,29,55,27,28,46,54,8,36,7,23,28,17
32,29,55,27,28,46,54,8,36,7,23,28,17,35
29,55,27,28,46,54,8,36,7,23,28,17,35,52
55,27,28,46,54,8,36,7,23,28,17,35,52,31
27,28,46,54,8,36,7,23,28,17,35,52,31,15
28,46,54,8,36,7,23,28,17,35,52,31,15,1
46,54,8,36,7,23,28,17,35,52,31,15,1,25
54,8,36,7,23,28,17,35,52,31,15,1,25,4
8,36,7,23,28,17,35,52,31,15,1,25,4,14
36,7,23,28,17,35,52,31,15,1,25,4,14,21
7,23,28,17,35,52,31,15,1,25,4,14,21,51
23,28,17,35,52,31,15,1,25,4,14,21,51,47
28,17,35,52,31,15,1,25,4,14,21,51,47,36
17,35,52,31,15,1,25,4,14,21,51,47,36,44
35,52,31,15,1,25,4,14,21,51,47,36,44,29
52,31,15,1,25,4,14,21,51,47,36,44,29,20
31,15,1,25,4,14,21,51,47,36,44,29,20,14
15,1,25,4,14,21,51,47,36,44,29,20,14,55
1,25,4,14,21,51,47,36,44,29,20,14,55,46
25,4,14,21,51,47,36,44,29,20,14,55,46,34
4,14,21,51,47,36,44,29,20,14,55,46,34,17
14,21,51,47,36,44,29,20,14,55,46,34,17,19
21,51,47,36,44,29,20,14,55,46,34,17,19,6
51,47,36,44,29,20,14,55,46,34,17,19,6,4
47,36,44,29,20,14,55,46,34,17,19,6,4,14
36,44,29,20,14,55,46,34,17,19,6,4,14,21
44,29,20,14,55,46,34,17,19,6,4,14,21,26
29,20,14,55,46,34,17,19,6,4,14,21,26,12
20,14,55,46,34,17,19,6,4,14,21,26,12,28
14,55,46,34,17,19,6,4,14,21,26,12,28,28
55,46,34,17,19,6,4,14,21,26,12,28,28,58
46,34,17,19,6,4,14,21,26,12,28,28,58,41
34,17,19,6,4,14,21,26,12,28,28,58,41,40
17,19,6,4,14,21,26,12,28,28,58,41,40,51
19,6,4,14,21,26,12,28,28,58,41,40,51,20
6,4,14,21,26,12,28,28,58,41,40,51,20,31
4,14,21,26,12,28,28,58,41,40,51,20,31,49
14,21,26,12,28,28,58,41,40,51,20,31,49,44
21,26,12,28,28,58,41,40,51,20,31,49,44,24
26,12,28,28,58,41,40,51,20,31,49,44,24,9
12,28,28,58,41,40,51,20,31,49,44,24,9,48
28,28,58,41,40,51,20,31,49,44,24,9,48,46
28,58,41,40,51,20,31,49,44,24,9,48,46,9
58,41,40,51,20,31,49,44,24,9,48,46,9,43
41,40,51,20,31,49,44,24,9,48,46,9,43,41
40,51,20,31,49,44,24,9,48,46,9,43,41,49
51,20,31,49,44,24,9,48,46,9,43,41,49,29
20,31,49,44,24,9,48,46,9,43,41,49,29,23
31,49,44,24,9,48,46,9,43,41,49,29,23,31
49,44,24,9,48,46,9,43,41,49,29,23,31,60
44,24,9,48,46,9,43,41,49,29,23,31,60,55
24,9,48,46,9,43,41,49,29,23,31,60,55,30
9,48,46,9,43,41,49,29,23,31,60,55,30,54
48,46,9,43,41,49,29,23,31,60,55,30,54,53
46,9,43,41,49,29,23,31,60,55,30,54,53,46
9,43,41,49,29,23,31,60,55,30,54,53,46,5
43,41,49,29,23,31,60,55,30,54,53,46,5,6
41,49,29,23,31,60,55,30,54,53,46,5,6,34
49,29,23,31,60,55,30,54,53,46,5,6,34,55
29,23,31,60,55,30,54,53,46,5,6,34,55,40
23,31,60,55,30,54,53,46,5,6,34,55,40,5
31,60,55,30,54,53,46,5,6,34,55,40,5,3
60,55,30,54,53,46,5,6,34,55,40,5,3,48
55,30,54,53,46,5,6,34,55,40,5,3,48,1
30,54,53,46,5,6,34,55,40,5,3,48,1,18
54,53,46,5,6,34,55,40,5,3,48,1,18,48
53,46,5,6,34,55,40,5,3,48,1,18,48,47
46,5,6,34,55,40,5,3,48,1,18,48,47,7
5,6,34,55,40,5,3,48,1,18,48,47,7,4
6,34,55,40,5,3,48,1,18,48,47,7,4,42
34,55,40,5,3,48,1,18,48,47,7,4,42,51
55,40,5,3,48,1,18,48,47,7,4,42,51,31
40,5,3,48,1,18,48,47,7,4,42,51,31,25
5,3,48,1,18,48,47,7,4,42,51,31,25,18
3,48,1,18,48,47,7,4,42,51,31,25,18,41
48,1,18,48,47,7,4,42,51,31,25,18,41,22
1,18,48,47,7,4,42,51,31,25,18,41,22,30
18,48,47,7,4,42,51,31,25,18,41,22,30,5
48,47,7,4,42,51,31,25,18,41,22,30,5,51
47,7,4,42,51,31,25,18,41,22,30,5,51,31
7,4,42,51,31,25,18,41,22,30,5,51,31,53
4,42,51,31,25,18,41,22,30,5,51,31,53,47
42,51,31,25,18,41,22,30,5,51,31,53,47,17
51,31,25,18,41,22,30,5,51,31,53,47,17,17
31,25,18,41,22,30,5,51,31,53,47,17,17,6
25,18,41,22,30,5,51,31,53,47,17,17,6,14
18,41,22,30,5,51,31,53,47,17,17,6,14,40
41,22,30,5,51,31,53,47,17,17,6,14,40,49
22,30,5,51,31,53,47,17,17,6,14,40,49,26
30,5,51,31,53,47,17,17,6,14,40,49,26,20
5,51,31,53,47,17,17,6,14,40,49,26,20,52
51,31,53,47,17,17,6,14,40,49,26,20,52,60
31,53,47,17,17,6,14,40,49,26,20,52,60,42
53,47,17,17,6,14,40,49,26,20,52,60,42,54
47,17,17,6,14,40,49,26,20,52,60,42,54,40
17,17,6,14,40,49,26,20,52,60,42,54,40,35
17,6,14,40,49,26,20,52,60,42,54,40,35,28
6,14,40,49,26,20,52,60,42,54,40,35,28,54
14,40,49,26,20,52,60,42,54,40,35,28,54,30
40,49,26,20,52,60,42,54,40,35,28,54,30,22
49,26,20,52,60,42,54,40,35,28,54,30,22,31
26,20,52,60,42,54,40,35,28,54,30,22,31,43
20,52,60,42,54,40,35,28,54,30,22,31,43,28
52,60,42,54,40,35,28,54,30,22,31,43,28,56
60,42,54,40,35,28,54,30,22,31,43,28,56,20
42,54,40,35,28,54,30,22,31,43,28,56,20,52
54,40,35,28,54,30,22,31,43,28,56,20,52,51
40,35,28,54,30,22,31,43,28,56,20,52,51,47
35,28,54,30,22,31,43,28,56,20,52,51,47,20
28,54,30,22,31,43,28,56,20,52,51,47,20,4
54,30,22,31,43,28,56,20,52,51,47,20,4,56
30,22,31,43,28,56,20,52,51,47,20,4,56,53
22,31,43,28,56,20,52,51,47,20,4,56,53,5
31,43,28,56,20,52,51,47,20,4,56,53,5,14
43,28,56,20,52,51,47,20,4,56,53,5,14,1
28,56,20,52,51,47,20,4,56,53,5,14,1,11
56,20,52,51,47,20,4,56,53,5,14,1,11,23
20,52,51,47,20,4,56,53,5,14,1,11,23,42
52,51,47,20,4,56,53,5,14,1,11,23,42,48
51,47,20,4,56,53,5,14,1,11,23,42,48,46
47,20,4,56,53,5,14,1,11,23,42,48,46,11
20,4,56,53,5,14,1,11,23,42,48,46,11,27
4,56,53,5,14,1,11,23,42,48,46,11,27,34
56,53,5,14,1,11,23,42,48,46,11,27,34,49
53,5,14,1,11,23,42,48,46,11,27,34,49,13
5,14,1,11,23,42,48,46,11,27,34,49,13,41
14,1,11,23,42,48,46,11,27,34,49,13,41,3
1,11,23,42,48,46,11,27,34,49,13,41,3,10
11,23,42,48,46,11,27,34,49,13,41,3,10,30
23,42,48,46,11,27,34,49,13,41,3,10,30,57
42,48,46,11,27,34,49,13,41,3,10,30,57,13
48,46,11,27,34,49,13,41,3,10,30,57,13,28
46,11,27,34,49,13,41,3,10,30,57,13,28,52
11,27,34,49,13,41,3,10,30,57,13,28,52,6
27,34,49,13,41,3,10,30,57,13,28,52,6,43
34,49,13,41,3,10,30,57,13,28,52,6,43,12
49,13,41,3,10,30,57,13,28,52,6,43,12,56
13,41,3,10,30,57,13,28,52,6,43,12,56,7
41,3,10,30,57,13,28,52,6,43,12,56,7,25
3,10,30,57,13,28,52,6,43,12,56,7,25,24
10,30,57,13,28,52,6,43,12,56,7,25,24,36
30,57,13,28,52,6,43,12,56,7,25,24,36,5
57,13,28,52,6,43,12,56,7,25,24,36,5,47
13,28,52,6,43,12,56,7,25,24,36,5,47,7
28,52,6,43,12,56,7,25,24,36,5,47,7,52
52,6,43,12,56,7,25,24,36,5,47,7,52,6
6,43,12,56,7,25,24,36,5,47,7,52,6,51
43,12,56,7,25,24,36,5,47,7,52,6,51,47
12,56,7,25,24,36,5,47,7,52,6,51,47,39
56,7,25,24,36,5,47,7,52,6,51,47,39,2
7,25,24,36,5,47,7,52,6,51,47,39,2,3
25,24,36,5,47,7,52,6,51,47,39,2,3,12
24,36,5,47,7,52,6,51,47,39,2,3,12,37
36,5,47,7,52,6,51,47,39,2,3,12,37,47
5,47,7,52,6,51,47,39,2,3,12,37,47,16
47,7,52,6,51,47,39,2,3,12,37,47,16,21
7,52,6,51,47,39,2,3,12,37,47,16,21,11
52,6,51,47,39,2,3,12,37,47,16,21,11,49
6,51,47,39,2,3,12,37,47,16,21,11,49,14
51,47,39,2,3,12,37,47,16,21,11,49,14,33
47,39,2,3,12,37,47,16,21,11,49,14,33,30
39,2,3,12,37,47,16,21,11,49,14,33,30,33
2,3,12,37,47,16,21,11,49,14,33,30,33,52
3,12,37,47,16,21,11,49,14,33,30,33,52,55
12,37,47,16,21,11,49,14,33,30,33,52,55,47
37,47,16,21,11,49,14,33,30,33,52,55,47,38
47,16,21,11,49,14,33,30,33,52,55,47,38,50
16,21,11,49,14,33,30,33,52,55,47,38,50,1
21,11,49,14,33,30,33,52,55,47,38,50,1,53
11,49,14,33,30,33,52,55,47,38,50,1,53,22
49,14,33,30,33,52,55,47,38,50,1,53,22,50
14,33,30,33,52,55,47,38,50,1,53,22,50,45
33,30,33,52,55,47,38,50,1,53,22,50,45,30
30,33,52,55,47,38,50,1,53,22,50,45,30,59
33,52,55,47,38,50,1,53,22,50,45,30,59,28
52,55,47,38,50,1,53,22,50,45,30,59,28,47
55,47,38,50,1,53,22,50,45,30,59,28,47,60
47,38,50,1,53,22,50,45,30,59,28,47,60,22
38,50,1,53,22,50,45,30,59,28,47,60,22,5
50,1,53,22,50,45,30,59,28,47,60,22,5,60
1,53,22,50,45,30,59,28,47,60,22,5,60,12
53,22,50,45,30,59,28,47,60,22,5,60,12,34
22,50,45,30,59,28,47,60,22,5,60,12,34,30
50,45,30,59,28,47,60,22,5,60,12,34,30,44
45,30,59,28,47,60,22,5,60,12,34,30,44,57
30,59,28,47,60,22,5,60,12,34,30,44,57,44
59,28,47,60,22,5,60,12,34,30,44,57,44,18
28,47,60,22,5,60,12,34,30,44,57,44,18,45
47,60,22,5,60,12,34,30,44,57,44,18,45,31
60,22,5,60,12,34,30,44,57,44,18,45,31,26
22,5,60,12,34,30,44,57,44,18,45,31,26,20
5,60,12,34,30,44,57,44,18,45,31,26,20,52
60,12,34,30,44,57,44,18,45,31,26,20,52,29
12,34,30,44,57,44,18,45,31,26,20,52,29,56
34,30,44,57,44,18,45,31,26,20,52,29,56,60
30,44,57,44,18,45,31,26,20,52,29,56,60,2
44,57,44,18,45,31,26,20,52,29,56,60,2,4
57,44,18,45,31,26,20,52,29,56,60,2,4,12
44,18,45,31,26,20,52,29,56,60,2,4,12,5
18,45,31,26,20,52,29,56,60,2,4,12,5,10
45,31,26,20,52,29,56,60,2,4,12,5,10,20
31,26,20,52,29,56,60,2,4,12,5,10,20,29
26,20,52,29,56,60,2,4,12,5,10,20,29,37
20,52,29,56,60,2,4,12,5,10,20,29,37,4
52,29,56,60,2,4,12,5,10,20,29,37,4,23
29,56,60,2,4,12,5,10,20,29,37,4,23,27
56,60,2,4,12,5,10,20,29,37,4,23,27,28
60,2,4,12,5,10,20,29,37,4,23,27,28,9
2,4,12,5,10,20,29,37,4,23,27,28,9,30
4,12,5,10,20,29,37,4,23,27,28,9,30,54
12,5,10,20,29,37,4,23,27,28,9,30,54,10
5,10,20,29,37,4,23,27,28,9,30,54,10,2
10,20,29,37,4,23,27,28,9,30,54,10,2,43
20,29,37,4,23,27,28,9,30,54,10,2,43,21
29,37,4,23,27,28,9,30,54,10,2,43,21,35
37,4,23,27,28,9,30,54,10,2,43,21,35,41
4,23,27,28,9,30,54,10,2,43,21,35,41,12
23,27,28,9,30,54,10,2,43,21,35,41,12,15
27,28,9,30,54,10,2,43,21,35,41,12,15,7
28,9,30,54,10,2,43,21,35,41,12,15,7,13
9,30,54,10,2,43,21,35,41,12,15,7,13,8
30,54,10,2,43,21,35,41,12,15,7,13,8,8
54,10,2,43,21,35,41,12,15,7,13,8,8,49
10,2,43,21,35,41,12,15,7,13,8,8,49,43
2,43,21,35,41,12,15,7,13,8,8,49,43,17
43,21,35,41,12,15,7,13,8,8,49,43,17,40
21,35,41,12,15,7,13,8,8,49,43,17,40,19
35,41,12,15,7,13,8,8,49,43,17,40,19,60
41,12,15,7,13,8,8,49,43,17,40,19,60,52
12,15,7,13,8,8,49,43,17,40,19,60,52,59
15,7,13,8,8,49,43,17,40,19,60,52,59,9
7,13,8,8,49,43,17,40,19,60,52,59,9,44
13,8,8,49,43,17,40,19,60,52,59,9,44,20
8,8,49,43,17,40,19,60,52,59,9,44,20,50
8,49,43,17,40,19,60,52,59,9,44,20,50,21
49,43,17,40,19,60,52,59,9,44,20,50,21,14
43,17,40,19,60,52,59,9,44,20,50,21,14,35
17,40,19,60,52,59,9,44,20,50,21,14,35,31
40,19,60,52,59,9,44,20,50,21,14,35,31,27
19,60,52,59,9,44,20,50,21,14,35,31,27,11
60,52,59,9,44,20,50,21,14,35,31,27,11,53
52,59,9,44,20,50,21,14,35,31,27,11,53,56
59,9,44,20,50,21,14,35,31,27,11,53,56,37
9,44,20,50,21,14,35,31,27,11,53,56,37,10
44,20,50,21,14,35,31,27,11,53,56,37,10,19
20,50,21,14,35,31,27,11,53,56,37,10,19,25
50,21,14,35,31,27,11,53,56,37,10,19,25,22
21,14,35,31,27,11,53,56,37,10,19,25,22,11
14,35,31,27,11,53,56,37,10,19,25,22,11,16
35,31,27,11,53,56,37,10,19,25,22,11,16,33
31,27,11,53,56,37,10,19,25,22,11,16,33,3
27,11,53,56,37,10,19,25,22,11,16,33,3,49
11,53,56,37,10,19,25,22,11,16,33,3,49,17
53,56,37,10,19,25,22,11,16,33,3,49,17,20
56,37,10,19,25,22,11,16,33,3,49,17,20,59
37,10,19,25,22,11,16,33,3,49,17,20,59,57
10,19,25,22,11,16,33,3,49,17,20,59,57,52
19,25,22,11,16,33,3,49,17,20,59,57,52,12
25,22,11,16,33,3,49,17,20,59,57,52,12,54
22,11,16,33,3,49,17,20,59,57,52,12,54,2
11,16,33,3,49,17,20,59,57,52,12,54,2,32
16,33,3,49,17,20,59,57,52,12,54,2,32,14
33,3,49,17,20,59,57,52,12,54,2,32,14,9
3,49,17,20,59,57,52,12,54,2,32,14,9,24
49,17,20,59,57,52,12,54,2,32,14,9,24,53
17,20,59,57,52,12,54,2,32,14,9,24,53,41
20,59,57,52,12,54,2,32,14,9,24,53,41,6
59,57,52,12,54,2,32,14,9,24,53,41,6,13
57,52,12,54,2,32,14,9,24,53,41,6,13,50
52,12,54,2,32,14,9,24,53,41,6,13,50,27
12,54,2,32,14,9,24,53,41,6,13,50,27,17
54,2,32,14,9,24,53,41,6,13,50,27,17,57
2,32,14,9,24,53,41,6,13,50,27,17,57,26
32,14,9,24,53,41,6,13,50,27,17,57,26,55
14,9,24,53,41,6,13,50,27,17,57,26,55,20
9,24,53,41,6,13,50,27,17,57,26,55,20,60
24,53,41,6,13,50,27,17,57,26,55,20,60,3
53,41,6,13,50,27,17,57,26,55,20,60,3,20
41,6,13,50,27,17,57,26,55,20,60,3,20,19
6,13,50,27,17,57,26,55,20,60,3,20,19,58
13,50,27,17,57,26,55,20,60,3,20,19,58,6
50,27,17,57,26,55,20,60,3,20,19,58,6,39
27,17,57,26,55,20,60,3,20,19,58,6,39,54
17,57,26,55,20,60,3,20,19,58,6,39,54,36
57,26,55,20,60,3,20,19,58,6,39,54,36,37
26,55,20,60,3,20,19,58,6,39,54,36,37,60
55,20,60,3,20,19,58,6,39,54,36,37,60,49
20,60,3,20,19,58,6,39,54,36,37,60,49,29
60,3,20,19,58,6,39,54,36,37,60,49,29,22
3,20,19,58,6,39,54,36,37,60,49,29,22,36
20,19,58,6,39,54,36,37,60,49,29,22,36,58
19,58,6,39,54,36,37,60,49,29,22,36,58,41
58,6,39,54,36,37,60,49,29,22,36,58,41,48
6,39,54,36,37,60,49,29,22,36,58,41,48,58
39,54,36,37,60,49,29,22,36,58,41,48,58,28
54,36,37,60,49,29,22,36,58,41,48,58,28,23
36,37,60,49,29,22,36,58,41,48,58,28,23,39
37,60,49,29,22,36,58,41,48,58,28,23,39,16
60,49,29,22,36,58,41,48,58,28,23,39,16,19
49,29,22,36,58,41,48,58,28,23,39,16,19,10
29,22,36,58,41,48,58,28,23,39,16,19,10,3
22,36,58,41,48,58,28,23,39,16,19,10,3,39
36,58,41,48,58,28,23,39,16,19,10,3,39,54
58,41,48,58,28,23,39,16,19,10,3,39,54,56
41,48,58,28,23,39,16,19,10,3,39,54,56,11
48,58,28,23,39,16,19,10,3,39,54,56,11,36
58,28,23,39,16,19,10,3,39,54,56,11,36,32
28,23,39,16,19,10,3,39,54,56,11,36,32,55
23,39,16,19,10,3,39,54,56,11,36,32,55,49
39,16,19,10,3,39,54,56,11,36,32,55,49,60
16,19,10,3,39,54,56,11,36,32,55,49,60,28
19,10,3,39,54,56,11,36,32,55,49,60,28,9
10,3,39,54,56,11,36,32,55,49,60,28,9,60
3,39,54,56,11,36,32,55,49,60,28,9,60,11
39,54,56,11,36,32,55,49,60,28,9,60,11,53
54,56,11,36,32,55,49,60,28,9,60,11,53,48
56,11,36,32,55,49,60,28,9,60,11,53,48,8
11,36,32,55,49,60,28,9,60,11,53,48,8,55
36,32,55,49,60,28,9,60,11,53,48,8,55,30
32,55,49,60,28,9,60,11,53,48,8,55,30,33
55,49,60,28,9,60,11,53,48,8,55,30,33,9
49,60,28,9,60,11,53,48,8,55,30,33,9,7
60,28,9,60,11,53,48,8,55,30,33,9,7,38
28,9,60,11,53,48,8,55,30,33,9,7,38,10
9,60,11,53,48,8,55,30,33,9,7,38,10,25
60,11,53,48,8,55,30,33,9,7,38,10,25,5
11,53,48,8,55,30,33,9,7,38,10,25,5,39
53,48,8,55,30,33,9,7,38,10,25,5,39,52
48,8,55,30,33,9,7,38,10,25,5,39,52,43
8,55,30,33,9,7,38,10,25,5,39,52,43,14
55,30,33,9,7,38,10,25,5,39,52,43,14,4
30,33,9,7,38,10,25,5,39,52,43,14,4,26
33,9,7,38,10,25,5,39,52,43,14,4,26,35
9,7,38,10,25,5,39,52,43,14,4,26,35,29
7,38,10,25,5,39,52,43,14,4,26,35,29,13
38,10,25,5,39,52,43,14,4,26,35,29,13,2
10,25,5,39,52,43,14,4,26,35,29,13,2,11
25,5,39,52,43,14,4,26,35,29,13,2,11,37
5,39,52,43,14,4,26,35,29,13,2,11,37,36
39,52,43,14,4,26,35,29,13,2,11,37,36,48
52,43,14,4,26,35,29,13,2,11,37,36,48,6
43,14,4,26,35,29,13,2,11,37,36,48,6,32
14,4,26,35,29,13,2,11,37,36,48,6,32,35
4,26,35,29,13,2,11,37,36,48,6,32,35,22
26,35,29,13,2,11,37,36,48,6,32,35,22,9
35,29,13,2,11,37,36,48,6,32,35,22,9,56
29,13,2,11,37,36,48,6,32,35,22,9,56,11
13,2,11,37,36,48,6,32,35,22,9,56,11,45
2,11,37,36,48,6,32,35,22,9,56,11,45,12
11,37,36,48,6,32,35,22,9,56,11,45,12,1
37,36,48,6,32,35,22,9,56,11,45,12,1,26
36,48,6,32,35,22,9,56,11,45,12,1,26,54
48,6,32,35,22,9,56,11,45,12,1,26,54,20
6,32,35,22,9,56,11,45,12,1,26,54,20,30
32,35,22,9,56,11,45,12,1,26,54,20,30,17
35,22,9,56,11,45,12,1,26,54,20,30,17,38
22,9,56,11,45,12,1,26,54,20,30,17,38,14
9,56,11,45,12,1,26,54,20,30,17,38,14,5
56,11,45,12,1,26,54,20,30,17,38,14,5,35
11,45,12,1,26,54,20,30,17,38,14,5,35,3
45,12,1,26,54,20,30,17,38,14,5,35,3,7
12,1,26,54,20,30,17,38,14,5,35,3,7,9
1,26,54,20,30,17,38,14,5,35,3,7,9,10
26,54,20,30,17,38,14,5,35,3,7,9,10,31
54,20,30,17,38,14,5,35,3,7,9,10,31,34
20,30,17,38,14,5,35,3,7,9,10,31,34,36
30,17,38,14,5,35,3,7,9,10,31,34,36,54
17,38,14,5,35,3,7,9,10,31,34,36,54,3
38,14,5,35,3,7,9,10,31,34,36,54,3,31
14,5,35,3,7,9,10,31,34,36,54,3,31,15
5,35,3,7,9,10,31,34,36,54,3,31,15,48
35,3,7,9,10,31,34,36,54,3,31,15,48,35
3,7,9,10,31,34,36,54,3,31,15,48,35,50
7,9,10,31,34,36,54,3,31,15,48,35,50,2
9,10,31,34,36,54,3,31,15,48,35,50,2,23
10,31,34,36,54,3,31,15,48,35,50,2,23,33
31,34,36,54,3,31,15,48,35,50,2,23,33,40
34,36,54,3,31,15,48,35,50,2,23,33,40,3
36,54,3,31,15,48,35,50,2,23,33,40,3,53
54,3,31,15,48,35,50,2,23,33,40,3,53,45
3,31,15,48,35,50,2,23,33,40,3,53,45,11
31,15,48,35,50,2,23,33,40,3,53,45,11,34
15,48,35,50,2,23,33,40,3,53,45,11,34,26
48,35,50,2,23,33,40,3,53,45,11,34,26,5
35,50,2,23,33,40,3,53,45,11,34,26,5,41
50,2,23,33,40,3,53,45,11,34,26,5,41,29
2,23,33,40,3,53,45,11,34,26,5,41,29,36
23,33,40,3,53,45,11,34,26,5,41,29,36,30
33,40,3,53,45,11,34,26,5,41,29,36,30,48
40,3,53,45,11,34,26,5,41,29,36,30,48,47
3,53,45,11,34,26,5,41,29,36,30,48,47,51
53,45,11,34,26,5,41,29,36,30,48,47,51,10
45,11,34,26,5,41,29,36,30,48,47,51,10,50
11,34,26,5,41,29,36,30,48,47,51,10,50,30
34,26,5,41,29,36,30,48,47,51,10,50,30,25
26,5,41,29,36,30,48,47,51,10,50,30,25,7
5,41,29,36,30,48,47,51,10,50,30,25,7,25
41,29,36,30,48,47,51,10,50,30,25,7,25,4
29,36,30,48,47,51,10,50,30,25,7,25,4,58
36,30,48,47,51,10,50,30,25,7,25,4,58,13
30,48,47,51,10,50,30,25,7,25,4,58,13,27
48,47,51,10,50,30,25,7,25,4,58,13,27,5
47,51,10,50,30,25,7,25,4,58,13,27,5,43
51,10,50,30,25,7,25,4,58,13,27,5,43,28
10,50,30,25,7,25,4,58,13,27,5,43,28,15
50,30,25,7,25,4,58,13,27,5,43,28,15,11
30,25,7,25,4,58,13,27,5,43,28,15,11,50
25,7,25,4,58,13,27,5,43,28,15,11,50,33
7,25,4,58,13,27,5,43,28,15,11,50,33,23
25,4,58,13,27,5,43,28,15,11,50,33,23,29
4,58,13,27,5,43,28,15,11,50,33,23,29,46
58,13,27,5,43,28,15,11,50,33,23,29,46,10
13,27,5,43,28,15,11,50,33,23,29,46,10,31
27,5,43,28,15,11,50,33,23,29,46,10,31,34
5,43,28,15,11,50,33,23,29,46,10,31,34,37
43,28,15,11,50,33,23,29,46,10,31,34,37,41
28,15,11,50,33,23,29,46,10,31,34,37,41,53
15,11,50,33,23,29,46,10,31,34,37,41,53,2
11,50,33,23,29,46,10,31,34,37,41,53,2,33
50,33,23,29,46,10,31,34,37,41,53,2,33,48
33,23,29,46,10,31,34,37,41,53,2,33,48,55
23,29,46,10,31,34,37,41,53,2,33,48,55,52
29,46,10,31,34,37,41,53,2,33,48,55,52,43
46,10,31,34,37,41,53,2,33,48,55,52,43,5
10,31,34,37,41,53,2,33,48,55,52,43,5,15
31,34,37,41,53,2,33,48,55,52,43,5,15,46
34,37,41,53,2,33,48,55,52,43,5,15,46,5
37,41,53,2,33,48,55,52,43,5,15,46,5,58
41,53,2,33,48,55,52,43,5,15,46,5,58,37
53,2,33,48,55,52,43,5,15,46,5,58,37,14
2,33,48,55,52,43,5,15,46,5,58,37,14,43
33,48,55,52,43,5,15,46,5,58,37,14,43,26
48,55,52,43,5,15,46,5,58,37,14,43,26,19
55,52,43,5,15,46,5,58,37,14,43,26,19,48
52,43,5,15,46,5,58,37,14,43,26,19,48,57
43,5,15,46,5,58,37,14,43,26,19,48,57,5
5,15,46,5,58,37,14,43,26,19,48,57,5,8
15,46,5,58,37,14,43,26,19,48,57,5,8,17
46,5,58,37,14,43,26,19,48,57,5,8,17,15
5,58,37,14,43,26,19,48,57,5,8,17,15,48
58,37,14,43,26,19,48,57,5,8,17,15,48,42
37,14,43,26,19,48,57,5,8,17,15,48,42,35
14,43,26,19,48,57,5,8,17,15,48,42,35,47
43,26,19,48,57,5,8,17,15,48,42,35,47,41
26,19,48,57,5,8,17,15,48,42,35,47,41,19
19,48,57,5,8,17,15,48,42,35,47,41,19,57
48,57,5,8,17,15,48,42,35,47,41,19,57,53
57,5,8,17,15,48,42,35,47,41,19,57,53,21
5,8,17,15,48,42,35,47,41,19,57,53,21,27
8,17,15,48,42,35,47,41,19,57,53,21,27,32
17,15,48,42,35,47,41,19,57,53,21,27,32,55
15,48,42,35,47,41,19,57,53,21,27,32,55,34
48,42,35,47,41,19,57,53,21,27,32,55,34,31
42,35,47,41,19,57,53,21,27,32,55,34,31,50
35,47,41,19,57,53,21,27,32,55,34,31,50,40
47,41,19,57,53,21,27,32,55,34,31,50,40,31
41,19,57,53,21,27,32,55,34,31,50,40,31,55
19,57,53,21,27,32,55,34,31,50,40,31,55,56
57,53,21,27,32,55,34,31,50,40,31,55,56,50
53,21,27,32,55,34,31,50,40,31,55,56,50,40
21,27,32,55,34,31,50,40,31,55,56,50,40,10
27,32,55,34,31,50,40,31,55,56,50,40,10,35
32,55,34,31,50,40,31,55,56,50,40,10,35,31
55,34,31,50,40,31,55,56,50,40,10,35,31,4
34,31,50,40,31,55,56,50,40,10,35,31,4,30
31,50,40,31,55,56,50,40,10,35,31,4,30,54
50,40,31,55,56,50,40,10,35,31,4,30,54,28
40,31,55,56,50,40,10,35,31,4,30,54,28,36
31,55,56,50,40,10,35,31,4,30,54,28,36,10
55,56,50,40,10,35,31,4,30,54,28,36,10,60
56,50,40,10,35,31,4,30,54,28,36,10,60,52
50,40,10,35,31,4,30,54,28,36,10,60,52,50
40,10,35,31,4,30,54,28,36,10,60,52,50,23
10,35,31,4,30,54,28,36,10,60,52,50,23,12
35,31,4,30,54,28,36,10,60,52,50,23,12,49
31,4,30,54,28,36,10,60,52,50,23,12,49,60
4,30,54,28,36,10,60,52,50,23,12,49,60,32
30,54,28,36,10,60,52,50,23,12,49,60,32,30
54,28,36,10,60,52,50,23,12,49,60,32,30,40
28,36,10,60,52,50,23,12,49,60,32,30,40,37
36,10,60,52,50,23,12,49,60,32,30,40,37,35
10,60,52,50,23,12,49,60,32,30,40,37,35,12
60,52,50,23,12,49,60,32,30,40,37,35,12,22
52,50,23,12,49,60,32,30,40,37,35,12,22,19
50,23,12,49,60,32,30,40,37,35,12,22,19,9
23,12,49,60,32,30,40,37,35,12,22,19,9,20
12,49,60,32,30,40,37,35,12,22,19,9,20,27
49,60,32,30,40,37,35,12,22,19,9,20,27,49
60,32,30,40,37,35,12,22,19,9,20,27,49,5
32,30,40,37,35,12,22,19,9,20,27,49,5,23
30,40,37,35,12,22,19,9,20,27,49,5,23,39
40,37,35,12,22,19,9,20,27,49,5,23,39,12
37,35,12,22,19,9,20,27,49,5,23,39,12,18
35,12,22,19,9,20,27,49,5,23,39,12,18,15
12,22,19,9,20,27,49,5,23,39,12,18,15,8
22,19,9,20,27,49,5,23,39,12,18,15,8,11
19,9,20,27,49,5,23,39,12,18,15,8,11,22
9,20,27,49,5,23,39,12,18,15,8,11,22,49
20,27,49,5,23,39,12,18,15,8,11,22,49,22
27,49,5,23,39,12,18,15,8,11,22,49,22,59
49,5,23,39,12,18,15,8,11,22,49,22,59,29
5,23,39,12,18,15,8,11,22,49,22,59,29,32
23,39,12,18,15,8,11,22,49,22,59,29,32,54
39,12,18,15,8,11,22,49,22,59,29,32,54,3
12,18,15,8,11,22,49,22,59,29,32,54,3,5
18,15,8,11,22,49,22,59,29,32,54,3,5,24
15,8,11,22,49,22,59,29,32,54,3,5,24,19
8,11,22,49,22,59,29,32,54,3,5,24,19,30
11,22,49,22,59,29,32,54,3,5,24,19,30,35
22,49,22,59,29,32,54,3,5,24,19,30,35,16
49,22,59,29,32,54,3,5,24,19,30,35,16,49
22,59,29,32,54,3,5,24,19,30,35,16,49,55
59,29,32,54,3,5,24,19,30,35,16,49,55,20
29,32,54,3,5,24,19,30,35,16,49,55,20,10
32,54,3,5,24,19,30,35,16,49,55,20,10,26
54,3,5,24,19,30,35,16,49,55,20,10,26,17
3,5,24,19,30,35,16,49,55,20,10,26,17,20
5,24,19,30,35,16,49,55,20,10,26,17,20,38
24,19,30,35,16,49,55,20,10,26,17,20,38,8
19,30,35,16,49,55,20,10,26,17,20,38,8,53
30,35,16,49,55,20,10,26,17,20,38,8,53,3
35,16,49,55,20,10,26,17,20,38,8,53,3,26
16,49,55,20,10,26,17,20,38,8,53,3,26,21
49,55,20,10,26,17,20,38,8,53,3,26,21,39
55,20,10,26,17,20,38,8,53,3,26,21,39,5
20,10,26,17,20,38,8,53,3,26,21,39,5,18
10,26,17,20,38,8,53,3,26,21,39,5,18,59
26,17,20,38,8,53,3,26,21,39,5,18,59,40
17,20,38,8,53,3,26,21,39,5,18,59,40,45
20,38,8,53,3,26,21,39,5,18,59,40,45,24
38,8,53,3,26,21,39,5,18,59,40,45,24,14
8,53,3,26,21,39,5,18,59,40,45,24,14,13
53,3,26,21,39,5,18,59,40,45,24,14,13,39
3,26,21,39,5,18,59,40,45,24,14,13,39,15
26,21,39,5,18,59,40,45,24,14,13,39,15,1
21,39,5,18,59,40,45,24,14,13,39,15,1,48
39,5,18,59,40,45,24,14,13,39,15,1,48,37
5,18,59,40,45,24,14,13,39,15,1,48,37,39
18,59,40,45,24,14,13,39,15,1,48,37,39,52
59,40,45,24,14,13,39,15,1,48,37,39,52,22
40,45,24,14,13,39,15,1,48,37,39,52,22,42
45,24,14,13,39,15,1,48,37,39,52,22,42,49
24,14,13,39,15,1,48,37,39,52,22,42,49,8
14,13,39,15,1,48,37,39,52,22,42,49,8,12
13,39,15,1,48,37,39,52,22,42,49,8,12,9
39,15,1,48,37,39,52,22,42,49,8,12,9,13
15,1,48,37,39,52,22,42,49,8,12,9,13,26
1,48,37,39,52,22,42,49,8,12,9,13,26,25
48,37,39,52,22,42,49,8,12,9,13,26,25,10
37,39,52,22,42,49,8,12,9,13,26,25,10,28
39,52,22,42,49,8,12,9,13,26,25,10,28,45
52,22,42,49,8,12,9,13,26,25,10,28,45,54
22,42,49,8,12,9,13,26,25,10,28,45,54,45
42,49,8,12,9,13,26,25,10,28,45,54,45,51
49,8,12,9,13,26,25,10,28,45,54,45,51,11
8,12,9,13,26,25,10,28,45,54,45,51,11,34
12,9,13,26,25,10,28,45,54,45,51,11,34,48
9,13,26,25,10,28,45,54,45,51,11,34,48,32
13,26,25,10,28,45,54,45,51,11,34,48,32,19
26,25,10,28,45,54,45,51,11,34,48,32,19,23
25,10,28,45,54,45,51,11,34,48,32,19,23,57
10,28,45,54,45,51,11,34,48,32,19,23,57,9
28,45,54,45,51,11,34,48,32,19,23,57,9,29
45,54,45,51,11,34,48,32,19,23,57,9,29,45
54,45,51,11,34,48,32,19,23,57,9,29,45,8
45,51,11,34,48,32,19,23,57,9,29,45,8,34
51,11,34,48,32,19,23,57,9,29,45,8,34,15
11,34,48,32,19,23,57,9,29,45,8,34,15,2
34,48,32,19,23,57,9,29,45,8,34,15,2,25
48,32,19,23,57,9,29,45,8,34,15,2,25,34
32,19,23,57,9,29,45,8,34,15,2,25,34,10
19,23,57,9,29,45,8,34,15,2,25,34,10,37
23,57,9,29,45,8,34,15,2,25,34,10,37,50
57,9,29,45,8,34,15,2,25,34,10,37,50,43
9,29,45,8,34,15,2,25,34,10,37,50,43,2
29,45,8,34,15,2,25,34,10,37,50,43,2,59
45,8,34,15,2,25,34,10,37,50,43,2,59,10
8,34,15,2,25,34,10,37,50,43,2,59,10,37
34,15,2,25,34,10,37,50,43,2,59,10,37,57
15,2,25,34,10,37,50,43,2,59,10,37,57,40
2,25,34,10,37,50,43,2,59,10,37,57,40,43
25,34,10,37,50,43,2,59,10,37,57,40,43,9
34,10,37,50,43,2,59,10,37,57,40,43,9,11
10,37,50,43,2,59,10,37,57,40,43,9,11,24
37,50,43,2,59,10,37,57,40,43,9,11,24,3
50,43,2,59,10,37,57,40,43,9,11,24,3,51
43,2,59,10,37,57,40,43,9,11,24,3,51,36
2,59,10,37,57,40,43,9,11,24,3,51,36,20
59,10,37,57,40,43,9,11,24,3,51,36,20,33
10,37,57,40,43,9,11,24,3,51,36,20,33,58
37,57,40,43,9,11,24,3,51,36,20,33,58,34
57,40,43,9,11,24,3,51,36,20,33,58,34,57
40,43,9,11,24,3,51,36,20,33,58,34,57,60
43,9,11,24,3,51,36,20,33,58,34,57,60,3
9,11,24,3,51,36,20,33,58,34,57,60,3,40
11,24,3,51,36,20,33,58,34,57,60,3,40,8
24,3,51,36,20,33,58,34,57,60,3,40,8,53
3,51,36,20,33,58,34,57,60,3,40,8,53,51
51,36,20,33,58,34,57,60,3,40,8,53,51,36
36,20,33,58,34,57,60,3,40,8,53,51,36,59
20,33,58,34,57,60,3,40,8,53,51,36,59,1
33,58,34,57,60,3,40,8,53,51,36,59,1,2
58,34,57,60,3,40,8,53,51,36,59,1,2,40
34,57,60,3,40,8,53,51,36,59,1,2,40,51
57,60,3,40,8,53,51,36,59,1,2,40,51,24
60,3,40,8,53,51,36,59,1,2,40,51,24,48
3,40,8,53,51,36,59,1,2,40,51,24,48,27
40,8,53,51,36,59,1,2,40,51,24,48,27,34
8,53,51,36,59,1,2,40,51,24,48,27,34,52
53,51,36,59,1,2,40,51,24,48,27,34,52,46
51,36,59,1,2,40,51,24,48,27,34,52,46,5
36,59,1,2,40,51,24,48,27,34,52,46,5,35
59,1,2,40,51,24,48,27,34,52,46,5,35,2
1,2,40,51,24,48,27,34,52,46,5,35,2,51
2,40,51,24,48,27,34,52,46,5,35,2,51,14
40,51,24,48,27,34,52,46,5,35,2,51,14,49
51,24,48,27,34,52,46,5,35,2,51,14,49,39
24,48,27,34,52,46,5,35,2,51,14,49,39,2
48,27,34,52,46,5,35,2,51,14,49,39,2,51
27,34,52,46,5,35,2,51,14,49,39,2,51,17
34,52,46,5,35,2,51,14,49,39,2,51,17,44
52,46,5,35,2,51,14,49,39,2,51,17,44,43
46,5,35,2,51,14,49,39,2,51,17,44,43,23
5,35,2,51,14,49,39,2,51,17,44,43,23,9
35,2,51,14,49,39,2,51,17,44,43,23,9,29
2,51,14,49,39,2,51,17,44,43,23,9,29,18
51,14,49,39,2,51,17,44,43,23,9,29,18,7
14,49,39,2,51,17,44,43,23,9,29,18,7,14
49,39,2,51,17,44,43,23,9,29,18,7,14,39
39,2,51,17,44,43,23,9,29,18,7,14,39,23
2,51,17,44,43,23,9,29,18,7,14,39,23,5
51,17,44,43,23,9,29,18,7,14,39,23,5,54
17,44,43,23,9,29,18,7,14,39,23,5,54,39
44,43,23,9,29,18,7,14,39,23,5,54,39,38
43,23,9,29,18,7,14,39,23,5,54,39,38,51
23,9,29,18,7,14,39,23,5,54,39,38,51,26
9,29,18,7,14,39,23,5,54,39,38,51,26,38
29,18,7,14,39,23,5,54,39,38,51,26,38,33
18,7,14,39,23,5,54,39,38,51,26,38,33,35
7,14,39,23,5,54,39,38,51,26,38,33,35,53
14,39,23,5,54,39,38,51,26,38,33,35,53,43
39,23,5,54,39,38,51,26,38,33,35,53,43,27
23,5,54,39,38,51,26,38,33,35,53,43,27,15
5,54,39,38,51,26,38,33,35,53,43,27,15,30
54,39,38,51,26,38,33,35,53,43,27,15,30,52
39,38,51,26,38,33,35,53,43,27,15,30,52,26
38,51,26,38,33,35,53,43,27,15,30,52,26,2
51,26,38,33,35,53,43,27,15,30,52,26,2,47
26,38,33,35,53,43,27,15,30,52,26,2,47,26
38,33,35,53,43,27,15,30,52,26,2,47,26,11
33,35,53,43,27,15,30,52,26,2,47,26,11,57
35,53,43,27,15,30,52,26,2,47,26,11,57,59
53,43,27,15,30,52,26,2,47,26,11,57,59,55
43,27,15,30,52,26,2,47,26,11,57,59,55,39
27,15,30,52,26,2,47,26,11,57,59,55,39,54
15,30,52,26,2,47,26,11,57,59,55,39,54,58
30,52,26,2,47,26,11,57,59,55,39,54,58,46
52,26,2,47,26,11,57,59,55,39,54,58,46,4
26,2,47,26,11,57,59,55,39,54,58,46,4,6
2,47,26,11,57,59,55,39,54,58,46,4,6,19
47,26,11,57,59,55,39,54,58,46,4,6,19,23
26,11,57,59,55,39,54,58,46,4,6,19,23,31
11,57,59,55,39,54,58,46,4,6,19,23,31,53
57,59,55,39,54,58,46,4,6,19,23,31,53,29
59,55,39,54,58,46,4,6,19,23,31,53,29,41
55,39,54,58,46,4,6,19,23,31,53,29,41,10
39,54,58,46,4,6,19,23,31,53,29,41,10,41
54,58,46,4,6,19,23,31,53,29,41,10,41,14
58,46,4,6,19,23,31,53,29,41,10,41,14,22
46,4,6,19,23,31,53,29,41,10,41,14,22,53
4,6,19,23,31,53,29,41,10,41,14,22,53,42
6,19,23,31,53,29,41,10,41,14,22,53,42,11
19,23,31,53,29,41,10,41,14,22,53,42,11,39
23,31,53,29,41,10,41,14,22,53,42,11,39,9
31,53,29,41,10,41,14,22,53,42,11,39,9,5
53,29,41,10,41,14,22,53,42,11,39,9,5,8
29,41,10,41,14,22,53,42,11,39,9,5,8,7
41,10,41,14,22,53,42,11,39,9,5,8,7,41
10,41,14,22,53,42,11,39,9,5,8,7,41,53
41,14,22,53,42,11,39,9,5,8,7,41,53,18
14,22,53,42,11,39,9,5,8,7,41,53,18,4
22,53,42,11,39,9,5,8,7,41,53,18,4,36
53,42,11,39,9,5,8,7,41,53,18,4,36,26
42,11,39,9,5,8,7,41,53,18,4,36,26,56
11,39,9,5,8,7,41,53,18,4,36,26,56,17
39,9,5,8,7,41,53,18,4,36,26,56,17,37
9,5,8,7,41,53,18,4,36,26,56,17,37,51
5,8,7,41,53,18,4,36,26,56,17,37,51,4
8,7,41,53,18,4,36,26,56,17,37,51,4,36
7,41,53,18,4,36,26,56,17,37,51,4,36,13
41,53,18,4,36,26,56,17,37,51,4,36,13,50
53,18,4,36,26,56,17,37,51,4,36,13,50,46
18,4,36,26,56,17,37,51,4,36,13,50,46,24
4,36,26,56,17,37,51,4,36,13,50,46,24,60
36,26,56,17,37,51,4,36,13,50,46,24,60,19
26,56,17,37,51,4,36,13,50,46,24,60,19,39
56,17,37,51,4,36,13,50,46,24,60,19,39,6
17,37,51,4,36,13,50,46,24,60,19,39,6,42
37,51,4,36,13,50,46,24,60,19,39,6,42,10
51,4,36,13,50,46,24,60,19,39,6,42,10,60
4,36,13,50,46,24,60,19,39,6,42,10,60,33
36,13,50,46,24,60,19,39,6,42,10,60,33,47
13,50,46,24,60,19,39,6,42,10,60,33,47,58
50,46,24,60,19,39,6,42,10,60,33,47,58,4
46,24,60,19,39,6,42,10,60,33,47,58,4,41
24,60,19,39,6,42,10,60,33,47,58,4,41,20
60,19,39,6,42,10,60,33,47,58,4,41,20,30
19,39,6,42,10,60,33,47,58,4,41,20,30,17
39,6,42,10,60,33,47,58,4,41,20,30,17,53
6,42,10,60,33,47,58,4,41,20,30,17,53,60
42,10,60,33,47,58,4,41,20,30,17,53,60,44
10,60,33,47,58,4,41,20,30,17,53,60,44,16
60,33,47,58,4,41,20,30,17,53,60,44,16,3
33,47,58,4,41,20,30,17,53,60,44,16,3,51
47,58,4,41,20,30,17,53,60,44,16,3,51,5
58,4,41,20,30,17,53,60,44,16,3,51,5,27
4,41,20,30,17,53,60,44,16,3,51,5,27,4
41,20,30,17,53,60,44,16,3,51,5,27,4,15
20,30,17,53,60,44,16,3,51,5,27,4,15,17
30,17,53,60,44,16,3,51,5,27,4,15,17,31
17,53,60,44,16,3,51,5,27,4,15,17,31,33
53,60,44,16,3,51,5,27,4,15,17,31,33,24
60,44,16,3,51,5,27,4,15,17,31,33,24,5
44,16,3,51,5,27,4,15,17,31,33,24,5,42
16,3,51,5,27,4,15,17,31,33,24,5,42,9
3,51,5,27,4,15,17,31,33,24,5,42,9,2
51,5,27,4,15,17,31,33,24,5,42,9,2,52
5,27,4,15,17,31,33,24,5,42,9,2,52,39
27,4,15,17,31,33,24,5,42,9,2,52,39,59
4,15,17,31,33,24,5,42,9,2,52,39,59,48
15,17,31,33,24,5,42,9,2,52,39,59,48,1
17,31,33,24,5,42,9,2,52,39,59,48,1,28
31,33,24,5,42,9,2,52,39,59,48,1,28,27
33,24,5,42,9,2,52,39,59,48,1,28,27,13
24,5,42,9,2,52,39,59,48,1,28,27,13,35
5,42,9,2,52,39,59,48,1,28,27,13,35,26
42,9,2,52,39,59,48,1,28,27,13,35,26,52
9,2,52,39,59,48,1,28,27,13,35,26,52,60
2,52,39,59,48,1,28,27,13,35,26,52,60,26
52,39,59,48,1,28,27,13,35,26,52,60,26,19
39,59,48,1,28,27,13,35,26,52,60,26,19,58
59,48,1,28,27,13,35,26,52,60,26,19,58,13
48,1,28,27,13,35,26,52,60,26,19,58,13,40
1,28,27,13,35,26,52,60,26,19,58,13,40,13
28,27,13,35,26,52,60,26,19,58,13,40,13,59
27,13,35,26,52,60,26,19,58,13,40,13,59,21
13,35,26,52,60,26,19,58,13,40,13,59,21,17
35,26,52,60,26,19,58,13,40,13,59,21,17,40
26,52,60,26,19,58,13,40,13,59,21,17,40,39
52,60,26,19,58,13,40,13,59,21,17,40,39,58
60,26,19,58,13,40,13,59,21,17,40,39,58,55
26,19,58,13,40,13,59,21,17,40,39,58,55,14
19,58,13,40,13,59,21,17,40,39,58,55,14,2
58,13,40,13,59,21,17,40,39,58,55,14,2,60
13,40,13,59,21,17,40,39,58,55,14,2,60,48
40,13,59,21,17,40,39,58,55,14,2,60,48,9
13,59,21,17,40,39,58,55,14,2,60,48,9,40
59,21,17,40,39,58,55,14,2,60,48,9,40,5
21,17,40,39,58,55,14,2,60,48,9,40,5,22
17,40,39,58,55,14,2,60,48,9,40,5,22,36
40,39,58,55,14,2,60,48,9,40,5,22,36,11
39,58,55,14,2,60,48,9,40,5,22,36,11,50
58,55,14,2,60,48,9,40,5,22,36,11,50,59
55,14,2,60,48,9,40,5,22,36,11,50,59,18
14,2,60,48,9,40,5,22,36,11,50,59,18,31
2,60,48,9,40,5,22,36,11,50,59,18,31,60
60,48,9,40,5,22,36,11,50,59,18,31,60,12
48,9,40,5,22,36,11,50,59,18,31,60,12,4
9,40,5,22,36,11,50,59,18,31,60,12,4,16
40,5,22,36,11,50,59,18,31,60,12,4,16,24
5,22,36,11,50,59,18,31,60,12,4,16,24,56
22,36,11,50,59,18,31,60,12,4,16,24,56,25
36,11,50,59,18,31,60,12,4,16,24,56,25,30
11,50,59,18,31,60,12,4,16,24,56,25,30,8
50,59,18,31,60,12,4,16,24,56,25,30,8,29
59,18,31,60,12,4,16,24,56,25,30,8,29,36
18,31,60,12,4,16,24,56,25,30,8,29,36,35
31,60,12,4,16,24,56,25,30,8,29,36,35,14
60,12,4,16,24,56,25,30,8,29,36,35,14,40
12,4,16,24,56,25,30,8,29,36,35,14,40,29
4,16,24,56,25,30,8,29,36,35,14,40,29,6
16,24,56,25,30,8,29,36,35,14,40,29,6,54
24,56,25,30,8,29,36,35,14,40,29,6,54,10
56,25,30,8,29,36,35,14,40,29,6,54,10,20
25,30,8,29,36,35,14,40,29,6,54,10,20,16
30,8,29,36,35,14,40,29,6,54,10,20,16,36
8,29,36,35,14,40,29,6,54,10,20,16,36,14
29,36,35,14,40,29,6,54,10,20,16,36,14,30
36,35,14,40,29,6,54,10,20,16,36,14,30,38
35,14,40,29,6,54,10,20,16,36,14,30,38,11
14,40,29,6,54,10,20,16,36,14,30,38,11,8
40,29,6,54,10,20,16,36,14,30,38,11,8,4
29,6,54,10,20,16,36,14,30,38,11,8,4,39
6,54,10,20,16,36,14,30,38,11,8,4,39,56
54,10,20,16,36,14,30,38,11,8,4,39,56,23
10,20,16,36,14,30,38,11,8,4,39,56,23,52
20,16,36,14,30,38,11,8,4,39,56,23,52,55
16,36,14,30,38,11,8,4,39,56,23,52,55,59
36,14,30,38,11,8,4,39,56,23,52,55,59,8
14,30,38,11,8,4,39,56,23,52,55,59,8,60
30,38,11,8,4,39,56,23,52,55,59,8,60,44
38,11,8,4,39,56,23,52,55,59,8,60,44,40
11,8,4,39,56,23,52,55,59,8,60,44,40,30
8,4,39,56,23,52,55,59,8,60,44,40,30,26
4,39,56,23,52,55,59,8,60,44,40,30,26,21
39,56,23,52,55,59,8,60,44,40,30,26,21,20
56,23,52,55,59,8,60,44,40,30,26,21,20,36
23,52,55,59,8,60,44,40,30,26,21,20,36,31
52,55,59,8,60,44,40,30,26,21,20,36,31,29
55,59,8,60,44,40,30,26,21,20,36,31,29,33
59,8,60,44,40,30,26,21,20,36,31,29,33,10
8,60,44,40,30,26,21,20,36,31,29,33,10,15
60,44,40,30,26,21,20,36,31,29,33,10,15,38
44,40,30,26,21,20,36,31,29,33,10,15,38,31
40,30,26,21,20,36,31,29,33,10,15,38,31,28
30,26,21,20,36,31,29,33,10,15,38,31,28,5
26,21,20,36,31,29,33,10,15,38,31,28,5,52
21,20,36,31,29,33,10,15,38,31,28,5,52,2
20,36,31,29,33,10,15,38,31,28,5,52,2,33
36,31,29,33,10,15,38,31,28,5,52,2,33,51
31,29,33,10,15,38,31,28,5,52,2,33,51,28
29,33,10,15,38,31,28,5,52,2,33,51,28,33
33,10,15,38,31,28,5,52,2,33,51,28,33,42
10,15,38,31,28,5,52,2,33,51,28,33,42,12
15,38,31,28,5,52,2,33,51,28,33,42,12,31
38,31,28,5,52,2,33,51,28,33,42,12,31,11
31,28,5,52,2,33,51,28,33,42,12,31,11,52
28,5,52,2,33,51,28,33,42,12,31,11,52,42
5,52,2,33,51,28,33,42,12,31,11,52,42,32
52,2,33,51,28,33,42,12,31,11,52,42,32,56
2,33,51,28,33,42,12,31,11,52,42,32,56,40
33,51,28,33,42,12,31,11,52,42,32,56,40,30
51,28,33,42,12,31,11,52,42,32,56,40,30,17
28,33,42,12,31,11,52,42,32,56,40,30,17,13
33,42,12,31,11,52,42,32,56,40,30,17,13,8
42,12,31,11,52,42,32,56,40,30,17,13,8,27
12,31,11,52,42,32,56,40,30,17,13,8,27,1
31,11,52,42,32,56,40,30,17,13,8,27,1,3
11,52,42,32,56,40,30,17,13,8,27,1,3,52
52,42,32,56,40,30,17,13,8,27,1,3,52,14
42,32,56,40,30,17,13,8,27,1,3,52,14,50
32,56,40,30,17,13,8,27,1,3,52,14,50,3
56,40,30,17,13,8,27,1,3,52,14,50,3,23
40,30,17,13,8,27,1,3,52,14,50,3,23,2
30,17,13,8,27,1,3,52,14,50,3,23,2,34
17,13,8,27,1,3,52,14,50,3,23,2,34,18
13,8,27,1,3,52,14,50,3,23,2,34,18,57
8,27,1,3,52,14,50,3,23,2,34,18,57,58
27,1,3,52,14,50,3,23,2,34,18,57,58,40
1,3,52,14,50,3,23,2,34,18,57,58,40,47
3,52,14,50,3,23,2,34,18,57,58,40,47,54
52,14,50,3,23,2,34,18,57,58,40,47,54,30
14,50,3,23,2,34,18,57,58,40,47,54,30,31
50,3,23,2,34,18,57,58,40,47,54,30,31,23
3,23,2,34,18,57,58,40,47,54,30,31,23,9
23,2,34,18,57,58,40,47,54,30,31,23,9,54
2,34,18,57,58,40,47,54,30,31,23,9,54,11
34,18,57,58,40,47,54,30,31,23,9,54,11,24
18,57,58,40,47,54,30,31,23,9,54,11,24,50
57,58,40,47,54,30,31,23,9,54,11,24,50,1
58,40,47,54,30,31,23,9,54,11,24,50,1,44
40,47,54,30,31,23,9,54,11,24,50,1,44,13
47,54,30,31,23,9,54,11,24,50,1,44,13,40
54,30,31,23,9,54,11,24,50,1,44,13,40,6
30,31,23,9,54,11,24,50,1,44,13,40,6,50
31,23,9,54,11,24,50,1,44,13,40,6,50,4
23,9,54,11,24,50,1,44,13,40,6,50,4,48
9,54,11,24,50,1,44,13,40,6,50,4,48,29
54,11,24,50,1,44,13,40,6,50,4,48,29,51
11,24,50,1,44,13,40,6,50,4,48,29,51,20
24,50,1,44,13,40,6,50,4,48,29,51,20,2
50,1,44,13,40,6,50,4,48,29,51,20,2,43
1,44,13,40,6,50,4,48,29,51,20,2,43,15
44,13,40,6,50,4,48,29,51,20,2,43,15,5
13,40,6,50,4,48,29,51,20,2,43,15,5,57
40,6,50,4,48,29,51,20,2,43,15,5,57,49
6,50,4,48,29,51,20,2,43,15,5,57,49,43
50,4,48,29,51,20,2,43,15,5,57,49,43,14
4,48,29,51,20,2,43,15,5,57,49,43,14,10
48,29,51,20,2,43,15,5,57,49,43,14,10,53
29,51,20,2,43,15,5,57,49,43,14,10,53,46
51,20,2,43,15,5,57,49,43,14,10,53,46,2
20,2,43,15,5,57,49,43,14,10,53,46,2,56
2,43,15,5,57,49,43,14,10,53,46,2,56,11
43,15,5,57,49,43,14,10,53,46,2,56,11,5
15,5,57,49,43,14,10,53,46,2,56,11,5,59
5,57,49,43,14,10,53,46,2,56,11,5,59,13
57,49,43,14,10,53,46,2,56,11,5,59,13,60
49,43,14,10,53,46,2,56,11,5,59,13,60,14
43,14,10,53,46,2,56,11,5,59,13,60,14,53
14,10,53,46,2,56,11,5,59,13,60,14,53,30
10,53,46,2,56,11,5,59,13,60,14,53,30,15
53,46,2,56,11,5,59,13,60,14,53,30,15,55
46,2,56,11,5,59,13,60,14,53,30,15,55,56
2,56,11,5,59,13,60,14,53,30,15,55,56,32
56,11,5,59,13,60,14,53,30,15,55,56,32,8
11,5,59,13,60,14,53,30,15,55,56,32,8,22
5,59,13,60,14,53,30,15,55,56,32,8,22,43
59,13,60,14,53,30,15,55,56,32,8,22,43,53
13,60,14,53,30,15,55,56,32,8,22,43,53,46
60,14,53,30,15,55,56,32,8,22,43,53,46,43
14,53,30,15,55,56,32,8,22,43,53,46,43,59
53,30,15,55,56,32,8,22,43,53,46,43,59,54
30,15,55,56,32,8,22,43,53,46,43,59,54,44
15,55,56,32,8,22,43,53,46,43,59,54,44,53
55,56,32,8,22,43,53,46,43,59,54,44,53,16
56,32,8,22,43,53,46,43,59,54,44,53,16,25
32,8,22,43,53,46,43,59,54,44,53,16,25,3
8,22,43,53,46,43,59,54,44,53,16,25,3,51
22,43,53,46,43,59,54,44,53,16,25,3,51,23
43,53,46,43,59,54,44,53,16,25,3,51,23,56
53,46,43,59,54,44,53,16,25,3,51,23,56,44
46,43,59,54,44,53,16,25,3,51,23,56,44,15
43,59,54,44,53,16,25,3,51,23,56,44,15,56
59,54,44,53,16,25,3,51,23,56,44,15,56,2
54,44,53,16,25,3,51,23,56,44,15,56,2,10
44,53,16,25,3,51,23,56,44,15,56,2,10,57
53,16,25,3,51,23,56,44,15,56,2,10,57,19
16,25,3,51,23,56,44,15,56,2,10,57,19,51
25,3,51,23,56,44,15,56,2,10,57,19,51,54
3,51,23,56,44,15,56,2,10,57,19,51,54,8
51,23,56,44,15,56,2,10,57,19,51,54,8,52
23,56,44,15,56,2,10,57,19,51,54,8,52,46
56,44,15,56,2,10,57,19,51,54,8,52,46,35
44,15,56,2,10,57,19,51,54,8,52,46,35,23
15,56,2,10,57,19,51,54,8,52,46,35,23,15
56,2,10,57,19,51,54,8,52,46,35,23,15,7
2,10,57,19,51,54,8,52,46,35,23,15,7,20
10,57,19,51,54,8,52,46,35,23,15,7,20,14
57,19,51,54,8,52,46,35,23,15,7,20,14,44
19,51,54,8,52,46,35,23,15,7,20,14,44,11
51,54,8,52,46,35,23,15,7,20,14,44,11,5
54,8,52,46,35,23,15,7,20,14,44,11,5,46
8,52,46,35,23,15,7,20,14,44,11,5,46,36
52,46,35,23,15,7,20,14,44,11,5,46,36,3
46,35,23,15,7,20,14,44,11,5,46,36,3,45
35,23,15,7,20,14,44,11,5,46,36,3,45,6
23,15,7,20,14,44,11,5,46,36,3,45,6,19
15,7,20,14,44,11,5,46,36,3,45,6,19,34
7,20,14,44,11,5,46,36,3,45,6,19,34,43
20,14,44,11,5,46,36,3,45,6,19,34,43,22
14,44,11,5,46,36,3,45,6,19,34,43,22,10
44,11,5,46,36,3,45,6,19,34,43,22,10,47
11,5,46,36,3,45,6,19,34,43,22,10,47,54
5,46,36,3,45,6,19,34,43,22,10,47,54,7
46,36,3,45,6,19,34,43,22,10,47,54,7,43
36,3,45,6,19,34,43,22,10,47,54,7,43,32
3,45,6,19,34,43,22,10,47,54,7,43,32,24
45,6,19,34,43,22,10,47,54,7,43,32,24,33
6,19,34,43,22,10,47,54,7,43,32,24,33,7
19,34,43,22,10,47,54,7,43,32,24,33,7,30
34,43,22,10,47,54,7,43,32,24,33,7,30,47
43,22,10,47,54,7,43,32,24,33,7,30,47,8
22,10,47,54,7,43,32,24,33,7,30,47,8,7
10,47,54,7,43,32,24,33,7,30,47,8,7,12
47,54,7,43,32,24,33,7,30,47,8,7,12,25
54,7,43,32,24,33,7,30,47,8,7,12,25,26
7,43,32,24,33,7,30,47,8,7,12,25,26,32
43,32,24,33,7,30,47,8,7,12,25,26,32,39
32,24,33,7,30,47,8,7,12,25,26,32,39,14
24,33,7,30,47,8,7,12,25,26,32,39,14,8
33,7,30,47,8,7,12,25,26,32,39,14,8,53
7,30,47,8,7,12,25,26,32,39,14,8,53,9
30,47,8,7,12,25,26,32,39,14,8,53,9,59
47,8,7,12,25,26,32,39,14,8,53,9,59,32
8,7,12,25,26,32,39,14,8,53,9,59,32,54
7,12,25,26,32,39,14,8,53,9,59,32,54,7
12,25,26,32,39,14,8,53,9,59,32,54,7,19
25,26,32,39,14,8,53,9,59,32,54,7,19,12
26,32,39,14,8,53,9,59,32,54,7,19,12,45
32,39,14,8,53,9,59,32,54,7,19,12,45,9
39,14,8,53,9,59,32,54,7,19,12,45,9,28
14,8,53,9,59,32,54,7,19,12,45,9,28,30
8,53,9,59,32,54,7,19,12,45,9,28,30,29
53,9,59,32,54,7,19,12,45,9,28,30,29,22
9,59,32,54,7,19,12,45,9,28,30,29,22,20
59,32,54,7,19,12,45,9,28,30,29,22,20,5
32,54,7,19,12,45,9,28,30,29,22,20,5,39
54,7,19,12,45,9,28,30,29,22,20,5,39,26
7,19,12,45,9,28,30,29,22,20,5,39,26,49
19,12,45,9,28,30,29,22,20,5,39,26,49,1
12,45,9,28,30,29,22,20,5,39,26,49,1,4
45,9,28,30,29,22,20,5,39,26,49,1,4,43
9,28,30,29,22,20,5,39,26,49,1,4,43,42
28,30,29,22,20,5,39,26,49,1,4,43,42,44
30,29,22,20,5,39,26,49,1,4,43,42,44,52
29,22,20,5,39,26,49,1,4,43,42,44,52,58
22,20,5,39,26,49,1,4,43,42,44,52,58,60
20,5,39,26,49,1,4,43,42,44,52,58,60,38
5,39,26,49,1,4,43,42,44,52,58,60,38,27
39,26,49,1,4,43,42,44,52,58,60,38,27,29
26,49,1,4,43,42,44,52,58,60,38,27,29,1
49,1,4,43,42,44,52,58,60,38,27,29,1,50
1,4,43,42,44,52,58,60,38,27,29,1,50,52
4,43,42,44,52,58,60,38,27,29,1,50,52,38
43,42,44,52,58,60,38,27,29,1,50,52,38,48
42,44,52,58,60,38,27,29,1,50,52,38,48,34
44,52,58,60,38,27,29,1,50,52,38,48,34,25
52,58,60,38,27,29,1,50,52,38,48,34,25,42
58,60,38,27,29,1,50,52,38,48,34,25,42,13
60,38,27,29,1,50,52,38,48,34,25,42,13,8
38,27,29,1,50,52,38,48,34,25,42,13,8,35
27,29,1,50,52,38,48,34,25,42,13,8,35,29
29,1,50,52,38,48,34,25,42,13,8,35,29,37
1,50,52,38,48,34,25,42,13,8,35,29,37,13
50,52,38,48,34,25,42,13,8,35,29,37,13,6
52,38,48,34,25,42,13,8,35,29,37,13,6,30
38,48,34,25,42,13,8,35,29,37,13,6,30,34
48,34,25,42,13,8,35,29,37,13,6,30,34,46
34,25,42,13,8,35,29,37,13,6,30,34,46,14
25,42,13,8,35,29,37,13,6,30,34,46,14,28
42,13,8,35,29,37,13,6,30,34,46,14,28,11
13,8,35,29,37,13,6,30,34,46,14,28,11,16
8,35,29,37,13,6,30,34,46,14,28,11,16,16
35,29,37,13,6,30,34,46,14,28,11,16,16,4
29,37,13,6,30,34,46,14,28,11,16,16,4,18
37,13,6,30,34,46,14,28,11,16,16,4,18,27
13,6,30,34,46,14,28,11,16,16,4,18,27,5
6,30,34,46,14,28,11,16,16,4,18,27,5,51
30,34,46,14,28,11,16,16,4,18,27,5,51,38
34,46,14,28,11,16,16,4,18,27,5,51,38,17
46,14,28,11,16,16,4,18,27,5,51,38,17,55
14,28,11,16,16,4,18,27,5,51,38,17,55,41
28,11,16,16,4,18,27,5,51,38,17,55,41,24
11,16,16,4,18,27,5,51,38,17,55,41,24,25
16,16,4,18,27,5,51,38,17,55,41,24,25,51
16,4,18,27,5,51,38,17,55,41,24,25,51,59
4,18,27,5,51,38,17,55,41,24,25,51,59,47
18,27,5,51,38,17,55,41,24,25,51,59,47,10
27,5,51,38,17,55,41,24,25,51,59,47,10,60
5,51,38,17,55,41,24,25,51,59,47,10,60,53
51,38,17,55,41,24,25,51,59,47,10,60,53,55
38,17,55,41,24,25,51,59,47,10,60,53,55,43
17,55,41,24,25,51,59,47,10,60,53,55,43,21
55,41,24,25,51,59,47,10,60,53,55,43,21,10
41,24,25,51,59,47,10,60,53,55,43,21,10,47
24,25,51,59,47,10,60,53,55,43,21,10,47,53
25,51,59,47,10,60,53,55,43,21,10,47,53,25
51,59,47,10,60,53,55,43,21,10,47,53,25,37
59,47,10,60,53,55,43,21,10,47,53,25,37,15
47,10,60,53,55,43,21,10,47,53,25,37,15,6
10,60,53,55,43,21,10,47,53,25,37,15,6,48
60,53,55,43,21,10,47,53,25,37,15,6,48,55
53,55,43,21,10,47,53,25,37,15,6,48,55,29
55,43,21,10,47,53,25,37,15,6,48,55,29,44
43,21,10,47,53,25,37,15,6,48,55,29,44,51
21,10,47,53,25,37,15,6,48,55,29,44,51,31
10,47,53,25,37,15,6,48,55,29,44,51,31,18
47,53,25,37,15,6,48,55,29,44,51,31,18,57
53,25,37,15,6,48,55,29,44,51,31,18,57,35
25,37,15,6,48,55,29,44,51,31,18,57,35,2
37,15,6,48,55,29,44,51,31,18,57,35,2,20
15,6,48,55,29,44,51,31,18,57,35,2,20,43
6,48,55,29,44,51,31,18,57,35,2,20,43,5
48,55,29,44,51,31,18,57,35,2,20,43,5,16
55,29,44,51,31,18,57,35,2,20,43,5,16,30
29,44,51,31,18,57,35,2,20,43,5,16,30,19
44,51,31,18,57,35,2,20,43,5,16,30,19,10
51,31,18,57,35,2,20,43,5,16,30,19,10,18
31,18,57,35,2,20,43,5,16,30,19,10,18,50
18,57,35,2,20,43,5,16,30,19,10,18,50,11
57,35,2,20,43,5,16,30,19,10,18,50,11,41
35,2,20,43,5,16,30,19,10,18,50,11,41,35
2,20,43,5,16,30,19,10,18,50,11,41,35,36
20,43,5,16,30,19,10,18,50,11,41,35,36,16
43,5,16,30,19,10,18,50,11,41,35,36,16,52
5,16,30,19,10,18,50,11,41,35,36,16,52,54
16,30,19,10,18,50,11,41,35,36,16,52,54,43
30,19,10,18,50,11,41,35,36,16,52,54,43,27
19,10,18,50,11,41,35,36,16,52,54,43,27,59
10,18,50,11,41,35,36,16,52,54,43,27,59,53
18,50,11,41,35,36,16,52,54,43,27,59,53,23
50,11,41,35,36,16,52,54,43,27,59,53,23,10
11,41,35,36,16,52,54,43,27,59,53,23,10,43
41,35,36,16,52,54,43,27,59,53,23,10,43,50
35,36,16,52,54,43,27,59,53,23,10,43,50,8
36,16,52,54,43,27,59,53,23,10,43,50,8,7
16,52,54,43,27,59,53,23,10,43,50,8,7,39
52,54,43,27,59,53,23,10,43,50,8,7,39,11
54,43,27,59,53,23,10,43,50,8,7,39,11,48
43,27,59,53,23,10,43,50,8,7,39,11,48,8
27,59,53,23,10,43,50,8,7,39,11,48,8,21
59,53,23,10,43,50,8,7,39,11,48,8,21,18
53,23,10,43,50,8,7,39,11,48,8,21,18,49
23,10,43,50,8,7,39,11,48,8,21,18,49,30
10,43,50,8,7,39,11,48,8,21,18,49,30,24
43,50,8,7,39,11,48,8,21,18,49,30,24,46
50,8,7,39,11,48,8,21,18,49,30,24,46,39
8,7,39,11,48,8,21,18,49,30,24,46,39,57
7,39,11,48,8,21,18,49,30,24,46,39,57,26
39,11,48,8,21,18,49,30,24,46,39,57,26,9
11,48,8,21,18,49,30,24,46,39,57,26,9,5
48,8,21,18,49,30,24,46,39,57,26,9,5,13
8,21,18,49,30,24,46,39,57,26,9,5,13,3
21,18,49,30,24,46,39,57,26,9,5,13,3,24
18,49,30,24,46,39,57,26,9,5,13,3,24,35
49,30,24,46,39,57,26,9,5,13,3,24,35,59
30,24,46,39,57,26,9,5,13,3,24,35,59,25
24,46,39,57,26,9,5,13,3,24,35,59,25,51
46,39,57,26,9,5,13,3,24,35,59,25,51,26
39,57,26,9,5,13,3,24,35,59,25,51,26,42
57,26,9,5,13,3,24,35,59,25,51,26,42,28
26,9,5,13,3,24,35,59,25,51,26,42,28,33
9,5,13,3,24,35,59,25,51,26,42,28,33,8
5,13,3,24,35,59,25,51,26,42,28,33,8,25
13,3,24,35,59,25,51,26,42,28,33,8,25,27
3,24,35,59,25,51,26,42,28,33,8,25,27,6
24,35,59,25,51,26,42,28,33,8,25,27,6,10
35,59,25,51,26,42,28,33,8,25,27,6,10,1
59,25,51,26,42,28,33,8,25,27,6,10,1,49
25,51,26,42,28,33,8,25,27,6,10,1,49,3
51,26,42,28,33,8,25,27,6,10,1,49,3,51
26,42,28,33,8,25,27,6,10,1,49,3,51,20
42,28,33,8,25,27,6,10,1,49,3,51,20,22
28,33,8,25,27,6,10,1,49,3,51,20,22,14
33,8,25,27,6,10,1,49,3,51,20,22,14,51
8,25,27,6,10,1,49,3,51,20,22,14,51,54
25,27,6,10,1,49,3,51,20,22,14,51,54,32
27,6,10,1,49,3,51,20,22,14,51,54,32,1
6,10,1,49,3,51,20,22,14,51,54,32,1,38
10,1,49,3,51,20,22,14,51,54,32,1,38,47
1,49,3,51,20,22,14,51,54,32,1,38,47,38
49,3,51,20,22,14,51,54,32,1,38,47,38,2
3,51,20,22,14,51,54,32,1,38,47,38,2,45
51,20,22,14,51,54,32,1,38,47,38,2,45,35
20,22,14,51,54,32,1,38,47,38,2,45,35,20
22,14,51,54,32,1,38,47,38,2,45,35,20,51
14,51,54,32,1,38,47,38,2,45,35,20,51,19
51,54,32,1,38,47,38,2,45,35,20,51,19,33
54,32,1,38,47,38,2,45,35,20,51,19,33,18
32,1,38,47,38,2,45,35,20,51,19,33,18,43
1,38,47,38,2,45,35,20,51,19,33,18,43,60
38,47,38,2,45,35,20,51,19,33,18,43,60,1
47,38,2,45,35,20,51,19,33,18,43,60,1,59
38,2,45,35,20,51,19,33,18,43,60,1,59,10
2,45,35,20,51,19,33,18,43,60,1,59,10,16
45,35,20,51,19,33,18,43,60,1,59,10,16,14
35,20,51,19,33,18,43,60,1,59,10,16,14,7
20,51,19,33,18,43,60,1,59,10,16,14,7,54
51,19,33,18,43,60,1,59,10,16,14,7,54,36
19,33,18,43,60,1,59,10,16,14,7,54,36,21
33,18,43,60,1,59,10,16,14,7,54,36,21,13
18,43,60,1,59,10,16,14,7,54,36,21,13,59
43,60,1,59,10,16,14,7,54,36,21,13,59,60
60,1,59,10,16,14,7,54,36,21,13,59,60,30
1,59,10,16,14,7,54,36,21,13,59,60,30,11
59,10,16,14,7,54,36,21,13,59,60,30,11,40
10,16,14,7,54,36,21,13,59,60,30,11,40,37
16,14,7,54,36,21,13,59,60,30,11,40,37,20
14,7,54,36,21,13,59,60,30,11,40,37,20,1
7,54,36,21,13,59,60,30,11,40,37,20,1,52
54,36,21,13,59,60,30,11,40,37,20,1,52,5
36,21,13,59,60,30,11,40,37,20,1,52,5,60
21,13,59,60,30,11,40,37,20,1,52,5,60,46
13,59,60,30,11,40,37,20,1,52,5,60,46,42
59,60,30,11,40,37,20,1,52,5,60,46,42,50
60,30,11,40,37,20,1,52,5,60,46,42,50,7
30,11,40,37,20,1,52,5,60,46,42,50,7,51
11,40,37,20,1,52,5,60,46,42,50,7,51,31
40,37,20,1,52,5,60,46,42,50,7,51,31,42
37,20,1,52,5,60,46,42,50,7,51,31,42,20
20,1,52,5,60,46,42,50,7,51,31,42,20,56
1,52,5,60,46,42,50,7,51,31,42,20,56,19
52,5,60,46,42,50,7,51,31,42,20,56,19,19
5,60,46,42,50,7,51,31,42,20,56,19,19,42
60,46,42,50,7,51,31,42,20,56,19,19,42,8
46,42,50,7,51,31,42,20,56,19,19,42,8,36
42,50,7,51,31,42,20,56,19,19,42,8,36,21
50,7,51,31,42,20,56,19,19,42,8,36,21,59
7,51,31,42,20,56,19,19,42,8,36,21,59,50
51,31,42,20,56,19,19,42,8,36,21,59,50,40
31,42,20,56,19,19,42,8,36,21,59,50,40,26
42,20,56,19,19,42,8,36,21,59,50,40,26,7
20,56,19,19,42,8,36,21,59,50,40,26,7,19
56,19,19,42,8,36,21,59,50,40,26,7,19,17
19,19,42,8,36,21,59,50,40,26,7,19,17,59
19,42,8,36,21,59,50,40,26,7,19,17,59,47
42,8,36,21,59,50,40,26,7,19,17,59,47,32
8,36,21,59,50,40,26,7,19,17,59,47,32,48
36,21,59,50,40,26,7,19,17,59,47,32,48,40
21,59,50,40,26,7,19,17,59,47,32,48,40,12
59,50,40,26,7,19,17,59,47,32,48,40,12,19
50,40,26,7,19,17,59,47,32,48,40,12,19,45
40,26,7,19,17,59,47,32,48,40,12,19,45,54
26,7,19,17,59,47,32,48,40,12,19,45,54,56
7,19,17,59,47,32,48,40,12,19,45,54,56,46
19,17,59,47,32,48,40,12,19,45,54,56,46,9
17,59,47,32,48,40,12,19,45,54,56,46,9,38
59,47,32,48,40,12,19,45,54,56,46,9,38,45
47,32,48,40,12,19,45,54,56,46,9,38,45,39
32,48,40,12,19,45,54,56,46,9,38,45,39,7
48,40,12,19,45,54,56,46,9,38,45,39,7,12
40,12,19,45,54,56,46,9,38,45,39,7,12,56
12,19,45,54,56,46,9,38,45,39,7,12,56,9
19,45,54,56,46,9,38,45,39,7,12,56,9,19
45,54,56,46,9,38,45,39,7,12,56,9,19,20
54,56,46,9,38,45,39,7,12,56,9,19,20,50
56,46,9,38,45,39,7,12,56,9,19,20,50,60
46,9,38,45,39,7,12,56,9,19,20,50,60,51
9,38,45,39,7,12,56,9,19,20,50,60,51,4
38,45,39,7,12,56,9,19,20,50,60,51,4,36
45,39,7,12,56,9,19,20,50,60,51,4,36,29
39,7,12,56,9,19,20,50,60,51,4,36,29,55
7,12,56,9,19,20,50,60,51,4,36,29,55,45
12,56,9,19,20,50,60,51,4,36,29,55,45,3
56,9,19,20,50,60,51,4,36,29,55,45,3,13
9,19,20,50,60,51,4,36,29,55,45,3,13,50
19,20,50,60,51,4,36,29,55,45,3,13,50,41
20,50,60,51,4,36,29,55,45,3,13,50,41,36
50,60,51,4,36,29,55,45,3,13,50,41,36,56
60,51,4,36,29,55,45,3,13,50,41,36,56,33
51,4,36,29,55,45,3,13,50,41,36,56,33,35
4,36,29,55,45,3,13,50,41,36,56,33,35,59
36,29,55,45,3,13,50,41,36,56,33,35,59,36
29,55,45,3,13,50,41,36,56,33,35,59,36,9
55,45,3,13,50,41,36,56,33,35,59,36,9,18
45,3,13,50,41,36,56,33,35,59,36,9,18,24
3,13,50,41,36,56,33,35,59,36,9,18,24,47
13,50,41,36,56,33,35,59,36,9,18,24,47,11
50,41,36,56,33,35,59,36,9,18,24,47,11,3
41,36,56,33,35,59,36,9,18,24,47,11,3,27
36,56,33,35,59,36,9,18,24,47,11,3,27,32
56,33,35,59,36,9,18,24,47,11,3,27,32,13
33,35,59,36,9,18,24,47,11,3,27,32,13,2
35,59,36,9,18,24,47,11,3,27,32,13,2,42
59,36,9,18,24,47,11,3,27,32,13,2,42,8
36,9,18,24,47,11,3,27,32,13,2,42,8,49
9,18,24,47,11,3,27,32,13,2,42,8,49,48
18,24,47,11,3,27,32,13,2,42,8,49,48,38
24,47,11,3,27,32,13,2,42,8,49,48,38,39
47,11,3,27,32,13,2,42,8,49,48,38,39,49
11,3,27,32,13,2,42,8,49,48,38,39,49,11
3,27,32,13,2,42,8,49,48,38,39,49,11,24
27,32,13,2,42,8,49,48,38,39,49,11,24,17
32,13,2,42,8,49,48,38,39,49,11,24,17,46
13,2,42,8,49,48,38,39,49,11,24,17,46,21
2,42,8,49,48,38,39,49,11,24,17,46,21,46
42,8,49,48,38,39,49,11,24,17,46,21,46,6
8,49,48,38,39,49,11,24,17,46,21,46,6,22
49,48,38,39,49,11,24,17,46,21,46,6,22,13
48,38,39,49,11,24,17,46,21,46,6,22,13,31
38,39,49,11,24,17,46,21,46,6,22,13,31,55
39,49,11,24,17,46,21,46,6,22,13,31,55,52
49,11,24,17,46,21,46,6,22,13,31,55,52,26
11,24,17,46,21,46,6,22,13,31,55,52,26,19
24,17,46,21,46,6,22,13,31,55,52,26,19,1
17,46,21,46,6,22,13,31,55,52,26,19,1,24
46,21,46,6,22,13,31,55,52,26,19,1,24,16
21,46,6,22,13,31,55,52,26,19,1,24,16,15
46,6,22,13,31,55,52,26,19,1,24,16,15,37
6,22,13,31,55,52,26,19,1,24,16,15,37,3
22,13,31,55,52,26,19,1,24,16,15,37,3,35
13,31,55,52,26,19,1,24,16,15,37,3,35,47
31,55,52,26,19,1,24,16,15,37,3,35,47,12
55,52,26,19,1,24,16,15,37,3,35,47,12,17
52,26,19,1,24,16,15,37,3,35,47,12,17,28
26,19,1,24,16,15,37,3,35,47,12,17,28,53
19,1,24,16,15,37,3,35,47,12,17,28,53,6
1,24,16,15,37,3,35,47,12,17,28,53,6,10
24,16,15,37,3,35,47,12,17,28,53,6,10,50
16,15,37,3,35,47,12,17,28,53,6,10,50,25
15,37,3,35,47,12,17,28,53,6,10,50,25,17
37,3,35,47,12,17,28,53,6,10,50,25,17,16
3,35,47,12,17,28,53,6,10,50,25,17,16,54
35,47,12,17,28,53,6,10,50,25,17,16,54,2
47,12,17,28,53,6,10,50,25,17,16,54,2,37
12,17,28,53,6,10,50,25,17,16,54,2,37,27
17,28,53,6,10,50,25,17,16,54,2,37,27,44
28,53,6,10,50,25,17,16,54,2,37,27,44,30
53,6,10,50,25,17,16,54,2,37,27,44,30,38
6,10,50,25,17,16,54,2,37,27,44,30,38,23
10,50,25,17,16,54,2,37,27,44,30,38,23,58
50,25,17,16,54,2,37,27,44,30,38,23,58,19
25,17,16,54,2,37,27,44,30,38,23,58,19,12
17,16,54,2,37,27,44,30,38,23,58,19,12,22
16,54,2,37,27,44,30,38,23,58,19,12,22,2
54,2,37,27,44,30,38,23,58,19,12,22,2,36
2,37,27,44,30,38,23,58,19,12,22,2,36,52
37,27,44,30,38,23,58,19,12,22,2,36,52,25
27,44,30,38,23,58,19,12,22,2,36,52,25,42
44,30,38,23,58,19,12,22,2,36,52,25,42,45
30,38,23,58,19,12,22,2,36,52,25,42,45,35
38,23,58,19,12,22,2,36,52,25,42,45,35,57
23,58,19,12,22,2,36,52,25,42,45,35,57,20
58,19,12,22,2,36,52,25,42,45,35,57,20,13
19,12,22,2,36,52,25,42,45,35,57,20,13,40
12,22,2,36,52,25,42,45,35,57,20,13,40,10
22,2,36,52,25,42,45,35,57,20,13,40,10,53
2,36,52,25,42,45,35,57,20,13,40,10,53,44
36,52,25,42,45,35,57,20,13,40,10,53,44,50
52,25,42,45,35,57,20,13,40,10,53,44,50,35
25,42,45,35,57,20,13,40,10,53,44,50,35,32
42,45,35,57,20,13,40,10,53,44,50,35,32,26
45,35,57,20,13,40,10,53,44,50,35,32,26,2
35,57,20,13,40,10,53,44,50,35,32,26,2,24
57,20,13,40,10,53,44,50,35,32,26,2,24,59
20,13,40,10,53,44,50,35,32,26,2,24,59,44
13,40,10,53,44,50,35,32,26,2,24,59,44,54
40,10,53,44,50,35,32,26,2,24,59,44,54,37
10,53,44,50,35,32,26,2,24,59,44,54,37,27
53,44,50,35,32,26,2,24,59,44,54,37,27,12
44,50,35,32,26,2,24,59,44,54,37,27,12,38
50,35,32,26,2,24,59,44,54,37,27,12,38,29
35,32,26,2,24,59,44,54,37,27,12,38,29,43
32,26,2,24,59,44,54,37,27,12,38,29,43,13
26,2,24,59,44,54,37,27,12,38,29,43,13,7
2,24,59,44,54,37,27,12,38,29,43,13,7,2
24,59,44,54,37,27,12,38,29,43,13,7,2,10
59,44,54,37,27,12,38,29,43,13,7,2,10,26
44,54,37,27,12,38,29,43,13,7,2,10,26,29
54,37,27,12,38,29,43,13,7,2,10,26,29,38
37,27,12,38,29,43,13,7,2,10,26,29,38,32
27,12,38,29,43,13,7,2,10,26,29,38,32,21
12,38,29,43,13,7,2,10,26,29,38,32,21,32
38,29,43,13,7,2,10,26,29,38,32,21,32,24
29,43,13,7,2,10,26,29,38,32,21,32,24,16
43,13,7,2,10,26,29,38,32,21,32,24,16,38
13,7,2,10,26,29,38,32,21,32,24,16,38,5
7,2,10,26,29,38,32,21,32,24,16,38,5,46
2,10,26,29,38,32,21,32,24,16,38,5,46,2
10,26,29,38,32,21,32,24,16,38,5,46,2,27
26,29,38,32,21,32,24,16,38,5,46,2,27,59
29,38,32,21,32,24,16,38,5,46,2,27,59,49
38,32,21,32,24,16,38,5,46,2,27,59,49,4
32,21,32,24,16,38,5,46,2,27,59,49,4,5
21,32,24,16,38,5,46,2,27,59,49,4,5,47
32,24,16,38,5,46,2,27,59,49,4,5,47,11
24,16,38,5,46,2,27,59,49,4,5,47,11,8
16,38,5,46,2,27,59,49,4,5,47,11,8,49
38,5,46,2,27,59,49,4,5,47,11,8,49,3
5,46,2,27,59,49,4,5,47,11,8,49,3,4
46,2,27,59,49,4,5,47,11,8,49,3,4,46
2,27,59,49,4,5,47,11,8,49,3,4,46,60
27,59,49,4,5,47,11,8,49,3,4,46,60,58
59,49,4,5,47,11,8,49,3,4,46,60,58,36
49,4,5,47,11,8,49,3,4,46,60,58,36,40
4,5,47,11,8,49,3,4,46,60,58,36,40,3
5,47,11,8,49,3,4,46,60,58,36,40,3,52
47,11,8,49,3,4,46,60,58,36,40,3,52,39
11,8,49,3,4,46,60,58,36,40,3,52,39,7
8,49,3,4,46,60,58,36,40,3,52,39,7,27
49,3,4,46,60,58,36,40,3,52,39,7,27,55
3,4,46,60,58,36,40,3,52,39,7,27,55,57
4,46,60,58,36,40,3,52,39,7,27,55,57,21
46,60,58,36,40,3,52,39,7,27,55,57,21,33
60,58,36,40,3,52,39,7,27,55,57,21,33,28
58,36,40,3,52,39,7,27,55,57,21,33,28,31
36,40,3,52,39,7,27,55,57,21,33,28,31,43
40,3,52,39,7,27,55,57,21,33,28,31,43,6
3,52,39,7,27,55,57,21,33,28,31,43,6,25
52,39,7,27,55,57,21,33,28,31,43,6,25,28
39,7,27,55,57,21,33,28,31,43,6,25,28,53
7,27,55,57,21,33,28,31,43,6,25,28,53,45
27,55,57,21,33,28,31,43,6,25,28,53,45,14
55,57,21,33,28,31,43,6,25,28,53,45,14,58
57,21,33,28,31,43,6,25,28,53,45,14,58,53
21,33,28,31,43,6,25,28,53,45,14,58,53,49
33,28,31,43,6,25,28,53,45,14,58,53,49,21
28,31,43,6,25,28,53,45,14,58,53,49,21,11
31,43,6,25,28,53,45,14,58,53,49,21,11,54
43,6,25,28,53,45,14,58,53,49,21,11,54,9
6,25,28,53,45,14,58,53,49,21,11,54,9,25
25,28,53,45,14,58,53,49,21,11,54,9,25,5
28,53,45,14,58,53,49,21,11,54,9,25,5,13
53,45,14,58,53,49,21,11,54,9,25,5,13,12
45,14,58,53,49,21,11,54,9,25,5,13,12,35
14,58,53,49,21,11,54,9,25,5,13,12,35,2
58,53,49,21,11,54,9,25,5,13,12,35,2,18
53,49,21,11,54,9,25,5,13,12,35,2,18,17
49,21,11,54,9,25,5,13,12,35,2,18,17,59
21,11,54,9,25,5,13,12,35,2,18,17,59,2
11,54,9,25,5,13,12,35,2,18,17,59,2,54
54,9,25,5,13,12,35,2,18,17,59,2,54,5
9,25,5,13,12,35,2,18,17,59,2,54,5,45
25,5,13,12,35,2,18,17,59,2,54,5,45,5
5,13,12,35,2,18,17,59,2,54,5,45,5,36
13,12,35,2,18,17,59,2,54,5,45,5,36,12
12,35,2,18,17,59,2,54,5,45,5,36,12,50
35,2,18,17,59,2,54,5,45,5,36,12,50,58
2,18,17,59,2,54,5,45,5,36,12,50,58,52
18,17,59,2,54,5,45,5,36,12,50,58,52,14
17,59,2,54,5,45,5,36,12,50,58,52,14,3
59,2,54,5,45,5,36,12,50,58,52,14,3,60
2,54,5,45,5,36,12,50,58,52,14,3,60,57
54,5,45,5,36,12,50,58,52,14,3,60,57,55
5,45,5,36,12,50,58,52,14,3,60,57,55,44
45,5,36,12,50,58,52,14,3,60,57,55,44,30
5,36,12,50,58,52,14,3,60,57,55,44,30,27
36,12,50,58,52,14,3,60,57,55,44,30,27,11
12,50,58,52,14,3,60,57,55,44,30,27,11,40
50,58,52,14,3,60,57,55,44,30,27,11,40,57
58,52,14,3,60,57,55,44,30,27,11,40,57,17
52,14,3,60,57,55,44,30,27,11,40,57,17,27
14,3,60,57,55,44,30,27,11,40,57,17,27,55
3,60,57,55,44,30,27,11,40,57,17,27,55,13
60,57,55,44,30,27,11,40,57,17,27,55,13,5
57,55,44,30,27,11,40,57,17,27,55,13,5,16
55,44,30,27,11,40,57,17,27,55,13,5,16,9
44,30,27,11,40,57,17,27,55,13,5,16,9,55
30,27,11,40,57,17,27,55,13,5,16,9,55,23
27,11,40,57,17,27,55,13,5,16,9,55,23,44
11,40,57,17,27,55,13,5,16,9,55,23,44,7
40,57,17,27,55,13,5,16,9,55,23,44,7,46
57,17,27,55,13,5,16,9,55,23,44,7,46,56
17,27,55,13,5,16,9,55,23,44,7,46,56,18
27,55,13,5,16,9,55,23,44,7,46,56,18,31
55,13,5,16,9,55,23,44,7,46,56,18,31,2
13,5,16,9,55,23,44,7,46,56,18,31,2,30
5,16,9,55,23,44,7,46,56,18,31,2,30,45
16,9,55,23,44,7,46,56,18,31,2,30,45,42
9,55,23,44,7,46,56,18,31,2,30,45,42,37
55,23,44,7,46,56,18,31,2,30,45,42,37,35
23,44,7,46,56,18,31,2,30,45,42,37,35,27
44,7,46,56,18,31,2,30,45,42,37,35,27,59
7,46,56,18,31,2,30,45,42,37,35,27,59,36
46,56,18,31,2,30,45,42,37,35,27,59,36,39
56,18,31,2,30,45,42,37,35,27,59,36,39,56
18,31,2,30,45,42,37,35,27,59,36,39,56,28
31,2,30,45,42,37,35,27,59,36,39,56,28,12
2,30,45,42,37,35,27,59,36,39,56,28,12,51
30,45,42,37,35,27,59,36,39,56,28,12,51,38
45,42,37,35,27,59,36,39,56,28,12,51,38,43
42,37,35,27,59,36,39,56,28,12,51,38,43,27
37,35,27,59,36,39,56,28,12,51,38,43,27,18
35,27,59,36,39,56,28,12,51,38,43,27,18,52
27,59,36,39,56,28,12,51,38,43,27,18,52,50
59,36,39,56,28,12,51,38,43,27,18,52,50,32
36,39,56,28,12,51,38,43,27,18,52,50,32,54
39,56,28,12,51,38,43,27,18,52,50,32,54,31
56,28,12,51,38,43,27,18,52,50,32,54,31,50
28,12,51,38,43,27,18,52,50,32,54,31,50,43
12,51,38,43,27,18,52,50,32,54,31,50,43,29
51,38,43,27,18,52,50,32,54,31,50,43,29,22
38,43,27,18,52,50,32,54,31,50,43,29,22,1
43,27,18,52,50,32,54,31,50,43,29,22,1,44
27,18,52,50,32,54,31,50,43,29,22,1,44,39
18,52,50,32,54,31,50,43,29,22,1,44,39,16
52,50,32,54,31,50,43,29,22,1,44,39,16,57
50,32,54,31,50,43,29,22,1,44,39,16,57,28
32,54,31,50,43,29,22,1,44,39,16,57,28,29
54,31,50,43,29,22,1,44,39,16,57,28,29,27
31,50,43,29,22,1,44,39,16,57,28,29,27,19
50,43,29,22,1,44,39,16,57,28,29,27,19,4
43,29,22,1,44,39,16,57,28,29,27,19,4,28
29,22,1,44,39,16,57,28,29,27,19,4,28,31
22,1,44,39,16,57,28,29,27,19,4,28,31,19
1,44,39,16,57,28,29,27,19,4,28,31,19,7
44,39,16,57,28,29,27,19,4,28,31,19,7,12
39,16,57,28,29,27,19,4,28,31,19,7,12,34
16,57,28,29,27,19,4,28,31,19,7,12,34,53
57,28,29,27,19,4,28,31,19,7,12,34,53,40
28,29,27,19,4,28,31,19,7,12,34,53,40,43
29,27,19,4,28,31,19,7,12,34,53,40,43,8
27,19,4,28,31,19,7,12,34,53,40,43,8,2
19,4,28,31,19,7,12,34,53,40,43,8,2,28
4,28,31,19,7,12,34,53,40,43,8,2,28,33
28,31,19,7,12,34,53,40,43,8,2,28,33,12
31,19,7,12,34,53,40,43,8,2,28,33,12,44
19,7,12,34,53,40,43,8,2,28,33,12,44,28
7,12,34,53,40,43,8,2,28,33,12,44,28,18
12,34,53,40,43,8,2,28,33,12,44,28,18,24
34,53,40,43,8,2,28,33,12,44,28,18,24,4
53,40,43,8,2,28,33,12,44,28,18,24,4,39
40,43,8,2,28,33,12,44,28,18,24,4,39,11
43,8,2,28,33,12,44,28,18,24,4,39,11,35
8,2,28,33,12,44,28,18,24,4,39,11,35,16
2,28,33,12,44,28,18,24,4,39,11,35,16,46
28,33,12,44,28,18,24,4,39,11,35,16,46,24
33,12,44,28,18,24,4,39,11,35,16,46,24,50
12,44,28,18,24,4,39,11,35,16,46,24,50,5
44,28,18,24,4,39,11,35,16,46,24,50,5,44
28,18,24,4,39,11,35,16,46,24,50,5,44,11
18,24,4,39,11,35,16,46,24,50,5,44,11,19
24,4,39,11,35,16,46,24,50,5,44,11,19,17
4,39,11,35,16,46,24,50,5,44,11,19,17,48
39,11,35,16,46,24,50,5,44,11,19,17,48,52
11,35,16,46,24,50,5,44,11,19,17,48,52,48
35,16,46,24,50,5,44,11,19,17,48,52,48,54
16,46,24,50,5,44,11,19,17,48,52,48,54,58
46,24,50,5,44,11,19,17,48,52,48,54,58,55
24,50,5,44,11,19,17,48,52,48,54,58,55,29
50,5,44,11,19,17,48,52,48,54,58,55,29,15
5,44,11,19,17,48,52,48,54,58,55,29,15,56
44,11,19,17,48,52,48,54,58,55,29,15,56,3
11,19,17,48,52,48,54,58,55,29,15,56,3,27
19,17,48,52,48,54,58,55,29,15,56,3,27,4
17,48,52,48,54,58,55,29,15,56,3,27,4,7
48,52,48,54,58,55,29,15,56,3,27,4,7,42
52,48,54,58,55,29,15,56,3,27,4,7,42,51
48,54,58,55,29,15,56,3,27,4,7,42,51,14
54,58,55,29,15,56,3,27,4,7,42,51,14,40
58,55,29,15,56,3,27,4,7,42,51,14,40,32
55,29,15,56,3,27,4,7,42,51,14,40,32,33
29,15,56,3,27,4,7,42,51,14,40,32,33,39
15,56,3,27,4,7,42,51,14,40,32,33,39,43
56,3,27,4,7,42,51,14,40,32,33,39,43,60
3,27,4,7,42,51,14,40,32,33,39,43,60,57
27,4,7,42,51,14,40,32,33,39,43,60,57,34
4,7,42,51,14,40,32,33,39,43,60,57,34,56
7,42,51,14,40,32,33,39,43,60,57,34,56,34
42,51,14,40,32,33,39,43,60,57,34,56,34,26
51,14,40,32,33,39,43,60,57,34,56,34,26,9
14,40,32,33,39,43,60,57,34,56,34,26,9,43
40,32,33,39,43,60,57,34,56,34,26,9,43,54
32,33,39,43,60,57,34,56,34,26,9,43,54,53
33,39,43,60,57,34,56,34,26,9,43,54,53,12
39,43,60,57,34,56,34,26,9,43,54,53,12,11
43,60,57,34,56,34,26,9,43,54,53,12,11,54
60,57,34,56,34,26,9,43,54,53,12,11,54,33
57,34,56,34,26,9,43,54,53,12,11,54,33,48
34,56,34,26,9,43,54,53,12,11,54,33,48,25
56,34,26,9,43,54,53,12,11,54,33,48,25,38
34,26,9,43,54,53,12,11,54,33,48,25,38,10
26,9,43,54,53,12,11,54,33,48,25,38,10,27
9,43,54,53,12,11,54,33,48,25,38,10,27,2
43,54,53,12,11,54,33,48,25,38,10,27,2,21
54,53,12,11,54,33,48,25,38,10,27,2,21,9
53,12,11,54,33,48,25,38,10,27,2,21,9,16
12,11,54,33,48,25,38,10,27,2,21,9,16,39
11,54,33,48,25,38,10,27,2,21,9,16,39,13
54,33,48,25,38,10,27,2,21,9,16,39,13,26
33,48,25,38,10,27,2,21,9,16,39,13,26,42
48,25,38,10,27,2,21,9,16,39,13,26,42,20
25,38,10,27,2,21,9,16,39,13,26,42,20,7
38,10,27,2,21,9,16,39,13,26,42,20,7,32
10,27,2,21,9,16,39,13,26,42,20,7,32,31
27,2,21,9,16,39,13,26,42,20,7,32,31,51
2,21,9,16,39,13,26,42,20,7,32,31,51,27
21,9,16,39,13,26,42,20,7,32,31,51,27,8
9,16,39,13,26,42,20,7,32,31,51,27,8,14
16,39,13,26,42,20,7,32,31,51,27,8,14,17
39,13,26,42,20,7,32,31,51,27,8,14,17,32
13,26,42,20,7,32,31,51,27,8,14,17,32,37
26,42,20,7,32,31,51,27,8,14,17,32,37,39
42,20,7,32,31,51,27,8,14,17,32,37,39,3
20,7,32,31,51,27,8,14,17,32,37,39,3,7
7,32,31,51,27,8,14,17,32,37,39,3,7,10
32,31,51,27,8,14,17,32,37,39,3,7,10,38
31,51,27,8,14,17,32,37,39,3,7,10,38,17
51,27,8,14,17,32,37,39,3,7,10,38,17,24
27,8,14,17,32,37,39,3,7,10,38,17,24,57
8,14,17,32,37,39,3,7,10,38,17,24,57,53
14,17,32,37,39,3,7,10,38,17,24,57,53,42
17,32,37,39,3,7,10,38,17,24,57,53,42,31
32,37,39,3,7,10,38,17,24,57,53,42,31,43
37,39,3,7,10,38,17,24,57,53,42,31,43,29
39,3,7,10,38,17,24,57,53,42,31,43,29,18
3,7,10,38,17,24,57,53,42,31,43,29,18,43
7,10,38,17,24,57,53,42,31,43,29,18,43,39
10,38,17,24,57,53,42,31,43,29,18,43,39,20
38,17,24,57,53,42,31,43,29,18,43,39,20,19
17,24,57,53,42,31,43,29,18,43,39,20,19,24
24,57,53,42,31,43,29,18,43,39,20,19,24,4
57,53,42,31,43,29,18,43,39,20,19,24,4,50
53,42,31,43,29,18,43,39,20,19,24,4,50,6
42,31,43,29,18,43,39,20,19,24,4,50,6,47
31,43,29,18,43,39,20,19,24,4,50,6,47,58
43,29,18,43,39,20,19,24,4,50,6,47,58,26
29,18,43,39,20,19,24,4,50,6,47,58,26,19
18,43,39,20,19,24,4,50,6,47,58,26,19,54
43,39,20,19,24,4,50,6,47,58,26,19,54,29
39,20,19,24,4,50,6,47,58,26,19,54,29,18
20,19,24,4,50,6,47,58,26,19,54,29,18,42
19,24,4,50,6,47,58,26,19,54,29,18,42,40
24,4,50,6,47,58,26,19,54,29,18,42,40,50
4,50,6,47,58,26,19,54,29,18,42,40,50,32
50,6,47,58,26,19,54,29,18,42,40,50,32,44
6,47,58,26,19,54,29,18,42,40,50,32,44,12
47,58,26,19,54,29,18,42,40,50,32,44,12,8
58,26,19,54,29,18,42,40,50,32,44,12,8,48
26,19,54,29,18,42,40,50,32,44,12,8,48,46
19,54,29,18,42,40,50,32,44,12,8,48,46,6
54,29,18,42,40,50,32,44,12,8,48,46,6,8
29,18,42,40,50,32,44,12,8,48,46,6,8,37
18,42,40,50,32,44,12,8,48,46,6,8,37,24
42,40,50,32,44,12,8,48,46,6,8,37,24,45
40,50,32,44,12,8,48,46,6,8,37,24,45,41
50,32,44,12,8,48,46,6,8,37,24,45,41,54
32,44,12,8,48,46,6,8,37,24,45,41,54,33
44,12,8,48,46,6,8,37,24,45,41,54,33,13
12,8,48,46,6,8,37,24,45,41,54,33,13,55
8,48,46,6,8,37,24,45,41,54,33,13,55,45
48,46,6,8,37,24,45,41,54,33,13,55,45,15
46,6,8,37,24,45,41,54,33,13,55,45,15,44
6,8,37,24,45,41,54,33,13,55,45,15,44,49
8,37,24,45,41,54,33,13,55,45,15,44,49,57
37,24,45,41,54,33,13,55,45,15,44,49,57,37
24,45,41,54,33,13,55,45,15,44,49,57,37,21
45,41,54,33,13,55,45,15,44,49,57,37,21,46
41,54,33,13,55,45,15,44,49,57,37,21,46,51
54,33,13,55,45,15,44,49,57,37,21,46,51,49
33,13,55,45,15,44,49,57,37,21,46,51,49,46
13,55,45,15,44,49,57,37,21,46,51,49,46,40
55,45,15,44,49,57,37,21,46,51,49,46,40,36
45,15,44,49,57,37,21,46,51,49,46,40,36,26
15,44,49,57,37,21,46,51,49,46,40,36,26,49
44,49,57,37,21,46,51,49,46,40,36,26,49,3
49,57,37,21,46,51,49,46,40,36,26,49,3,19
57,37,21,46,51,49,46,40,36,26,49,3,19,35
37,21,46,51,49,46,40,36,26,49,3,19,35,22
21,46,51,49,46,40,36,26,49,3,19,35,22,24
46,51,49,46,40,36,26,49,3,19,35,22,24,12
51,49,46,40,36,26,49,3,19,35,22,24,12,56
49,46,40,36,26,49,3,19,35,22,24,12,56,5
46,40,36,26,49,3,19,35,22,24,12,56,5,52
40,36,26,49,3,19,35,22,24,12,56,5,52,45
36,26,49,3,19,35,22,24,12,56,5,52,45,59
26,49,3,19,35,22,24,12,56,5,52,45,59,7
49,3,19,35,22,24,12,56,5,52,45,59,7,8
3,19,35,22,24,12,56,5,52,45,59,7,8,10
19,35,22,24,12,56,5,52,45,59,7,8,10,27
35,22,24,12,56,5,52,45,59,7,8,10,27,12
22,24,12,56,5,52,45,59,7,8,10,27,12,56
24,12,56,5,52,45,59,7,8,10,27,12,56,52
12,56,5,52,45,59,7,8,10,27,12,56,52,21
56,5,52,45,59,7,8,10,27,12,56,52,21,48
5,52,45,59,7,8,10,27,12,56,52,21,48,58
52,45,59,7,8,10,27,12,56,52,21,48,58,30
45,59,7,8,10,27,12,56,52,21,48,58,30,17
59,7,8,10,27,12,56,52,21,48,58,30,17,45
7,8,10,27,12,56,52,21,48,58,30,17,45,16
8,10,27,12,56,52,21,48,58,30,17,45,16,18
10,27,12,56,52,21,48,58,30,17,45,16,18,11
27,12,56,52,21,48,58,30,17,45,16,18,11,36
12,56,52,21,48,58,30,17,45,16,18,11,36,2
56,52,21,48,58,30,17,45,16,18,11,36,2,31
52,21,48,58,30,17,45,16,18,11,36,2,31,39
21,48,58,30,17,45,16,18,11,36,2,31,39,59
48,58,30,17,45,16,18,11,36,2,31,39,59,19
58,30,17,45,16,18,11,36,2,31,39,59,19,53
30,17,45,16,18,11,36,2,31,39,59,19,53,44
17,45,16,18,11,36,2,31,39,59,19,53,44,17
45,16,18,11,36,2,31,39,59,19,53,44,17,44
16,18,11,36,2,31,39,59,19,53,44,17,44,2
18,11,36,2,31,39,59,19,53,44,17,44,2,5
11,36,2,31,39,59,19,53,44,17,44,2,5,13
36,2,31,39,59,19,53,44,17,44,2,5,13,39
2,31,39,59,19,53,44,17,44,2,5,13,39,43
31,39,59,19,53,44,17,44,2,5,13,39,43,8
39,59,19,53,44,17,44,2,5,13,39,43,8,21
59,19,53,44,17,44,2,5,13,39,43,8,21,27
19,53,44,17,44,2,5,13,39,43,8,21,27,3
53,44,17,44,2,5,13,39,43,8,21,27,3,25
44,17,44,2,5,13,39,43,8,21,27,3,25,60
17,44,2,5,13,39,43,8,21,27,3,25,60,38
44,2,5,13,39,43,8,21,27,3,25,60,38,29
2,5,13,39,43,8,21,27,3,25,60,38,29,3
5,13,39,43,8,21,27,3,25,60,38,29,3,7
13,39,43,8,21,27,3,25,60,38,29,3,7,15
39,43,8,21,27,3,25,60,38,29,3,7,15,7
43,8,21,27,3,25,60,38,29,3,7,15,7,29
8,21,27,3,25,60,38,29,3,7,15,7,29,50
21,27,3,25,60,38,29,3,7,15,7,29,50,16
27,3,25,60,38,29,3,7,15,7,29,50,16,38
3,25,60,38,29,3,7,15,7,29,50,16,38,36
25,60,38,29,3,7,15,7,29,50,16,38,36,24
60,38,29,3,7,15,7,29,50,16,38,36,24,44
38,29,3,7,15,7,29,50,16,38,36,24,44,6
29,3,7,15,7,29,50,16,38,36,24,44,6,15
3,7,15,7,29,50,16,38,36,24,44,6,15,18
7,15,7,29,50,16,38,36,24,44,6,15,18,30
15,7,29,50,16,38,36,24,44,6,15,18,30,47
7,29,50,16,38,36,24,44,6,15,18,30,47,44
29,50,16,38,36,24,44,6,15,18,30,47,44,53
50,16,38,36,24,44,6,15,18,30,47,44,53,56
16,38,36,24,44,6,15,18,30,47,44,53,56,8
38,36,24,44,6,15,18,30,47,44,53,56,8,39
36,24,44,6,15,18,30,47,44,53,56,8,39,15
24,44,6,15,18,30,47,44,53,56,8,39,15,55
44,6,15,18,30,47,44,53,56,8,39,15,55,37
6,15,18,30,47,44,53,56,8,39,15,55,37,34
15,18,30,47,44,53,56,8,39,15,55,37,34,19
18,30,47,44,53,56,8,39,15,55,37,34,19,7
30,47,44,53,56,8,39,15,55,37,34,19,7,9
47,44,53,56,8,39,15,55,37,34,19,7,9,22
44,53,56,8,39,15,55,37,34,19,7,9,22,60
53,56,8,39,15,55,37,34,19,7,9,22,60,48
56,8,39,15,55,37,34,19,7,9,22,60,48,12
8,39,15,55,37,34,19,7,9,22,60,48,12,39
39,15,55,37,34,19,7,9,22,60,48,12,39,19
15,55,37,34,19,7,9,22,60,48,12,39,19,2
55,37,34,19,7,9,22,60,48,12,39,19,2,30
37,34,19,7,9,22,60,48,12,39,19,2,30,46
34,19,7,9,22,60,48,12,39,19,2,30,46,22
19,7,9,22,60,48,12,39,19,2,30,46,22,52
7,9,22,60,48,12,39,19,2,30,46,22,52,33
9,22,60,48,12,39,19,2,30,46,22,52,33,54
22,60,48,12,39,19,2,30,46,22,52,33,54,40
60,48,12,39,19,2,30,46,22,52,33,54,40,5
48,12,39,19,2,30,46,22,52,33,54,40,5,9
12,39,19,2,30,46,22,52,33,54,40,5,9,13
39,19,2,30,46,22,52,33,54,40,5,9,13,16
19,2,30,46,22,52,33,54,40,5,9,13,16,24
2,30,46,22,52,33,54,40,5,9,13,16,24,25
30,46,22,52,33,54,40,5,9,13,16,24,25,45
46,22,52,33,54,40,5,9,13,16,24,25,45,59
22,52,33,54,40,5,9,13,16,24,25,45,59,42
52,33,54,40,5,9,13,16,24,25,45,59,42,14
33,54,40,5,9,13,16,24,25,45,59,42,14,46
54,40,5,9,13,16,24,25,45,59,42,14,46,40
40,5,9,13,16,24,25,45,59,42,14,46,40,13
5,9,13,16,24,25,45,59,42,14,46,40,13,4
9,13,16,24,25,45,59,42,14,46,40,13,4,52
13,16,24,25,45,59,42,14,46,40,13,4,52,3
16,24,25,45,59,42,14,46,40,13,4,52,3,34
24,25,45,59,42,14,46,40,13,4,52,3,34,58
25,45,59,42,14,46,40,13,4,52,3,34,58,22
45,59,42,14,46,40,13,4,52,3,34,58,22,18
59,42,14,46,40,13,4,52,3,34,58,22,18,55
42,14,46,40,13,4,52,3,34,58,22,18,55,45
14,46,40,13,4,52,3,34,58,22,18,55,45,47
46,40,13,4,52,3,34,58,22,18,55,45,47,50
40,13,4,52,3,34,58,22,18,55,45,47,50,52
13,4,52,3,34,58,22,18,55,45,47,50,52,15
4,52,3,34,58,22,18,55,45,47,50,52,15,4
52,3,34,58,22,18,55,45,47,50,52,15,4,1
3,34,58,22,18,55,45,47,50,52,15,4,1,23
34,58,22,18,55,45,47,50,52,15,4,1,23,13
58,22,18,55,45,47,50,52,15,4,1,23,13,30
22,18,55,45,47,50,52,15,4,1,23,13,30,24
18,55,45,47,50,52,15,4,1,23,13,30,24,57
55,45,47,50,52,15,4,1,23,13,30,24,57,48
45,47,50,52,15,4,1,23,13,30,24,57,48,37
47,50,52,15,4,1,23,13,30,24,57,48,37,26
50,52,15,4,1,23,13,30,24,57,48,37,26,22
52,15,4,1,23,13,30,24,57,48,37,26,22,38
15,4,1,23,13,30,24,57,48,37,26,22,38,23
4,1,23,13,30,24,57,48,37,26,22,38,23,49
1,23,13,30,24,57,48,37,26,22,38,23,49,7
23,13,30,24,57,48,37,26,22,38,23,49,7,33
13,30,24,57,48,37,26,22,38,23,49,7,33,31
30,24,57,48,37,26,22,38,23,49,7,33,31,36
24,57,48,37,26,22,38,23,49,7,33,31,36,14
57,48,37,26,22,38,23,49,7,33,31,36,14,35
48,37,26,22,38,23,49,7,33,31,36,14,35,55
37,26,22,38,23,49,7,33,31,36,14,35,55,2
26,22,38,23,49,7,33,31,36,14,35,55,2,43
22,38,23,49,7,33,31,36,14,35,55,2,43,34
38,23,49,7,33,31,36,14,35,55,2,43,34,42
23,49,7,33,31,36,14,35,55,2,43,34,42,6
49,7,33,31,36,14,35,55,2,43,34,42,6,28
7,33,31,36,14,35,55,2,43,34,42,6,28,56
33,31,36,14,35,55,2,43,34,42,6,28,56,2
31,36,14,35,55,2,43,34,42,6,28,56,2,36
36,14,35,55,2,43,34,42,6,28,56,2,36,51
14,35,55,2,43,34,42,6,28,56,2,36,51,56
35,55,2,43,34,42,6,28,56,2,36,51,56,29
55,2,43,34,42,6,28,56,2,36,51,56,29,53
2,43,34,42,6,28,56,2,36,51,56,29,53,36
43,34,42,6,28,56,2,36,51,56,29,53,36,38
34,42,6,28,56,2,36,51,56,29,53,36,38,17
42,6,28,56,2,36,51,56,29,53,36,38,17,12
6,28,56,2,36,51,56,29,53,36,38,17,12,20
28,56,2,36,51,56,29,53,36,38,17,12,20,13
56,2,36,51,56,29,53,36,38,17,12,20,13,49
2,36,51,56,29,53,36,38,17,12,20,13,49,34
36,51,56,29,53,36,38,17,12,20,13,49,34,30
51,56,29,53,36,38,17,12,20,13,49,34,30,52
56,29,53,36,38,17,12,20,13,49,34,30,52,32
29,53,36,38,17,12,20,13,49,34,30,52,32,12
53,36,38,17,12,20,13,49,34,30,52,32,12,54
36,38,17,12,20,13,49,34,30,52,32,12,54,20
38,17,12,20,13,49,34,30,52,32,12,54,20,48
17,12,20,13,49,34,30,52,32,12,54,20,48,2
12,20,13,49,34,30,52,32,12,54,20,48,2,5
20,13,49,34,30,52,32,12,54,20,48,2,5,55
13,49,34,30,52,32,12,54,20,48,2,5,55,28
49,34,30,52,32,12,54,20,48,2,5,55,28,27
34,30,52,32,12,54,20,48,2,5,55,28,27,48
30,52,32,12,54,20,48,2,5,55,28,27,48,41
52,32,12,54,20,48,2,5,55,28,27,48,41,32
32,12,54,20,48,2,5,55,28,27,48,41,32,19
12,54,20,48,2,5,55,28,27,48,41,32,19,58
54,20,48,2,5,55,28,27,48,41,32,19,58,5
20,48,2,5,55,28,27,48,41,32,19,58,5,49
48,2,5,55,28,27,48,41,32,19,58,5,49,13
2,5,55,28,27,48,41,32,19,58,5,49,13,32
5,55,28,27,48,41,32,19,58,5,49,13,32,6
55,28,27,48,41,32,19,58,5,49,13,32,6,51
28,27,48,41,32,19,58,5,49,13,32,6,51,40
27,48,41,32,19,58,5,49,13,32,6,51,40,24
48,41,32,19,58,5,49,13,32,6,51,40,24,1
41,32,19,58,5,49,13,32,6,51,40,24,1,41
32,19,58,5,49,13,32,6,51,40,24,1,41,28
19,58,5,49,13,32,6,51,40,24,1,41,28,33
58,5,49,13,32,6,51,40,24,1,41,28,33,39
5,49,13,32,6,51,40,24,1,41,28,33,39,19
49,13,32,6,51,40,24,1,41,28,33,39,19,25
13,32,6,51,40,24,1,41,28,33,39,19,25,29
32,6,51,40,24,1,41,28,33,39,19,25,29,36
6,51,40,24,1,41,28,33,39,19,25,29,36,1
51,40,24,1,41,28,33,39,19,25,29,36,1,56
40,24,1,41,28,33,39,19,25,29,36,1,56,60
24,1,41,28,33,39,19,25,29,36,1,56,60,2
1,41,28,33,39,19,25,29,36,1,56,60,2,18
41,28,33,39,19,25,29,36,1,56,60,2,18,30
28,33,39,19,25,29,36,1,56,60,2,18,30,56
33,39,19,25,29,36,1,56,60,2,18,30,56,52
39,19,25,29,36,1,56,60,2,18,30,56,52,6
19,25,29,36,1,56,60,2,18,30,56,52,6,27
25,29,36,1,56,60,2,18,30,56,52,6,27,45
29,36,1,56,60,2,18,30,56,52,6,27,45,44
36,1,56,60,2,18,30,56,52,6,27,45,44,26
1,56,60,2,18,30,56,52,6,27,45,44,26,38
56,60,2,18,30,56,52,6,27,45,44,26,38,31
60,2,18,30,56,52,6,27,45,44,26,38,31,57
2,18,30,56,52,6,27,45,44,26,38,31,57,10
18,30,56,52,6,27,45,44,26,38,31,57,10,33
30,56,52,6,27,45,44,26,38,31,57,10,33,2
56,52,6,27,45,44,26,38,31,57,10,33,2,11
52,6,27,45,44,26,38,31,57,10,33,2,11,52
6,27,45,44,26,38,31,57,10,33,2,11,52,50
27,45,44,26,38,31,57,10,33,2,11,52,50,57
45,44,26,38,31,57,10,33,2,11,52,50,57,58
44,26,38,31,57,10,33,2,11,52,50,57,58,28
26,38,31,57,10,33,2,11,52,50,57,58,28,2
38,31,57,10,33,2,11,52,50,57,58,28,2,14
31,57,10,33,2,11,52,50,57,58,28,2,14,47
57,10,33,2,11,52,50,57,58,28,2,14,47,32
10,33,2,11,52,50,57,58,28,2,14,47,32,25
33,2,11,52,50,57,58,28,2,14,47,32,25,57
2,11,52,50,57,58,28,2,14,47,32,25,57,6
11,52,50,57,58,28,2,14,47,32,25,57,6,13
52,50,57,58,28,2,14,47,32,25,57,6,13,27
50,57,58,28,2,14,47,32,25,57,6,13,27,52
57,58,28,2,14,47,32,25,57,6,13,27,52,41
58,28,2,14,47,32,25,57,6,13,27,52,41,29
28,2,14,47,32,25,57,6,13,27,52,41,29,4
2,14,47,32,25,57,6,13,27,52,41,29,4,48
14,47,32,25,57,6,13,27,52,41,29,4,48,33
47,32,25,57,6,13,27,52,41,29,4,48,33,14
32,25,57,6,13,27,52,41,29,4,48,33,14,52
25,57,6,13,27,52,41,29,4,48,33,14,52,36
57,6,13,27,52,41,29,4,48,33,14,52,36,32
6,13,27,52,41,29,4,48,33,14,52,36,32,41
13,27,52,41,29,4,48,33,14,52,36,32,41,36
27,52,41,29,4,48,33,14,52,36,32,41,36,6
52,41,29,4,48,33,14,52,36,32,41,36,6,40
41,29,4,48,33,14,52,36,32,41,36,6,40,14
29,4,48,33,14,52,36,32,41,36,6,40,14,8
4,48,33,14,52,36,32,41,36,6,40,14,8,26
48,33,14,52,36,32,41,36,6,40,14,8,26,34
33,14,52,36,32,41,36,6,40,14,8,26,34,16
14,52,36,32,41,36,6,40,14,8,26,34,16,46
52,36,32,41,36,6,40,14,8,26,34,16,46,15
36,32,41,36,6,40,14,8,26,34,16,46,15,42
32,41,36,6,40,14,8,26,34,16,46,15,42,59
41,36,6,40,14,8,26,34,16,46,15,42,59,2
36,6,40,14,8,26,34,16,46,15,42,59,2,16
6,40,14,8,26,34,16,46,15,42,59,2,16,4
40,14,8,26,34,16,46,15,42,59,2,16,4,44
14,8,26,34,16,46,15,42,59,2,16,4,44,33
8,26,34,16,46,15,42,59,2,16,4,44,33,51
26,34,16,46,15,42,59,2,16,4,44,33,51,2
34,16,46,15,42,59,2,16,4,44,33,51,2,6
16,46,15,42,59,2,16,4,44,33,51,2,6,35
46,15,42,59,2,16,4,44,33,51,2,6,35,30
15,42,59,2,16,4,44,33,51,2,6,35,30,52
42,59,2,16,4,44,33,51,2,6,35,30,52,34
59,2,16,4,44,33,51,2,6,35,30,52,34,50
2,16,4,44,33,51,2,6,35,30,52,34,50,52
16,4,44,33,51,2,6,35,30,52,34,50,52,14
4,44,33,51,2,6,35,30,52,34,50,52,14,4
44,33,51,2,6,35,30,52,34,50,52,14,4,27
33,51,2,6,35,30,52,34,50,52,14,4,27,38
51,2,6,35,30,52,34,50,52,14,4,27,38,44
2,6,35,30,52,34,50,52,14,4,27,38,44,31
6,35,30,52,34,50,52,14,4,27,38,44,31,49
35,30,52,34,50,52,14,4,27,38,44,31,49,54
30,52,34,50,52,14,4,27,38,44,31,49,54,36
52,34,50,52,14,4,27,38,44,31,49,54,36,47
34,50,52,14,4,27,38,44,31,49,54,36,47,5
50,52,14,4,27,38,44,31,49,54,36,47,5,9
52,14,4,27,38,44,31,49,54,36,47,5,9,25
14,4,27,38,44,31,49,54,36,47,5,9,25,40
4,27,38,44,31,49,54,36,47,5,9,25,40,38
27,38,44,31,49,54,36,47,5,9,25,40,38,27
38,44,31,49,54,36,47,5,9,25,40,38,27,40
44,31,49,54,36,47,5,9,25,40,38,27,40,22
31,49,54,36,47,5,9,25,40,38,27,40,22,13
49,54,36,47,5,9,25,40,38,27,40,22,13,29
54,36,47,5,9,25,40,38,27,40,22,13,29,48
36,47,5,9,25,40,38,27,40,22,13,29,48,28
47,5,9,25,40,38,27,40,22,13,29,48,28,59
5,9,25,40,38,27,40,22,13,29,48,28,59,2
9,25,40,38,27,40,22,13,29,48,28,59,2,54
25,40,38,27,40,22,13,29,48,28,59,2,54,32
40,38,27,40,22,13,29,48,28,59,2,54,32,24
38,27,40,22,13,29,48,28,59,2,54,32,24,50
27,40,22,13,29,48,28,59,2,54,32,24,50,11
40,22,13,29,48,28,59,2,54,32,24,50,11,6
22,13,29,48,28,59,2,54,32,24,50,11,6,53
13,29,48,28,59,2,54,32,24,50,11,6,53,44
29,48,28,59,2,54,32,24,50,11,6,53,44,16
48,28,59,2,54,32,24,50,11,6,53,44,16,26
28,59,2,54,32,24,50,11,6,53,44,16,26,4
59,2,54,32,24,50,11,6,53,44,16,26,4,13
2,54,32,24,50,11,6,53,44,16,26,4,13,51
54,32,24,50,11,6,53,44,16,26,4,13,51,37
32,24,50,11,6,53,44,16,26,4,13,51,37,6
24,50,11,6,53,44,16,26,4,13,51,37,6,34
50,11,6,53,44,16,26,4,13,51,37,6,34,41
11,6,53,44,16,26,4,13,51,37,6,34,41,53
6,53,44,16,26,4,13,51,37,6,34,41,53,26
53,44,16,26,4,13,51,37,6,34,41,53,26,23
44,16,26,4,13,51,37,6,34,41,53,26,23,52
16,26,4,13,51,37,6,34,41,53,26,23,52,24
26,4,13,51,37,6,34,41,53,26,23,52,24,2
4,13,51,37,6,34,41,53,26,23,52,24,2,20
13,51,37,6,34,41,53,26,23,52,24,2,20,37
51,37,6,34,41,53,26,23,52,24,2,20,37,19
37,6,34,41,53,26,23,52,24,2,20,37,19,1
6,34,41,53,26,23,52,24,2,20,37,19,1,10
34,41,53,26,23,52,24,2,20,37,19,1,10,4
41,53,26,23,52,24,2,20,37,19,1,10,4,56
53,26,23,52,24,2,20,37,19,1,10,4,56,54
26,23,52,24,2,20,37,19,1,10,4,56,54,13
23,52,24,2,20,37,19,1,10,4,56,54,13,35
52,24,2,20,37,19,1,10,4,56,54,13,35,58
24,2,20,37,19,1,10,4,56,54,13,35,58,2
2,20,37,19,1,10,4,56,54,13,35,58,2,34
20,37,19,1,10,4,56,54,13,35,58,2,34,51
37,19,1,10,4,56,54,13,35,58,2,34,51,36
19,1,10,4,56,54,13,35,58,2,34,51,36,38
1,10,4,56,54,13,35,58,2,34,51,36,38,55
10,4,56,54,13,35,58,2,34,51,36,38,55,58
4,56,54,13,35,58,2,34,51,36,38,55,58,33
56,54,13,35,58,2,34,51,36,38,55,58,33,36
54,13,35,58,2,34,51,36,38,55,58,33,36,40
13,35,58,2,34,51,36,38,55,58,33,36,40,25
35,58,2,34,51,36,38,55,58,33,36,40,25,10
58,2,34,51,36,38,55,58,33,36,40,25,10,12
2,34,51,36,38,55,58,33,36,40,25,10,12,23
34,51,36,38,55,58,33,36,40,25,10,12,23,25
51,36,38,55,58,33,36,40,25,10,12,23,25,18
36,38,55,58,33,36,40,25,10,12,23,25,18,45
38,55,58,33,36,40,25,10,12,23,25,18,45,50
55,58,33,36,40,25,10,12,23,25,18,45,50,60
58,33,36,40,25,10,12,23,25,18,45,50,60,12
33,36,40,25,10,12,23,25,18,45,50,60,12,57
36,40,25,10,12,23,25,18,45,50,60,12,57,58
40,25,10,12,23,25,18,45,50,60,12,57,58,33
25,10,12,23,25,18,45,50,60,12,57,58,33,2
10,12,23,25,18,45,50,60,12,57,58,33,2,2
12,23,25,18,45,50,60,12,57,58,33,2,2,43
23,25,18,45,50,60,12,57,58,33,2,2,43,11
25,18,45,50,60,12,57,58,33,2,2,43,11,1
18,45,50,60,12,57,58,33,2,2,43,11,1,3
45,50,60,12,57,58,33,2,2,43,11,1,3,28
50,60,12,57,58,33,2,2,43,11,1,3,28,13
60,12,57,58,33,2,2,43,11,1,3,28,13,12
12,57,58,33,2,2,43,11,1,3,28,13,12,51
57,58,33,2,2,43,11,1,3,28,13,12,51,37
58,33,2,2,43,11,1,3,28,13,12,51,37,48
33,2,2,43,11,1,3,28,13,12,51,37,48,44
2,2,43,11,1,3,28,13,12,51,37,48,44,26
2,43,11,1,3,28,13,12,51,37,48,44,26,10
43,11,1,3,28,13,12,51,37,48,44,26,10,4
11,1,3,28,13,12,51,37,48,44,26,10,4,37
1,3,28,13,12,51,37,48,44,26,10,4,37,47
3,28,13,12,51,37,48,44,26,10,4,37,47,57
28,13,12,51,37,48,44,26,10,4,37,47,57,50
13,12,51,37,48,44,26,10,4,37,47,57,50,59
12,51,37,48,44,26,10,4,37,47,57,50,59,56
51,37,48,44,26,10,4,37,47,57,50,59,56,46
37,48,44,26,10,4,37,47,57,50,59,56,46,3
48,44,26,10,4,37,47,57,50,59,56,46,3,4
44,26,10,4,37,47,57,50,59,56,46,3,4,10
26,10,4,37,47,57,50,59,56,46,3,4,10,40
10,4,37,47,57,50,59,56,46,3,4,10,40,27
4,37,47,57,50,59,56,46,3,4,10,40,27,47
37,47,57,50,59,56,46,3,4,10,40,27,47,55
47,57,50,59,56,46,3,4,10,40,27,47,55,37
57,50,59,56,46,3,4,10,40,27,47,55,37,57
50,59,56,46,3,4,10,40,27,47,55,37,57,21
59,56,46,3,4,10,40,27,47,55,37,57,21,54
56,46,3,4,10,40,27,47,55,37,57,21,54,48
46,3,4,10,40,27,47,55,37,57,21,54,48,50
3,4,10,40,27,47,55,37,57,21,54,48,50,60
4,10,40,27,47,55,37,57,21,54,48,50,60,9
10,40,27,47,55,37,57,21,54,48,50,60,9,14
40,27,47,55,37,57,21,54,48,50,60,9,14,26
27,47,55,37,57,21,54,48,50,60,9,14,26,36
47,55,37,57,21,54,48,50,60,9,14,26,36,52
55,37,57,21,54,48,50,60,9,14,26,36,52,21
37,57,21,54,48,50,60,9,14,26,36,52,21,40
57,21,54,48,50,60,9,14,26,36,52,21,40,27
21,54,48,50,60,9,14,26,36,52,21,40,27,55
54,48,50,60,9,14,26,36,52,21,40,27,55,17
48,50,60,9,14,26,36,52,21,40,27,55,17,28
50,60,9,14,26,36,52,21,40,27,55,17,28,44
60,9,14,26,36,52,21,40,27,55,17,28,44,11
9,14,26,36,52,21,40,27,55,17,28,44,11,9
14,26,36,52,21,40,27,55,17,28,44,11,9,6
26,36,52,21,40,27,55,17,28,44,11,9,6,34
36,52,21,40,27,55,17,28,44,11,9,6,34,41
52,21,40,27,55,17,28,44,11,9,6,34,41,53
21,40,27,55,17,28,44,11,9,6,34,41,53,55
40,27,55,17,28,44,11,9,6,34,41,53,55,53
27,55,17,28,44,11,9,6,34,41,53,55,53,1
55,17,28,44,11,9,6,34,41,53,55,53,1,35
17,28,44,11,9,6,34,41,53,55,53,1,35,56
28,44,11,9,6,34,41,53,55,53,1,35,56,39
44,11,9,6,34,41,53,55,53,1,35,56,39,49
11,9,6,34,41,53,55,53,1,35,56,39,49,29
9,6,34,41,53,55,53,1,35,56,39,49,29,17
6,34,41,53,55,53,1,35,56,39,49,29,17,53
34,41,53,55,53,1,35,56,39,49,29,17,53,20
41,53,55,53,1,35,56,39,49,29,17,53,20,24
53,55,53,1,35,56,39,49,29,17,53,20,24,30
55,53,1,35,56,39,49,29,17,53,20,24,30,59
53,1,35,56,39,49,29,17,53,20,24,30,59,27
1,35,56,39,49,29,17,53,20,24,30,59,27,36
35,56,39,49,29,17,53,20,24,30,59,27,36,4
56,39,49,29,17,53,20,24,30,59,27,36,4,54
39,49,29,17,53,20,24,30,59,27,36,4,54,10
49,29,17,53,20,24,30,59,27,36,4,54,10,1
29,17,53,20,24,30,59,27,36,4,54,10,1,34
17,53,20,24,30,59,27,36,4,54,10,1,34,54
53,20,24,30,59,27,36,4,54,10,1,34,54,6
20,24,30,59,27,36,4,54,10,1,34,54,6,40
24,30,59,27,36,4,54,10,1,34,54,6,40,4
30,59,27,36,4,54,10,1,34,54,6,40,4,17
59,27,36,4,54,10,1,34,54,6,40,4,17,23
27,36,4,54,10,1,34,54,6,40,4,17,23,28
36,4,54,10,1,34,54,6,40,4,17,23,28,9
4,54,10,1,34,54,6,40,4,17,23,28,9,53
54,10,1,34,54,6,40,4,17,23,28,9,53,4
10,1,34,54,6,40,4,17,23,28,9,53,4,51
1,34,54,6,40,4,17,23,28,9,53,4,51,45
34,54,6,40,4,17,23,28,9,53,4,51,45,22
54,6,40,4,17,23,28,9,53,4,51,45,22,38
6,40,4,17,23,28,9,53,4,51,45,22,38,25
40,4,17,23,28,9,53,4,51,45,22,38,25,48
4,17,23,28,9,53,4,51,45,22,38,25,48,15
17,23,28,9,53,4,51,45,22,38,25,48,15,24
23,28,9,53,4,51,45,22,38,25,48,15,24,28
28,9,53,4,51,45,22,38,25,48,15,24,28,1
9,53,4,51,45,22,38,25,48,15,24,28,1,26
53,4,51,45,22,38,25,48,15,24,28,1,26,31
4,51,45,22,38,25,48,15,24,28,1,26,31,32
51,45,22,38,25,48,15,24,28,1,26,31,32,43
45,22,38,25,48,15,24,28,1,26,31,32,43,3
22,38,25,48,15,24,28,1,26,31,32,43,3,52
38,25,48,15,24,28,1,26,31,32,43,3,52,1
25,48,15,24,28,1,26,31,32,43,3,52,1,56
48,15,24,28,1,26,31,32,43,3,52,1,56,6
15,24,28,1,26,31,32,43,3,52,1,56,6,45
24,28,1,26,31,32,43,3,52,1,56,6,45,60
28,1,26,31,32,43,3,52,1,56,6,45,60,26
1,26,31,32,43,3,52,1,56,6,45,60,26,50
26,31,32,43,3,52,1,56,6,45,60,26,50,48
31,32,43,3,52,1,56,6,45,60,26,50,48,44
32,43,3,52,1,56,6,45,60,26,50,48,44,46
43,3,52,1,56,6,45,60,26,50,48,44,46,4
3,52,1,56,6,45,60,26,50,48,44,46,4,18
52,1,56,6,45,60,26,50,48,44,46,4,18,9
1,56,6,45,60,26,50,48,44,46,4,18,9,30
56,6,45,60,26,50,48,44,46,4,18,9,30,24
6,45,60,26,50,48,44,46,4,18,9,30,24,12
45,60,26,50,48,44,46,4,18,9,30,24,12,49
60,26,50,48,44,46,4,18,9,30,24,12,49,7
26,50,48,44,46,4,18,9,30,24,12,49,7,27
50,48,44,46,4,18,9,30,24,12,49,7,27,50
48,44,46,4,18,9,30,24,12,49,7,27,50,28
44,46,4,18,9,30,24,12,49,7,27,50,28,35
46,4,18,9,30,24,12,49,7,27,50,28,35,24
4,18,9,30,24,12,49,7,27,50,28,35,24,2
18,9,30,24,12,49,7,27,50,28,35,24,2,14
9,30,24,12,49,7,27,50,28,35,24,2,14,13
30,24,12,49,7,27,50,28,35,24,2,14,13,49
24,12,49,7,27,50,28,35,24,2,14,13,49,4
12,49,7,27,50,28,35,24,2,14,13,49,4,44
49,7,27,50,28,35,24,2,14,13,49,4,44,14
7,27,50,28,35,24,2,14,13,49,4,44,14,57
27,50,28,35,24,2,14,13,49,4,44,14,57,28
50,28,35,24,2,14,13,49,4,44,14,57,28,18
28,35,24,2,14,13,49,4,44,14,57,28,18,41
35,24,2,14,13,49,4,44,14,57,28,18,41,54
24,2,14,13,49,4,44,14,57,28,18,41,54,14
2,14,13,49,4,44,14,57,28,18,41,54,14,47
14,13,49,4,44,14,57,28,18,41,54,14,47,58
13,49,4,44,14,57,28,18,41,54,14,47,58,7
49,4,44,14,57,28,18,41,54,14,47,58,7,27
4,44,14,57,28,18,41,54,14,47,58,7,27,45
44,14,57,28,18,41,54,14,47,58,7,27,45,4
14,57,28,18,41,54,14,47,58,7,27,45,4,5
57,28,18,41,54,14,47,58,7,27,45,4,5,11
28,18,41,54,14,47,58,7,27,45,4,5,11,46
18,41,54,14,47,58,7,27,45,4,5,11,46,27
41,54,14,47,58,7,27,45,4,5,11,46,27,49
54,14,47,58,7,27,45,4,5,11,46,27,49,6
14,47,58,7,27,45,4,5,11,46,27,49,6,40
47,58,7,27,45,4,5,11,46,27,49,6,40,26
58,7,27,45,4,5,11,46,27,49,6,40,26,37
7,27,45,4,5,11,46,27,49,6,40,26,37,8
27,45,4,5,11,46,27,49,6,40,26,37,8,22
45,4,5,11,46,27,49,6,40,26,37,8,22,54
4,5,11,46,27,49,6,40,26,37,8,22,54,33
5,11,46,27,49,6,40,26,37,8,22,54,33,57
11,46,27,49,6,40,26,37,8,22,54,33,57,43
46,27,49,6,40,26,37,8,22,54,33,57,43,18
27,49,6,40,26,37,8,22,54,33,57,43,18,59
49,6,40,26,37,8,22,54,33,57,43,18,59,10
6,40,26,37,8,22,54,33,57,43,18,59,10,31
40,26,37,8,22,54,33,57,43,18,59,10,31,13
26,37,8,22,54,33,57,43,18,59,10,31,13,37
37,8,22,54,33,57,43,18,59,10,31,13,37,54
8,22,54,33,57,43,18,59,10,31,13,37,54,7
22,54,33,57,43,18,59,10,31,13,37,54,7,29
54,33,57,43,18,59,10,31,13,37,54,7,29,1
33,57,43,18,59,10,31,13,37,54,7,29,1,6
57,43,18,59,10,31,13,37,54,7,29,1,6,43
43,18,59,10,31,13,37,54,7,29,1,6,43,22
18,59,10,31,13,37,54,7,29,1,6,43,22,52
59,10,31,13,37,54,7,29,1,6,43,22,52,57
10,31,13,37,54,7,29,1,6,43,22,52,57,51
31,13,37,54,7,29,1,6,43,22,52,57,51,36
13,37,54,7,29,1,6,43,22,52,57,51,36,22
37,54,7,29,1,6,43,22,52,57,51,36,22,42
54,7,29,1,6,43,22,52,57,51,36,22,42,3
7,29,1,6,43,22,52,57,51,36,22,42,3,16
29,1,6,43,22,52,57,51,36,22,42,3,16,4
1,6,43,22,52,57,51,36,22,42,3,16,4,41
6,43,22,52,57,51,36,22,42,3,16,4,41,2
43,22,52,57,51,36,22,42,3,16,4,41,2,42
22,52,57,51,36,22,42,3,16,4,41,2,42,30
52,57,51,36,22,42,3,16,4,41,2,42,30,12
57,51,36,22,42,3,16,4,41,2,42,30,12,10
51,36,22,42,3,16,4,41,2,42,30,12,10,32
36,22,42,3,16,4,41,2,42,30,12,10,32,1
22,42,3,16,4,41,2,42,30,12,10,32,1,6
42,3,16,4,41,2,42,30,12,10,32,1,6,9
3,16,4,41,2,42,30,12,10,32,1,6,9,16
16,4,41,2,42,30,12,10,32,1,6,9,16,2
4,41,2,42,30,12,10,32,1,6,9,16,2,49
41,2,42,30,12,10,32,1,6,9,16,2,49,34
2,42,30,12,10,32,1,6,9,16,2,49,34,42
42,30,12,10,32,1,6,9,16,2,49,34,42,18
30,12,10,32,1,6,9,16,2,49,34,42,18,3
12,10,32,1,6,9,16,2,49,34,42,18,3,14
10,32,1,6,9,16,2,49,34,42,18,3,14,46
32,1,6,9,16,2,49,34,42,18,3,14,46,24
1,6,9,16,2,49,34,42,18,3,14,46,24,51
6,9,16,2,49,34,42,18,3,14,46,24,51,50
9,16,2,49,34,42,18,3,14,46,24,51,50,56
16,2,49,34,42,18,3,14,46,24,51,50,56,52
2,49,34,42,18,3,14,46,24,51,50,56,52,58
49,34,42,18,3,14,46,24,51,50,56,52,58,39
34,42,18,3,14,46,24,51,50,56,52,58,39,18
42,18,3,14,46,24,51,50,56,52,58,39,18,17
18,3,14,46,24,51,50,56,52,58,39,18,17,35
3,14,46,24,51,50,56,52,58,39,18,17,35,30
14,46,24,51,50,56,52,58,39,18,17,35,30,27
46,24,51,50,56,52,58,39,18,17,35,30,27,51
24,51,50,56,52,58,39,18,17,35,30,27,51,1
51,50,56,52,58,39,18,17,35,30,27,51,1,46
50,56,52,58,39,18,17,35,30,27,51,1,46,59
56,52,58,39,18,17,35,30,27,51,1,46,59,6
52,58,39,18,17,35,30,27,51,1,46,59,6,1
58,39,18,17,35,30,27,51,1,46,59,6,1,8
39,18,17,35,30,27,51,1,46,59,6,1,8,44
18,17,35,30,27,51,1,46,59,6,1,8,44,17
17,35,30,27,51,1,46,59,6,1,8,44,17,46
35,30,27,51,1,46,59,6,1,8,44,17,46,53
30,27,51,1,46,59,6,1,8,44,17,46,53,8
27,51,1,46,59,6,1,8,44,17,46,53,8,29
51,1,46,59,6,1,8,44,17,46,53,8,29,31
1,46,59,6,1,8,44,17,46,53,8,29,31,4
46,59,6,1,8,44,17,46,53,8,29,31,4,17
59,6,1,8,44,17,46,53,8,29,31,4,17,45
6,1,8,44,17,46,53,8,29,31,4,17,45,35
1,8,44,17,46,53,8,29,31,4,17,45,35,11
8,44,17,46,53,8,29,31,4,17,45,35,11,28
44,17,46,53,8,29,31,4,17,45,35,11,28,46
17,46,53,8,29,31,4,17,45,35,11,28,46,42
46,53,8,29,31,4,17,45,35,11,28,46,42,58
53,8,29,31,4,17,45,35,11,28,46,42,58,31
8,29,31,4,17,45,35,11,28,46,42,58,31,57
29,31,4,17,45,35,11,28,46,42,58,31,57,17
31,4,17,45,35,11,28,46,42,58,31,57,17,56
4,17,45,35,11,28,46,42,58,31,57,17,56,28
17,45,35,11,28,46,42,58,31,57,17,56,28,58
45,35,11,28,46,42,58,31,57,17,56,28,58,23
35,11,28,46,42,58,31,57,17,56,28,58,23,16
11,28,46,42,58,31,57,17,56,28,58,23,16,17
28,46,42,58,31,57,17,56,28,58,23,16,17,59
46,42,58,31,57,17,56,28,58,23,16,17,59,42
42,58,31,57,17,56,28,58,23,16,17,59,42,60
58,31,57,17,56,28,58,23,16,17,59,42,60,59
31,57,17,56,28,58,23,16,17,59,42,60,59,49
57,17,56,28,58,23,16,17,59,42,60,59,49,13
17,56,28,58,23,16,17,59,42,60,59,49,13,18
56,28,58,23,16,17,59,42,60,59,49,13,18,4
28,58,23,16,17,59,42,60,59,49,13,18,4,14
58,23,16,17,59,42,60,59,49,13,18,4,14,34
23,16,17,59,42,60,59,49,13,18,4,14,34,60
16,17,59,42,60,59,49,13,18,4,14,34,60,18
17,59,42,60,59,49,13,18,4,14,34,60,18,45
59,42,60,59,49,13,18,4,14,34,60,18,45,4
42,60,59,49,13,18,4,14,34,60,18,45,4,20
60,59,49,13,18,4,14,34,60,18,45,4,20,45
59,49,13,18,4,14,34,60,18,45,4,20,45,38
49,13,18,4,14,34,60,18,45,4,20,45,38,52
13,18,4,14,34,60,18,45,4,20,45,38,52,17
18,4,14,34,60,18,45,4,20,45,38,52,17,7
4,14,34,60,18,45,4,20,45,38,52,17,7,56
14,34,60,18,45,4,20,45,38,52,17,7,56,28
34,60,18,45,4,20,45,38,52,17,7,56,28,8
60,18,45,4,20,45,38,52,17,7,56,28,8,55
18,45,4,20,45,38,52,17,7,56,28,8,55,41
45,4,20,45,38,52,17,7,56,28,8,55,41,48
4,20,45,38,52,17,7,56,28,8,55,41,48,9
20,45,38,52,17,7,56,28,8,55,41,48,9,6
45,38,52,17,7,56,28,8,55,41,48,9,6,23
38,52,17,7,56,28,8,55,41,48,9,6,23,56
52,17,7,56,28,8,55,41,48,9,6,23,56,15
17,7,56,28,8,55,41,48,9,6,23,56,15,5
7,56,28,8,55,41,48,9,6,23,56,15,5,59
56,28,8,55,41,48,9,6,23,56,15,5,59,36
28,8,55,41,48,9,6,23,56,15,5,59,36,46
8,55,41,48,9,6,23,56,15,5,59,36,46,48
55,41,48,9,6,23,56,15,5,59,36,46,48,31
41,48,9,6,23,56,15,5,59,36,46,48,31,7
48,9,6,23,56,15,5,59,36,46,48,31,7,35
9,6,23,56,15,5,59,36,46,48,31,7,35,18
6,23,56,15,5,59,36,46,48,31,7,35,18,30
23,56,15,5,59,36,46,48,31,7,35,18,30,14
56,15,5,59,36,46,48,31,7,35,18,30,14,11
15,5,59,36,46,48,31,7,35,18,30,14,11,33
5,59,36,46,48,31,7,35,18,30,14,11,33,39
59,36,46,48,31,7,35,18,30,14,11,33,39,33
36,46,48,31,7,35,18,30,14,11,33,39,33,5
46,48,31,7,35,18,30,14,11,33,39,33,5,23
48,31,7,35,18,30,14,11,33,39,33,5,23,32
31,7,35,18,30,14,11,33,39,33,5,23,32,8
7,35,18,30,14,11,33,39,33,5,23,32,8,56
35,18,30,14,11,33,39,33,5,23,32,8,56,25
18,30,14,11,33,39,33,5,23,32,8,56,25,39
30,14,11,33,39,33,5,23,32,8,56,25,39,44
14,11,33,39,33,5,23,32,8,56,25,39,44,41
11,33,39,33,5,23,32,8,56,25,39,44,41,31
33,39,33,5,23,32,8,56,25,39,44,41,31,22
39,33,5,23,32,8,56,25,39,44,41,31,22,40
33,5,23,32,8,56,25,39,44,41,31,22,40,53
5,23,32,8,56,25,39,44,41,31,22,40,53,12
23,32,8,56,25,39,44,41,31,22,40,53,12,46
32,8,56,25,39,44,41,31,22,40,53,12,46,2
8,56,25,39,44,41,31,22,40,53,12,46,2,52
56,25,39,44,41,31,22,40,53,12,46,2,52,30
25,39,44,41,31,22,40,53,12,46,2,52,30,46
39,44,41,31,22,40,53,12,46,2,52,30,46,35
44,41,31,22,40,53,12,46,2,52,30,46,35,54
41,31,22,40,53,12,46,2,52,30,46,35,54,26
31,22,40,53,12,46,2,52,30,46,35,54,26,2
22,40,53,12,46,2,52,30,46,35,54,26,2,51
40,53,12,46,2,52,30,46,35,54,26,2,51,47
53,12,46,2,52,30,46,35,54,26,2,51,47,28
12,46,2,52,30,46,35,54,26,2,51,47,28,10
46,2,52,30,46,35,54,26,2,51,47,28,10,59
2,52,30,46,35,54,26,2,51,47,28,10,59,16
52,30,46,35,54,26,2,51,47,28,10,59,16,32
30,46,35,54,26,2,51,47,28,10,59,16,32,44
46,35,54,26,2,51,47,28,10,59,16,32,44,42
35,54,26,2,51,47,28,10,59,16,32,44,42,48
54,26,2,51,47,28,10,59,16,32,44,42,48,16
26,2,51,47,28,10,59,16,32,44,42,48,16,36
2,51,47,28,10,59,16,32,44,42,48,16,36,4
51,47,28,10,59,16,32,44,42,48,16,36,4,13
47,28,10,59,16,32,44,42,48,16,36,4,13,58
28,10,59,16,32,44,42,48,16,36,4,13,58,36
10,59,16,32,44,42,48,16,36,4,13,58,36,19
59,16,32,44,42,48,16,36,4,13,58,36,19,15
16,32,44,42,48,16,36,4,13,58,36,19,15,35
32,44,42,48,16,36,4,13,58,36,19,15,35,17
44,42,48,16,36,4,13,58,36,19,15,35,17,15
42,48,16,36,4,13,58,36,19,15,35,17,15,34
48,16,36,4,13,58,36,19,15,35,17,15,34,49
16,36,4,13,58,36,19,15,35,17,15,34,49,11
36,4,13,58,36,19,15,35,17,15,34,49,11,53
4,13,58,36,19,15,35,17,15,34,49,11,53,10
13,58,36,19,15,35,17,15,34,49,11,53,10,28
58,36,19,15,35,17,15,34,49,11,53,10,28,16
36,19,15,35,17,15,34,49,11,53,10,28,16,48
19,15,35,17,15,34,49,11,53,10,28,16,48,33
15,35,17,15,34,49,11,53,10,28,16,48,33,24
35,17,15,34,49,11,53,10,28,16,48,33,24,41
17,15,34,49,11,53,10,28,16,48,33,24,41,12
15,34,49,11,53,10,28,16,48,33,24,41,12,42
34,49,11,53,10,28,16,48,33,24,41,12,42,44
49,11,53,10,28,16,48,33,24,41,12,42,44,13
11,53,10,28,16,48,33,24,41,12,42,44,13,42
53,10,28,16,48,33,24,41,12,42,44,13,42,2
10,28,16,48,33,24,41,12,42,44,13,42,2,11
28,16,48,33,24,41,12,42,44,13,42,2,11,23
16,48,33,24,41,12,42,44,13,42,2,11,23,31
48,33,24,41,12,42,44,13,42,2,11,23,31,44
33,24,41,12,42,44,13,42,2,11,23,31,44,29
24,41,12,42,44,13,42,2,11,23,31,44,29,21
41,12,42,44,13,42,2,11,23,31,44,29,21,47
12,42,44,13,42,2,11,23,31,44,29,21,47,57
42,44,13,42,2,11,23,31,44,29,21,47,57,13
44,13,42,2,11,23,31,44,29,21,47,57,13,34
13,42,2,11,23,31,44,29,21,47,57,13,34,28
42,2,11,23,31,44,29,21,47,57,13,34,28,12
2,11,23,31,44,29,21,47,57,13,34,28,12,34
11,23,31,44,29,21,47,57,13,34,28,12,34,29
23,31,44,29,21,47,57,13,34,28,12,34,29,1
31,44,29,21,47,57,13,34,28,12,34,29,1,48
44,29,21,47,57,13,34,28,12,34,29,1,48,55
29,21,47,57,13,34,28,12,34,29,1,48,55,25
21,47,57,13,34,28,12,34,29,1,48,55,25,9
47,57,13,34,28,12,34,29,1,48,55,25,9,8
57,13,34,28,12,34,29,1,48,55,25,9,8,54
13,34,28,12,34,29,1,48,55,25,9,8,54,41
34,28,12,34,29,1,48,55,25,9,8,54,41,18
28,12,34,29,1,48,55,25,9,8,54,41,18,32
12,34,29,1,48,55,25,9,8,54,41,18,32,29
34,29,1,48,55,25,9,8,54,41,18,32,29,13
29,1,48,55,25,9,8,54,41,18,32,29,13,50
1,48,55,25,9,8,54,41,18,32,29,13,50,58
48,55,25,9,8,54,41,18,32,29,13,50,58,6
55,25,9,8,54,41,18,32,29,13,50,58,6,56
25,9,8,54,41,18,32,29,13,50,58,6,56,33
9,8,54,41,18,32,29,13,50,58,6,56,33,50
8,54,41,18,32,29,13,50,58,6,56,33,50,51
54,41,18,32,29,13,50,58,6,56,33,50,51,10
41,18,32,29,13,50,58,6,56,33,50,51,10,35
18,32,29,13,50,58,6,56,33,50,51,10,35,52
32,29,13,50,58,6,56,33,50,51,10,35,52,27
29,13,50,58,6,56,33,50,51,10,35,52,27,53
13,50,58,6,56,33,50,51,10,35,52,27,53,57
50,58,6,56,33,50,51,10,35,52,27,53,57,23
58,6,56,33,50,51,10,35,52,27,53,57,23,10
6,56,33,50,51,10,35,52,27,53,57,23,10,49
56,33,50,51,10,35,52,27,53,57,23,10,49,8
33,50,51,10,35,52,27,53,57,23,10,49,8,58
50,51,10,35,52,27,53,57,23,10,49,8,58,20
51,10,35,52,27,53,57,23,10,49,8,58,20,26
10,35,52,27,53,57,23,10,49,8,58,20,26,54
35,52,27,53,57,23,10,49,8,58,20,26,54,47
52,27,53,57,23,10,49,8,58,20,26,54,47,27
27,53,57,23,10,49,8,58,20,26,54,47,27,17
53,57,23,10,49,8,58,20,26,54,47,27,17,3
57,23,10,49,8,58,20,26,54,47,27,17,3,32
23,10,49,8,58,20,26,54,47,27,17,3,32,37
10,49,8,58,20,26,54,47,27,17,3,32,37,5
49,8,58,20,26,54,47,27,17,3,32,37,5,24
8,58,20,26,54,47,27,17,3,32,37,5,24,44
58,20,26,54,47,27,17,3,32,37,5,24,44,49
20,26,54,47,27,17,3,32,37,5,24,44,49,58
26,54,47,27,17,3,32,37,5,24,44,49,58,7
54,47,27,17,3,32,37,5,24,44,49,58,7,12
47,27,17,3,32,37,5,24,44,49,58,7,12,57
27,17,3,32,37,5,24,44,49,58,7,12,57,11
17,3,32,37,5,24,44,49,58,7,12,57,11,30
3,32,37,5,24,44,49,58,7,12,57,11,30,39
32,37,5,24,44,49,58,7,12,57,11,30,39,30
37,5,24,44,49,58,7,12,57,11,30,39,30,7
5,24,44,49,58,7,12,57,11,30,39,30,7,23
24,44,49,58,7,12,57,11,30,39,30,7,23,20
44,49,58,7,12,57,11,30,39,30,7,23,20,15
49,58,7,12,57,11,30,39,30,7,23,20,15,41
58,7,12,57,11,30,39,30,7,23,20,15,41,30
7,12,57,11,30,39,30,7,23,20,15,41,30,50
12,57,11,30,39,30,7,23,20,15,41,30,50,45
57,11,30,39,30,7,23,20,15,41,30,50,45,2
11,30,39,30,7,23,20,15,41,30,50,45,2,35
30,39,30,7,23,20,15,41,30,50,45,2,35,21
39,30,7,23,20,15,41,30,50,45,2,35,21,6
30,7,23,20,15,41,30,50,45,2,35,21,6,48
7,23,20,15,41,30,50,45,2,35,21,6,48,11
23,20,15,41,30,50,45,2,35,21,6,48,11,45
20,15,41,30,50,45,2,35,21,6,48,11,45,4
15,41,30,50,45,2,35,21,6,48,11,45,4,24
41,30,50,45,2,35,21,6,48,11,45,4,24,38
30,50,45,2,35,21,6,48,11,45,4,24,38,44
50,45,2,35,21,6,48,11,45,4,24,38,44,17
45,2,35,21,6,48,11,45,4,24,38,44,17,60
2,35,21,6,48,11,45,4,24,38,44,17,60,4
35,21,6,48,11,45,4,24,38,44,17,60,4,53
21,6,48,11,45,4,24,38,44,17,60,4,53,28
6,48,11,45,4,24,38,44,17,60,4,53,28,21
48,11,45,4,24,38,44,17,60,4,53,28,21,9
11,45,4,24,38,44,17,60,4,53,28,21,9,10
45,4,24,38,44,17,60,4,53,28,21,9,10,2
4,24,38,44,17,60,4,53,28,21,9,10,2,18
24,38,44,17,60,4,53,28,21,9,10,2,18,44
38,44,17,60,4,53,28,21,9,10,2,18,44,41
44,17,60,4,53,28,21,9,10,2,18,44,41,42
17,60,4,53,28,21,9,10,2,18,44,41,42,54
60,4,53,28,21,9,10,2,18,44,41,42,54,47
4,53,28,21,9,10,2,18,44,41,42,54,47,19
53,28,21,9,10,2,18,44,41,42,54,47,19,32
28,21,9,10,2,18,44,41,42,54,47,19,32,53
21,9,10,2,18,44,41,42,54,47,19,32,53,16
9,10,2,18,44,41,42,54,47,19,32,53,16,20
10,2,18,44,41,42,54,47,19,32,53,16,20,12
2,18,44,41,42,54,47,19,32,53,16,20,12,10
18,44,41,42,54,47,19,32,53,16,20,12,10,21
44,41,42,54,47,19,32,53,16,20,12,10,21,56
41,42,54,47,19,32,53,16,20,12,10,21,56,36
42,54,47,19,32,53,16,20,12,10,21,56,36,9
54,47,19,32,53,16,20,12,10,21,56,36,9,13
47,19,32,53,16,20,12,10,21,56,36,9,13,27
19,32,53,16,20,12,10,21,56,36,9,13,27,2
32,53,16,20,12,10,21,56,36,9,13,27,2,23
53,16,20,12,10,21,56,36,9,13,27,2,23,38
16,20,12,10,21,56,36,9,13,27,2,23,38,15
20,12,10,21,56,36,9,13,27,2,23,38,15,21
12,10,21,56,36,9,13,27,2,23,38,15,21,19
10,21,56,36,9,13,27,2,23,38,15,21,19,7
21,56,36,9,13,27,2,23,38,15,21,19,7,18
56,36,9,13,27,2,23,38,15,21,19,7,18,26
36,9,13,27,2,23,38,15,21,19,7,18,26,46
9,13,27,2,23,38,15,21,19,7,18,26,46,39
13,27,2,23,38,15,21,19,7,18,26,46,39,24
27,2,23,38,15,21,19,7,18,26,46,39,24,29
2,23,38,15,21,19,7,18,26,46,39,24,29,21
23,38,15,21,19,7,18,26,46,39,24,29,21,20
38,15,21,19,7,18,26,46,39,24,29,21,20,46
15,21,19,7,18,26,46,39,24,29,21,20,46,22
21,19,7,18,26,46,39,24,29,21,20,46,22,60
19,7,18,26,46,39,24,29,21,20,46,22,60,30
7,18,26,46,39,24,29,21,20,46,22,60,30,52
18,26,46,39,24,29,21,20,46,22,60,30,52,50
26,46,39,24,29,21,20,46,22,60,30,52,50,49
46,39,24,29,21,20,46,22,60,30,52,50,49,53
39,24,29,21,20,46,22,60,30,52,50,49,53,32
24,29,21,20,46,22,60,30,52,50,49,53,32,5
29,21,20,46,22,60,30,52,50,49,53,32,5,52
21,20,46,22,60,30,52,50,49,53,32,5,52,59
20,46,22,60,30,52,50,49,53,32,5,52,59,2
46,22,60,30,52,50,49,53,32,5,52,59,2,33
22,60,30,52,50,49,53,32,5,52,59,2,33,23
60,30,52,50,49,53,32,5,52,59,2,33,23,7
30,52,50,49,53,32,5,52,59,2,33,23,7,52
52,50,49,53,32,5,52,59,2,33,23,7,52,11
50,49,53,32,5,52,59,2,33,23,7,52,11,10
49,53,32,5,52,59,2,33,23,7,52,11,10,1
53,32,5,52,59,2,33,23,7,52,11,10,1,4
32,5,52,59,2,33,23,7,52,11,10,1,4,46
5,52,59,2,33,23,7,52,11,10,1,4,46,18
52,59,2,33,23,7,52,11,10,1,4,46,18,16
59,2,33,23,7,52,11,10,1,4,46,18,16,45
2,33,23,7,52,11,10,1,4,46,18,16,45,31
33,23,7,52,11,10,1,4,46,18,16,45,31,4
23,7,52,11,10,1,4,46,18,16,45,31,4,31
7,52,11,10,1,4,46,18,16,45,31,4,31,42
52,11,10,1,4,46,18,16,45,31,4,31,42,15
11,10,1,4,46,18,16,45,31,4,31,42,15,7
10,1,4,46,18,16,45,31,4,31,42,15,7,17
1,4,46,18,16,45,31,4,31,42,15,7,17,54
4,46,18,16,45,31,4,31,42,15,7,17,54,37
46,18,16,45,31,4,31,42,15,7,17,54,37,58
18,16,45,31,4,31,42,15,7,17,54,37,58,12
16,45,31,4,31,42,15,7,17,54,37,58,12,29
45,31,4,31,42,15,7,17,54,37,58,12,29,8
31,4,31,42,15,7,17,54,37,58,12,29,8,16
4,31,42,15,7,17,54,37,58,12,29,8,16,30
31,42,15,7,17,54,37,58,12,29,8,16,30,47
42,15,7,17,54,37,58,12,29,8,16,30,47,53
15,7,17,54,37,58,12,29,8,16,30,47,53,38
7,17,54,37,58,12,29,8,16,30,47,53,38,20
17,54,37,58,12,29,8,16,30,47,53,38,20,36
54,37,58,12,29,8,16,30,47,53,38,20,36,28
37,58,12,29,8,16,30,47,53,38,20,36,28,26
58,12,29,8,16,30,47,53,38,20,36,28,26,54
12,29,8,16,30,47,53,38,20,36,28,26,54,55
29,8,16,30,47,53,38,20,36,28,26,54,55,23
8,16,30,47,53,38,20,36,28,26,54,55,23,60
16,30,47,53,38,20,36,28,26,54,55,23,60,12
30,47,53,38,20,36,28,26,54,55,23,60,12,10
47,53,38,20,36,28,26,54,55,23,60,12,10,51
53,38,20,36,28,26,54,55,23,60,12,10,51,37
38,20,36,28,26,54,55,23,60,12,10,51,37,23
20,36,28,26,54,55,23,60,12,10,51,37,23,47
36,28,26,54,55,23,60,12,10,51,37,23,47,43
28,26,54,55,23,60,12,10,51,37,23,47,43,36
26,54,55,23,60,12,10,51,37,23,47,43,36,1
54,55,23,60,12,10,51,37,23,47,43,36,1,20
55,23,60,12,10,51,37,23,47,43,36,1,20,13
23,60,12,10,51,37,23,47,43,36,1,20,13,6
60,12,10,51,37,23,47,43,36,1,20,13,6,54
12,10,51,37,23,47,43,36,1,20,13,6,54,44
10,51,37,23,47,43,36,1,20,13,6,54,44,38
51,37,23,47,43,36,1,20,13,6,54,44,38,25
37,23,47,43,36,1,20,13,6,54,44,38,25,46
23,47,43,36,1,20,13,6,54,44,38,25,46,53
47,43,36,1,20,13,6,54,44,38,25,46,53,43
43,36,1,20,13,6,54,44,38,25,46,53,43,41
36,1,20,13,6,54,44,38,25,46,53,43,41,37
1,20,13,6,54,44,38,25,46,53,43,41,37,51
20,13,6,54,44,38,25,46,53,43,41,37,51,18
13,6,54,44,38,25,46,53,43,41,37,51,18,39
6,54,44,38,25,46,53,43,41,37,51,18,39,11
54,44,38,25,46,53,43,41,37,51,18,39,11,32
44,38,25,46,53,43,41,37,51,18,39,11,32,60
38,25,46,53,43,41,37,51,18,39,11,32,60,5
25,46,53,43,41,37,51,18,39,11,32,60,5,6
46,53,43,41,37,51,18,39,11,32,60,5,6,36
53,43,41,37,51,18,39,11,32,60,5,6,36,53
43,41,37,51,18,39,11,32,60,5,6,36,53,38
41,37,51,18,39,11,32,60,5,6,36,53,38,30
37,51,18,39,11,32,60,5,6,36,53,38,30,2
51,18,39,11,32,60,5,6,36,53,38,30,2,15
18,39,11,32,60,5,6,36,53,38,30,2,15,48
39,11,32,60,5,6,36,53,38,30,2,15,48,28
11,32,60,5,6,36,53,38,30,2,15,48,28,58
32,60,5,6,36,53,38,30,2,15,48,28,58,19
60,5,6,36,53,38,30,2,15,48,28,58,19,24
5,6,36,53,38,30,2,15,48,28,58,19,24,42
6,36,53,38,30,2,15,48,28,58,19,24,42,25
36,53,38,30,2,15,48,28,58,19,24,42,25,42
53,38,30,2,15,48,28,58,19,24,42,25,42,15
38,30,2,15,48,28,58,19,24,42,25,42,15,18
30,2,15,48,28,58,19,24,42,25,42,15,18,31
2,15,48,28,58,19,24,42,25,42,15,18,31,5
15,48,28,58,19,24,42,25,42,15,18,31,5,53
48,28,58,19,24,42,25,42,15,18,31,5,53,18
28,58,19,24,42,25,42,15,18,31,5,53,18,46
58,19,24,42,25,42,15,18,31,5,53,18,46,42
19,24,42,25,42,15,18,31,5,53,18,46,42,15
24,42,25,42,15,18,31,5,53,18,46,42,15,56
42,25,42,15,18,31,5,53,18,46,42,15,56,24
25,42,15,18,31,5,53,18,46,42,15,56,24,46
42,15,18,31,5,53,18,46,42,15,56,24,46,60
15,18,31,5,53,18,46,42,15,56,24,46,60,55
18,31,5,53,18,46,42,15,56,24,46,60,55,32
31,5,53,18,46,42,15,56,24,46,60,55,32,3
5,53,18,46,42,15,56,24,46,60,55,32,3,29
53,18,46,42,15,56,24,46,60,55,32,3,29,46
18,46,42,15,56,24,46,60,55,32,3,29,46,42
46,42,15,56,24,46,60,55,32,3,29,46,42,27
42,15,56,24,46,60,55,32,3,29,46,42,27,45
15,56,24,46,60,55,32,3,29,46,42,27,45,20
56,24,46,60,55,32,3,29,46,42,27,45,20,47
24,46,60,55,32,3,29,46,42,27,45,20,47,7
46,60,55,32,3,29,46,42,27,45,20,47,7,16
60,55,32,3,29,46,42,27,45,20,47,7,16,36
55,32,3,29,46,42,27,45,20,47,7,16,36,35
32,3,29,46,42,27,45,20,47,7,16,36,35,38
3,29,46,42,27,45,20,47,7,16,36,35,38,21
29,46,42,27,45,20,47,7,16,36,35,38,21,6
46,42,27,45,20,47,7,16,36,35,38,21,6,28
42,27,45,20,47,7,16,36,35,38,21,6,28,33
27,45,20,47,7,16,36,35,38,21,6,28,33,48
45,20,47,7,16,36,35,38,21,6,28,33,48,46
20,47,7,16,36,35,38,21,6,28,33,48,46,27
47,7,16,36,35,38,21,6,28,33,48,46,27,1
7,16,36,35,38,21,6,28,33,48,46,27,1,5
16,36,35,38,21,6,28,33,48,46,27,1,5,4
36,35,38,21,6,28,33,48,46,27,1,5,4,45
35,38,21,6,28,33,48,46,27,1,5,4,45,14
38,21,6,28,33,48,46,27,1,5,4,45,14,56
21,6,28,33,48,46,27,1,5,4,45,14,56,26
6,28,33,48,46,27,1,5,4,45,14,56,26,30
28,33,48,46,27,1,5,4,45,14,56,26,30,21
33,48,46,27,1,5,4,45,14,56,26,30,21,15
48,46,27,1,5,4,45,14,56,26,30,21,15,13
46,27,1,5,4,45,14,56,26,30,21,15,13,46
27,1,5,4,45,14,56,26,30,21,15,13,46,25
1,5,4,45,14,56,26,30,21,15,13,46,25,32
5,4,45,14,56,26,30,21,15,13,46,25,32,11
4,45,14,56,26,30,21,15,13,46,25,32,11,59
45,14,56,26,30,21,15,13,46,25,32,11,59,51
14,56,26,30,21,15,13,46,25,32,11,59,51,14
56,26,30,21,15,13,46,25,32,11,59,51,14,6
26,30,21,15,13,46,25,32,11,59,51,14,6,53
30,21,15,13,46,25,32,11,59,51,14,6,53,56
21,15,13,46,25,32,11,59,51,14,6,53,56,30
15,13,46,25,32,11,59,51,14,6,53,56,30,37
13,46,25,32,11,59,51,14,6,53,56,30,37,3
46,25,32,11,59,51,14,6,53,56,30,37,3,34
25,32,11,59,51,14,6,53,56,30,37,3,34,25
32,11,59,51,14,6,53,56,30,37,3,34,25,40
11,59,51,14,6,53,56,30,37,3,34,25,40,51
59,51,14,6,53,56,30,37,3,34,25,40,51,60
51,14,6,53,56,30,37,3,34,25,40,51,60,49
14,6,53,56,30,37,3,34,25,40,51,60,49,1
6,53,56,30,37,3,34,25,40,51,60,49,1,6
53,56,30,37,3,34,25,40,51,60,49,1,6,14
56,30,37,3,34,25,40,51,60,49,1,6,14,17
30,37,3,34,25,40,51,60,49,1,6,14,17,33
37,3,34,25,40,51,60,49,1,6,14,17,33,36
3,34,25,40,51,60,49,1,6,14,17,33,36,31
34,25,40,51,60,49,1,6,14,17,33,36,31,34
25,40,51,60,49,1,6,14,17,33,36,31,34,15
40,51,60,49,1,6,14,17,33,36,31,34,15,14
51,60,49,1,6,14,17,33,36,31,34,15,14,25
60,49,1,6,14,17,33,36,31,34,15,14,25,30
49,1,6,14,17,33,36,31,34,15,14,25,30,4
1,6,14,17,33,36,31,34,15,14,25,30,4,17
6,14,17,33,36,31,34,15,14,25,30,4,17,1
14,17,33,36,31,34,15,14,25,30,4,17,1,48
17,33,36,31,34,15,14,25,30,4,17,1,48,13
33,36,31,34,15,14,25,30,4,17,1,48,13,38
36,31,34,15,14,25,30,4,17,1,48,13,38,18
31,34,15,14,25,30,4,17,1,48,13,38,18,2
34,15,14,25,30,4,17,1,48,13,38,18,2,9
15,14,25,30,4,17,1,48,13,38,18,2,9,47
14,25,30,4,17,1,48,13,38,18,2,9,47,17
25,30,4,17,1,48,13,38,18,2,9,47,17,45
30,4,17,1,48,13,38,18,2,9,47,17,45,27
4,17,1,48,13,38,18,2,9,47,17,45,27,54
17,1,48,13,38,18,2,9,47,17,45,27,54,28
1,48,13,38,18,2,9,47,17,45,27,54,28,50
48,13,38,18,2,9,47,17,45,27,54,28,50,22
13,38,18,2,9,47,17,45,27,54,28,50,22,3
38,18,2,9,47,17,45,27,54,28,50,22,3,55
18,2,9,47,17,45,27,54,28,50,22,3,55,47
2,9,47,17,45,27,54,28,50,22,3,55,47,43
9,47,17,45,27,54,28,50,22,3,55,47,43,48
47,17,45,27,54,28,50,22,3,55,47,43,48,49
17,45,27,54,28,50,22,3,55,47,43,48,49,2
45,27,54,28,50,22,3,55,47,43,48,49,2,47
27,54,28,50,22,3,55,47,43,48,49,2,47,58
54,28,50,22,3,55,47,43,48,49,2,47,58,8
28,50,22,3,55,47,43,48,49,2,47,58,8,43
50,22,3,55,47,43,48,49,2,47,58,8,43,39
22,3,55,47,43,48,49,2,47,58,8,43,39,46
3,55,47,43,48,49,2,47,58,8,43,39,46,8
55,47,43,48,49,2,47,58,8,43,39,46,8,21
47,43,48,49,2,47,58,8,43,39,46,8,21,19
43,48,49,2,47,58,8,43,39,46,8,21,19,30
48,49,2,47,58,8,43,39,46,8,21,19,30,52
49,2,47,58,8,43,39,46,8,21,19,30,52,56
2,47,58,8,43,39,46,8,21,19,30,52,56,36
47,58,8,43,39,46,8,21,19,30,52,56,36,29
58,8,43,39,46,8,21,19,30,52,56,36,29,23
8,43,39,46,8,21,19,30,52,56,36,29,23,49
43,39,46,8,21,19,30,52,56,36,29,23,49,32
39,46,8,21,19,30,52,56,36,29,23,49,32,45
46,8,21,19,30,52,56,36,29,23,49,32,45,11
8,21,19,30,52,56,36,29,23,49,32,45,11,41
21,19,30,52,56,36,29,23,49,32,45,11,41,51
19,30,52,56,36,29,23,49,32,45,11,41,51,5
30,52,56,36,29,23,49,32,45,11,41,51,5,19
52,56,36,29,23,49,32,45,11,41,51,5,19,4
56,36,29,23,49,32,45,11,41,51,5,19,4,40
36,29,23,49,32,45,11,41,51,5,19,4,40,7
29,23,49,32,45,11,41,51,5,19,4,40,7,44
23,49,32,45,11,41,51,5,19,4,40,7,44,55
49,32,45,11,41,51,5,19,4,40,7,44,55,34
32,45,11,41,51,5,19,4,40,7,44,55,34,20
45,11,41,51,5,19,4,40,7,44,55,34,20,4
11,41,51,5,19,4,40,7,44,55,34,20,4,23
41,51,5,19,4,40,7,44,55,34,20,4,23,55
51,5,19,4,40,7,44,55,34,20,4,23,55,10
5,19,4,40,7,44,55,34,20,4,23,55,10,38
19,4,40,7,44,55,34,20,4,23,55,10,38,33
4,40,7,44,55,34,20,4,23,55,10,38,33,41
40,7,44,55,34,20,4,23,55,10,38,33,41,49
7,44,55,34,20,4,23,55,10,38,33,41,49,36
44,55,34,20,4,23,55,10,38,33,41,49,36,42
55,34,20,4,23,55,10,38,33,41,49,36,42,31
34,20,4,23,55,10,38,33,41,49,36,42,31,38
20,4,23,55,10,38,33,41,49,36,42,31,38,4
4,23,55,10,38,33,41,49,36,42,31,38,4,17
23,55,10,38,33,41,49,36,42,31,38,4,17,38
55,10,38,33,41,49,36,42,31,38,4,17,38,9
10,38,33,41,49,36,42,31,38,4,17,38,9,18
38,33,41,49,36,42,31,38,4,17,38,9,18,21
33,41,49,36,42,31,38,4,17,38,9,18,21,53
41,49,36,42,31,38,4,17,38,9,18,21,53,43
49,36,42,31,38,4,17,38,9,18,21,53,43,23
36,42,31,38,4,17,38,9,18,21,53,43,23,6
42,31,38,4,17,38,9,18,21,53,43,23,6,7
31,38,4,17,38,9,18,21,53,43,23,6,7,8
38,4,17,38,9,18,21,53,43,23,6,7,8,59
4,17,38,9,18,21,53,43,23,6,7,8,59,5
17,38,9,18,21,53,43,23,6,7,8,59,5,42
38,9,18,21,53,43,23,6,7,8,59,5,42,8
9,18,21,53,43,23,6,7,8,59,5,42,8,46
18,21,53,43,23,6,7,8,59,5,42,8,46,2
21,53,43,23,6,7,8,59,5,42,8,46,2,5
53,43,23,6,7,8,59,5,42,8,46,2,5,12
43,23,6,7,8,59,5,42,8,46,2,5,12,1
23,6,7,8,59,5,42,8,46,2,5,12,1,7
6,7,8,59,5,42,8,46,2,5,12,1,7,45
7,8,59,5,42,8,46,2,5,12,1,7,45,10
8,59,5,42,8,46,2,5,12,1,7,45,10,16
59,5,42,8,46,2,5,12,1,7,45,10,16,52
5,42,8,46,2,5,12,1,7,45,10,16,52,5
42,8,46,2,5,12,1,7,45,10,16,52,5,44
8,46,2,5,12,1,7,45,10,16,52,5,44,10
46,2,5,12,1,7,45,10,16,52,5,44,10,50
2,5,12,1,7,45,10,16,52,5,44,10,50,36
5,12,1,7,45,10,16,52,5,44,10,50,36,47
12,1,7,45,10,16,52,5,44,10,50,36,47,42
1,7,45,10,16,52,5,44,10,50,36,47,42,29
7,45,10,16,52,5,44,10,50,36,47,42,29,53
45,10,16,52,5,44,10,50,36,47,42,29,53,31
10,16,52,5,44,10,50,36,47,42,29,53,31,35
16,52,5,44,10,50,36,47,42,29,53,31,35,10
52,5,44,10,50,36,47,42,29,53,31,35,10,15
5,44,10,50,36,47,42,29,53,31,35,10,15,58
44,10,50,36,47,42,29,53,31,35,10,15,58,36
10,50,36,47,42,29,53,31,35,10,15,58,36,3
50,36,47,42,29,53,31,35,10,15,58,36,3,9
36,47,42,29,53,31,35,10,15,58,36,3,9,46
47,42,29,53,31,35,10,15,58,36,3,9,46,23
42,29,53,31,35,10,15,58,36,3,9,46,23,32
29,53,31,35,10,15,58,36,3,9,46,23,32,35
53,31,35,10,15,58,36,3,9,46,23,32,35,57
31,35,10,15,58,36,3,9,46,23,32,35,57,60
35,10,15,58,36,3,9,46,23,32,35,57,60,24
10,15,58,36,3,9,46,23,32,35,57,60,24,56
15,58,36,3,9,46,23,32,35,57,60,24,56,45
58,36,3,9,46,23,32,35,57,60,24,56,45,10
36,3,9,46,23,32,35,57,60,24,56,45,10,8
3,9,46,23,32,35,57,60,24,56,45,10,8,8
9,46,23,32,35,57,60,24,56,45,10,8,8,44
46,23,32,35,57,60,24,56,45,10,8,8,44,40
23,32,35,57,60,24,56,45,10,8,8,44,40,35
32,35,57,60,24,56,45,10,8,8,44,40,35,22
35,57,60,24,56,45,10,8,8,44,40,35,22,12
57,60,24,56,45,10,8,8,44,40,35,22,12,13
60,24,56,45,10,8,8,44,40,35,22,12,13,53
24,56,45,10,8,8,44,40,35,22,12,13,53,20
56,45,10,8,8,44,40,35,22,12,13,53,20,31
45,10,8,8,44,40,35,22,12,13,53,20,31,60
10,8,8,44,40,35,22,12,13,53,20,31,60,27
8,8,44,40,35,22,12,13,53,20,31,60,27,21
8,44,40,35,22,12,13,53,20,31,60,27,21,40
44,40,35,22,12,13,53,20,31,60,27,21,40,51
40,35,22,12,13,53,20,31,60,27,21,40,51,27
35,22,12,13,53,20,31,60,27,21,40,51,27,24
22,12,13,53,20,31,60,27,21,40,51,27,24,2
12,13,53,20,31,60,27,21,40,51,27,24,2,42
13,53,20,31,60,27,21,40,51,27,24,2,42,30
53,20,31,60,27,21,40,51,27,24,2,42,30,9
20,31,60,27,21,40,51,27,24,2,42,30,9,19
31,60,27,21,40,51,27,24,2,42,30,9,19,31
60,27,21,40,51,27,24,2,42,30,9,19,31,21
27,21,40,51,27,24,2,42,30,9,19,31,21,54
21,40,51,27,24,2,42,30,9,19,31,21,54,1
40,51,27,24,2,42,30,9,19,31,21,54,1,15
51,27,24,2,42,30,9,19,31,21,54,1,15,37
27,24,2,42,30,9,19,31,21,54,1,15,37,46
24,2,42,30,9,19,31,21,54,1,15,37,46,42
2,42,30,9,19,31,21,54,1,15,37,46,42,32
42,30,9,19,31,21,54,1,15,37,46,42,32,41
30,9,19,31,21,54,1,15,37,46,42,32,41,51
9,19,31,21,54,1,15,37,46,42,32,41,51,7
19,31,21,54,1,15,37,46,42,32,41,51,7,31
31,21,54,1,15,37,46,42,32,41,51,7,31,52
21,54,1,15,37,46,42,32,41,51,7,31,52,6
54,1,15,37,46,42,32,41,51,7,31,52,6,43
1,15,37,46,42,32,41,51,7,31,52,6,43,17
15,37,46,42,32,41,51,7,31,52,6,43,17,5
37,46,42,32,41,51,7,31,52,6,43,17,5,54
46,42,32,41,51,7,31,52,6,43,17,5,54,59
42,32,41,51,7,31,52,6,43,17,5,54,59,2
32,41,51,7,31,52,6,43,17,5,54,59,2,26
41,51,7,31,52,6,43,17,5,54,59,2,26,6
51,7,31,52,6,43,17,5,54,59,2,26,6,13
7,31,52,6,43,17,5,54,59,2,26,6,13,53
31,52,6,43,17,5,54,59,2,26,6,13,53,60
52,6,43,17,5,54,59,2,26,6,13,53,60,36
6,43,17,5,54,59,2,26,6,13,53,60,36,53
43,17,5,54,59,2,26,6,13,53,60,36,53,35
17,5,54,59,2,26,6,13,53,60,36,53,35,9
5,54,59,2,26,6,13,53,60,36,53,35,9,1
54,59,2,26,6,13,53,60,36,53,35,9,1,4
59,2,26,6,13,53,60,36,53,35,9,1,4,24
2,26,6,13,53,60,36,53,35,9,1,4,24,51
26,6,13,53,60,36,53,35,9,1,4,24,51,50
6,13,53,60,36,53,35,9,1,4,24,51,50,28
13,53,60,36,53,35,9,1,4,24,51,50,28,58
53,60,36,53,35,9,1,4,24,51,50,28,58,47
60,36,53,35,9,1,4,24,51,50,28,58,47,17
36,53,35,9,1,4,24,51,50,28,58,47,17,51
53,35,9,1,4,24,51,50,28,58,47,17,51,36
35,9,1,4,24,51,50,28,58,47,17,51,36,6
9,1,4,24,51,50,28,58,47,17,51,36,6,42
1,4,24,51,50,28,58,47,17,51,36,6,42,13
4,24,51,50,28,58,47,17,51,36,6,42,13,31
24,51,50,28,58,47,17,51,36,6,42,13,31,18
51,50,28,58,47,17,51,36,6,42,13,31,18,4
50,28,58,47,17,51,36,6,42,13,31,18,4,46
28,58,47,17,51,36,6,42,13,31,18,4,46,44
58,47,17,51,36,6,42,13,31,18,4,46,44,49
47,17,51,36,6,42,13,31,18,4,46,44,49,49
17,51,36,6,42,13,31,18,4,46,44,49,49,27
51,36,6,42,13,31,18,4,46,44,49,49,27,43
36,6,42,13,31,18,4,46,44,49,49,27,43,17
6,42,13,31,18,4,46,44,49,49,27,43,17,14
42,13,31,18,4,46,44,49,49,27,43,17,14,21
13,31,18,4,46,44,49,49,27,43,17,14,21,26
31,18,4,46,44,49,49,27,43,17,14,21,26,20
18,4,46,44,49,49,27,43,17,14,21,26,20,5
4,46,44,49,49,27,43,17,14,21,26,20,5,44
46,44,49,49,27,43,17,14,21,26,20,5,44,33
44,49,49,27,43,17,14,21,26,20,5,44,33,31
49,49,27,43,17,14,21,26,20,5,44,33,31,46
49,27,43,17,14,21,26,20,5,44,33,31,46,40
27,43,17,14,21,26,20,5,44,33,31,46,40,58
43,17,14,21,26,20,5,44,33,31,46,40,58,31
17,14,21,26,20,5,44,33,31,46,40,58,31,28
14,21,26,20,5,44,33,31,46,40,58,31,28,42
21,26,20,5,44,33,31,46,40,58,31,28,42,23
26,20,5,44,33,31,46,40,58,31,28,42,23,31
20,5,44,33,31,46,40,58,31,28,42,23,31,47
5,44,33,31,46,40,58,31,28,42,23,31,47,54
44,33,31,46,40,58,31,28,42,23,31,47,54,3
33,31,46,40,58,31,28,42,23,31,47,54,3,26
31,46,40,58,31,28,42,23,31,47,54,3,26,9
46,40,58,31,28,42,23,31,47,54,3,26,9,51
40,58,31,28,42,23,31,47,54,3,26,9,51,20
58,31,28,42,23,31,47,54,3,26,9,51,20,24
31,28,42,23,31,47,54,3,26,9,51,20,24,52
28,42,23,31,47,54,3,26,9,51,20,24,52,43
42,23,31,47,54,3,26,9,51,20,24,52,43,46
23,31,47,54,3,26,9,51,20,24,52,43,46,17
31,47,54,3,26,9,51,20,24,52,43,46,17,5
47,54,3,26,9,51,20,24,52,43,46,17,5,42
54,3,26,9,51,20,24,52,43,46,17,5,42,47
3,26,9,51,20,24,52,43,46,17,5,42,47,8
26,9,51,20,24,52,43,46,17,5,42,47,8,57
9,51,20,24,52,43,46,17,5,42,47,8,57,23
51,20,24,52,43,46,17,5,42,47,8,57,23,38
20,24,52,43,46,17,5,42,47,8,57,23,38,13
24,52,43,46,17,5,42,47,8,57,23,38,13,34
52,43,46,17,5,42,47,8,57,23,38,13,34,27
43,46,17,5,42,47,8,57,23,38,13,34,27,24
46,17,5,42,47,8,57,23,38,13,34,27,24,22
17,5,42,47,8,57,23,38,13,34,27,24,22,38
5,42,47,8,57,23,38,13,34,27,24,22,38,49
42,47,8,57,23,38,13,34,27,24,22,38,49,10
47,8,57,23,38,13,34,27,24,22,38,49,10,39
8,57,23,38,13,34,27,24,22,38,49,10,39,21
57,23,38,13,34,27,24,22,38,49,10,39,21,7
23,38,13,34,27,24,22,38,49,10,39,21,7,5
38,13,34,27,24,22,38,49,10,39,21,7,5,53
13,34,27,24,22,38,49,10,39,21,7,5,53,45
34,27,24,22,38,49,10,39,21,7,5,53,45,4
27,24,22,38,49,10,39,21,7,5,53,45,4,33
24,22,38,49,10,39,21,7,5,53,45,4,33,56
22,38,49,10,39,21,7,5,53,45,4,33,56,59
38,49,10,39,21,7,5,53,45,4,33,56,59,43
49,10,39,21,7,5,53,45,4,33,56,59,43,50
10,39,21,7,5,53,45,4,33,56,59,43,50,49
39,21,7,5,53,45,4,33,56,59,43,50,49,32
21,7,5,53,45,4,33,56,59,43,50,49,32,2
7,5,53,45,4,33,56,59,43,50,49,32,2,27
5,53,45,4,33,56,59,43,50,49,32,2,27,47
53,45,4,33,56,59,43,50,49,32,2,27,47,58
45,4,33,56,59,43,50,49,32,2,27,47,58,41
4,33,56,59,43,50,49,32,2,27,47,58,41,45
33,56,59,43,50,49,32,2,27,47,58,41,45,11
56,59,43,50,49,32,2,27,47,58,41,45,11,22
59,43,50,49,32,2,27,47,58,41,45,11,22,52
43,50,49,32,2,27,47,58,41,45,11,22,52,36
50,49,32,2,27,47,58,41,45,11,22,52,36,40
49,32,2,27,47,58,41,45,11,22,52,36,40,3
32,2,27,47,58,41,45,11,22,52,36,40,3,52
2,27,47,58,41,45,11,22,52,36,40,3,52,5
27,47,58,41,45,11,22,52,36,40,3,52,5,43
47,58,41,45,11,22,52,36,40,3,52,5,43,35
58,41,45,11,22,52,36,40,3,52,5,43,35,14
41,45,11,22,52,36,40,3,52,5,43,35,14,26
45,11,22,52,36,40,3,52,5,43,35,14,26,57
11,22,52,36,40,3,52,5,43,35,14,26,57,20
22,52,36,40,3,52,5,43,35,14,26,57,20,32
52,36,40,3,52,5,43,35,14,26,57,20,32,45
36,40,3,52,5,43,35,14,26,57,20,32,45,41
40,3,52,5,43,35,14,26,57,20,32,45,41,38
3,52,5,43,35,14,26,57,20,32,45,41,38,26
52,5,43,35,14,26,57,20,32,45,41,38,26,60
5,43,35,14,26,57,20,32,45,41,38,26,60,34
43,35,14,26,57,20,32,45,41,38,26,60,34,29
35,14,26,57,20,32,45,41,38,26,60,34,29,50
14,26,57,20,32,45,41,38,26,60,34,29,50,47
26,57,20,32,45,41,38,26,60,34,29,50,47,20
57,20,32,45,41,38,26,60,34,29,50,47,20,35
20,32,45,41,38,26,60,34,29,50,47,20,35,4
32,45,41,38,26,60,34,29,50,47,20,35,4,59
45,41,38,26,60,34,29,50,47,20,35,4,59,24
41,38,26,60,34,29,50,47,20,35,4,59,24,30
38,26,60,34,29,50,47,20,35,4,59,24,30,43
26,60,34,29,50,47,20,35,4,59,24,30,43,7
60,34,29,50,47,20,35,4,59,24,30,43,7,44
34,29,50,47,20,35,4,59,24,30,43,7,44,1
29,50,47,20,35,4,59,24,30,43,7,44,1,54
50,47,20,35,4,59,24,30,43,7,44,1,54,47
47,20,35,4,59,24,30,43,7,44,1,54,47,48
20,35,4,59,24,30,43,7,44,1,54,47,48,44
35,4,59,24,30,43,7,44,1,54,47,48,44,60
4,59,24,30,43,7,44,1,54,47,48,44,60,4
59,24,30,43,7,44,1,54,47,48,44,60,4,29
24,30,43,7,44,1,54,47,48,44,60,4,29,18
30,43,7,44,1,54,47,48,44,60,4,29,18,56
43,7,44,1,54,47,48,44,60,4,29,18,56,27
7,44,1,54,47,48,44,60,4,29,18,56,27,6
44,1,54,47,48,44,60,4,29,18,56,27,6,24
1,54,47,48,44,60,4,29,18,56,27,6,24,59
54,47,48,44,60,4,29,18,56,27,6,24,59,2
47,48,44,60,4,29,18,56,27,6,24,59,2,11
48,44,60,4,29,18,56,27,6,24,59,2,11,49
44,60,4,29,18,56,27,6,24,59,2,11,49,13
60,4,29,18,56,27,6,24,59,2,11,49,13,36
4,29,18,56,27,6,24,59,2,11,49,13,36,1
29,18,56,27,6,24,59,2,11,49,13,36,1,44
18,56,27,6,24,59,2,11,49,13,36,1,44,9
56,27,6,24,59,2,11,49,13,36,1,44,9,33
27,6,24,59,2,11,49,13,36,1,44,9,33,10
6,24,59,2,11,49,13,36,1,44,9,33,10,23
24,59,2,11,49,13,36,1,44,9,33,10,23,51
59,2,11,49,13,36,1,44,9,33,10,23,51,30
2,11,49,13,36,1,44,9,33,10,23,51,30,32
11,49,13,36,1,44,9,33,10,23,51,30,32,51
49,13,36,1,44,9,33,10,23,51,30,32,51,8
13,36,1,44,9,33,10,23,51,30,32,51,8,28
36,1,44,9,33,10,23,51,30,32,51,8,28,23
1,44,9,33,10,23,51,30,32,51,8,28,23,33
44,9,33,10,23,51,30,32,51,8,28,23,33,19
9,33,10,23,51,30,32,51,8,28,23,33,19,52
33,10,23,51,30,32,51,8,28,23,33,19,52,51
10,23,51,30,32,51,8,28,23,33,19,52,51,35
23,51,30,32,51,8,28,23,33,19,52,51,35,26
51,30,32,51,8,28,23,33,19,52,51,35,26,5
30,32,51,8,28,23,33,19,52,51,35,26,5,56
32,51,8,28,23,33,19,52,51,35,26,5,56,24
51,8,28,23,33,19,52,51,35,26,5,56,24,55
8,28,23,33,19,52,51,35,26,5,56,24,55,1
28,23,33,19,52,51,35,26,5,56,24,55,1,47
23,33,19,52,51,35,26,5,56,24,55,1,47,38
33,19,52,51,35,26,5,56,24,55,1,47,38,2
19,52,51,35,26,5,56,24,55,1,47,38,2,42
52,51,35,26,5,56,24,55,1,47,38,2,42,58
51,35,26,5,56,24,55,1,47,38,2,42,58,41
35,26,5,56,24,55,1,47,38,2,42,58,41,1
26,5,56,24,55,1,47,38,2,42,58,41,1,35
5,56,24,55,1,47,38,2,42,58,41,1,35,51
56,24,55,1,47,38,2,42,58,41,1,35,51,34
24,55,1,47,38,2,42,58,41,1,35,51,34,49
55,1,47,38,2,42,58,41,1,35,51,34,49,16
1,47,38,2,42,58,41,1,35,51,34,49,16,29
47,38,2,42,58,41,1,35,51,34,49,16,29,6
38,2,42,58,41,1,35,51,34,49,16,29,6,18
2,42,58,41,1,35,51,34,49,16,29,6,18,46
42,58,41,1,35,51,34,49,16,29,6,18,46,23
58,41,1,35,51,34,49,16,29,6,18,46,23,31
41,1,35,51,34,49,16,29,6,18,46,23,31,2
1,35,51,34,49,16,29,6,18,46,23,31,2,51
35,51,34,49,16,29,6,18,46,23,31,2,51,30
51,34,49,16,29,6,18,46,23,31,2,51,30,29
34,49,16,29,6,18,46,23,31,2,51,30,29,33
49,16,29,6,18,46,23,31,2,51,30,29,33,46
16,29,6,18,46,23,31,2,51,30,29,33,46,23
29,6,18,46,23,31,2,51,30,29,33,46,23,47
6,18,46,23,31,2,51,30,29,33,46,23,47,3
18,46,23,31,2,51,30,29,33,46,23,47,3,43
46,23,31,2,51,30,29,33,46,23,47,3,43,42
23,31,2,51,30,29,33,46,23,47,3,43,42,60
31,2,51,30,29,33,46,23,47,3,43,42,60,23
2,51,30,29,33,46,23,47,3,43,42,60,23,19
51,30,29,33,46,23,47,3,43,42,60,23,19,20
30,29,33,46,23,47,3,43,42,60,23,19,20,16
29,33,46,23,47,3,43,42,60,23,19,20,16,60
33,46,23,47,3,43,42,60,23,19,20,16,60,28
46,23,47,3,43,42,60,23,19,20,16,60,28,37
23,47,3,43,42,60,23,19,20,16,60,28,37,10
47,3,43,42,60,23,19,20,16,60,28,37,10,16
3,43,42,60,23,19,20,16,60,28,37,10,16,34
43,42,60,23,19,20,16,60,28,37,10,16,34,13
42,60,23,19,20,16,60,28,37,10,16,34,13,60
60,23,19,20,16,60,28,37,10,16,34,13,60,22
23,19,20,16,60,28,37,10,16,34,13,60,22,31
19,20,16,60,28,37,10,16,34,13,60,22,31,37
20,16,60,28,37,10,16,34,13,60,22,31,37,21
16,60,28,37,10,16,34,13,60,22,31,37,21,38
60,28,37,10,16,34,13,60,22,31,37,21,38,8
28,37,10,16,34,13,60,22,31,37,21,38,8,18
37,10,16,34,13,60,22,31,37,21,38,8,18,34
10,16,34,13,60,22,31,37,21,38,8,18,34,23
16,34,13,60,22,31,37,21,38,8,18,34,23,41
34,13,60,22,31,37,21,38,8,18,34,23,41,19
13,60,22,31,37,21,38,8,18,34,23,41,19,40
60,22,31,37,21,38,8,18,34,23,41,19,40,58
22,31,37,21,38,8,18,34,23,41,19,40,58,38
31,37,21,38,8,18,34,23,41,19,40,58,38,54
37,21,38,8,18,34,23,41,19,40,58,38,54,23
21,38,8,18,34,23,41,19,40,58,38,54,23,12
38,8,18,34,23,41,19,40,58,38,54,23,12,17
8,18,34,23,41,19,40,58,38,54,23,12,17,53
18,34,23,41,19,40,58,38,54,23,12,17,53,48
34,23,41,19,40,58,38,54,23,12,17,53,48,18
23,41,19,40,58,38,54,23,12,17,53,48,18,15
41,19,40,58,38,54,23,12,17,53,48,18,15,22
19,40,58,38,54,23,12,17,53,48,18,15,22,20
40,58,38,54,23,12,17,53,48,18,15,22,20,16
58,38,54,23,12,17,53,48,18,15,22,20,16,54
38,54,23,12,17,53,48,18,15,22,20,16,54,33
54,23,12,17,53,48,18,15,22,20,16,54,33,24
23,12,17,53,48,18,15,22,20,16,54,33,24,44
12,17,53,48,18,15,22,20,16,54,33,24,44,38
17,53,48,18,15,22,20,16,54,33,24,44,38,42
53,48,18,15,22,20,16,54,33,24,44,38,42,23
48,18,15,22,20,16,54,33,24,44,38,42,23,57
18,15,22,20,16,54,33,24,44,38,42,23,57,29
15,22,20,16,54,33,24,44,38,42,23,57,29,17
22,20,16,54,33,24,44,38,42,23,57,29,17,60
20,16,54,33,24,44,38,42,23,57,29,17,60,38
16,54,33,24,44,38,42,23,57,29,17,60,38,27
54,33,24,44,38,42,23,57,29,17,60,38,27,44
33,24,44,38,42,23,57,29,17,60,38,27,44,8
24,44,38,42,23,57,29,17,60,38,27,44,8,35
44,38,42,23,57,29,17,60,38,27,44,8,35,38
38,42,23,57,29,17,60,38,27,44,8,35,38,41
42,23,57,29,17,60,38,27,44,8,35,38,41,44
23,57,29,17,60,38,27,44,8,35,38,41,44,28
57,29,17,60,38,27,44,8,35,38,41,44,28,24
29,17,60,38,27,44,8,35,38,41,44,28,24,57
17,60,38,27,44,8,35,38,41,44,28,24,57,7
60,38,27,44,8,35,38,41,44,28,24,57,7,26
38,27,44,8,35,38,41,44,28,24,57,7,26,45
27,44,8,35,38,41,44,28,24,57,7,26,45,22
44,8,35,38,41,44,28,24,57,7,26,45,22,27
8,35,38,41,44,28,24,57,7,26,45,22,27,21
35,38,41,44,28,24,57,7,26,45,22,27,21,1
38,41,44,28,24,57,7,26,45,22,27,21,1,32
41,44,28,24,57,7,26,45,22,27,21,1,32,50
44,28,24,57,7,26,45,22,27,21,1,32,50,33
28,24,57,7,26,45,22,27,21,1,32,50,33,42
24,57,7,26,45,22,27,21,1,32,50,33,42,7
57,7,26,45,22,27,21,1,32,50,33,42,7,58
7,26,45,22,27,21,1,32,50,33,42,7,58,16
26,45,22,27,21,1,32,50,33,42,7,58,16,56
45,22,27,21,1,32,50,33,42,7,58,16,56,46
22,27,21,1,32,50,33,42,7,58,16,56,46,7
27,21,1,32,50,33,42,7,58,16,56,46,7,24
21,1,32,50,33,42,7,58,16,56,46,7,24,28
1,32,50,33,42,7,58,16,56,46,7,24,28,53
32,50,33,42,7,58,16,56,46,7,24,28,53,6
50,33,42,7,58,16,56,46,7,24,28,53,6,4
33,42,7,58,16,56,46,7,24,28,53,6,4,43
42,7,58,16,56,46,7,24,28,53,6,4,43,54
7,58,16,56,46,7,24,28,53,6,4,43,54,56
58,16,56,46,7,24,28,53,6,4,43,54,56,11
16,56,46,7,24,28,53,6,4,43,54,56,11,10
56,46,7,24,28,53,6,4,43,54,56,11,10,54
46,7,24,28,53,6,4,43,54,56,11,10,54,37
7,24,28,53,6,4,43,54,56,11,10,54,37,45
24,28,53,6,4,43,54,56,11,10,54,37,45,14
28,53,6,4,43,54,56,11,10,54,37,45,14,7
53,6,4,43,54,56,11,10,54,37,45,14,7,7
6,4,43,54,56,11,10,54,37,45,14,7,7,40
4,43,54,56,11,10,54,37,45,14,7,7,40,19
43,54,56,11,10,54,37,45,14,7,7,40,19,49
54,56,11,10,54,37,45,14,7,7,40,19,49,11
56,11,10,54,37,45,14,7,7,40,19,49,11,23
11,10,54,37,45,14,7,7,40,19,49,11,23,20
10,54,37,45,14,7,7,40,19,49,11,23,20,33
54,37,45,14,7,7,40,19,49,11,23,20,33,37
37,45,14,7,7,40,19,49,11,23,20,33,37,49
45,14,7,7,40,19,49,11,23,20,33,37,49,4
14,7,7,40,19,49,11,23,20,33,37,49,4,10
7,7,40,19,49,11,23,20,33,37,49,4,10,17
7,40,19,49,11,23,20,33,37,49,4,10,17,38
40,19,49,11,23,20,33,37,49,4,10,17,38,42
19,49,11,23,20,33,37,49,4,10,17,38,42,51
49,11,23,20,33,37,49,4,10,17,38,42,51,34
11,23,20,33,37,49,4,10,17,38,42,51,34,8
23,20,33,37,49,4,10,17,38,42,51,34,8,16
20,33,37,49,4,10,17,38,42,51,34,8,16,48
33,37,49,4,10,17,38,42,51,34,8,16,48,43
37,49,4,10,17,38,42,51,34,8,16,48,43,27
49,4,10,17,38,42,51,34,8,16,48,43,27,58
4,10,17,38,42,51,34,8,16,48,43,27,58,13
10,17,38,42,51,34,8,16,48,43,27,58,13,57
17,38,42,51,34,8,16,48,43,27,58,13,57,10
38,42,51,34,8,16,48,43,27,58,13,57,10,25
42,51,34,8,16,48,43,27,58,13,57,10,25,14
51,34,8,16,48,43,27,58,13,57,10,25,14,33
34,8,16,48,43,27,58,13,57,10,25,14,33,29
8,16,48,43,27,58,13,57,10,25,14,33,29,20
16,48,43,27,58,13,57,10,25,14,33,29,20,27
48,43,27,58,13,57,10,25,14,33,29,20,27,49
43,27,58,13,57,10,25,14,33,29,20,27,49,40
27,58,13,57,10,25,14,33,29,20,27,49,40,55
58,13,57,10,25,14,33,29,20,27,49,40,55,18
13,57,10,25,14,33,29,20,27,49,40,55,18,48
57,10,25,14,33,29,20,27,49,40,55,18,48,8
10,25,14,33,29,20,27,49,40,55,18,48,8,21
25,14,33,29,20,27,49,40,55,18,48,8,21,36
14,33,29,20,27,49,40,55,18,48,8,21,36,23
33,29,20,27,49,40,55,18,48,8,21,36,23,29
29,20,27,49,40,55,18,48,8,21,36,23,29,20
20,27,49,40,55,18,48,8,21,36,23,29,20,11
27,49,40,55,18,48,8,21,36,23,29,20,11,16
49,40,55,18,48,8,21,36,23,29,20,11,16,1
40,55,18,48,8,21,36,23,29,20,11,16,1,56
55,18,48,8,21,36,23,29,20,11,16,1,56,5
18,48,8,21,36,23,29,20,11,16,1,56,5,51
48,8,21,36,23,29,20,11,16,1,56,5,51,27
8,21,36,23,29,20,11,16,1,56,5,51,27,1
21,36,23,29,20,11,16,1,56,5,51,27,1,23
36,23,29,20,11,16,1,56,5,51,27,1,23,45
23,29,20,11,16,1,56,5,51,27,1,23,45,2
29,20,11,16,1,56,5,51,27,1,23,45,2,51
20,11,16,1,56,5,51,27,1,23,45,2,51,24
11,16,1,56,5,51,27,1,23,45,2,51,24,56
16,1,56,5,51,27,1,23,45,2,51,24,56,7
1,56,5,51,27,1,23,45,2,51,24,56,7,12
56,5,51,27,1,23,45,2,51,24,56,7,12,44
5,51,27,1,23,45,2,51,24,56,7,12,44,47
51,27,1,23,45,2,51,24,56,7,12,44,47,40
27,1,23,45,2,51,24,56,7,12,44,47,40,55
1,23,45,2,51,24,56,7,12,44,47,40,55,57
23,45,2,51,24,56,7,12,44,47,40,55,57,52
45,2,51,24,56,7,12,44,47,40,55,57,52,5
2,51,24,56,7,12,44,47,40,55,57,52,5,29
51,24,56,7,12,44,47,40,55,57,52,5,29,28
24,56,7,12,44,47,40,55,57,52,5,29,28,31
56,7,12,44,47,40,55,57,52,5,29,28,31,48
7,12,44,47,40,55,57,52,5,29,28,31,48,45
12,44,47,40,55,57,52,5,29,28,31,48,45,49
44,47,40,55,57,52,5,29,28,31,48,45,49,1
47,40,55,57,52,5,29,28,31,48,45,49,1,33
40,55,57,52,5,29,28,31,48,45,49,1,33,30
55,57,52,5,29,28,31,48,45,49,1,33,30,17
57,52,5,29,28,31,48,45,49,1,33,30,17,47
52,5,29,28,31,48,45,49,1,33,30,17,47,19
5,29,28,31,48,45,49,1,33,30,17,47,19,21
29,28,31,48,45,49,1,33,30,17,47,19,21,31
28,31,48,45,49,1,33,30,17,47,19,21,31,56
31,48,45,49,1,33,30,17,47,19,21,31,56,55
48,45,49,1,33,30,17,47,19,21,31,56,55,45
45,49,1,33,30,17,47,19,21,31,56,55,45,27
49,1,33,30,17,47,19,21,31,56,55,45,27,20
1,33,30,17,47,19,21,31,56,55,45,27,20,10
33,30,17,47,19,21,31,56,55,45,27,20,10,1
30,17,47,19,21,31,56,55,45,27,20,10,1,5
17,47,19,21,31,56,55,45,27,20,10,1,5,42
47,19,21,31,56,55,45,27,20,10,1,5,42,3
19,21,31,56,55,45,27,20,10,1,5,42,3,35
21,31,56,55,45,27,20,10,1,5,42,3,35,10
31,56,55,45,27,20,10,1,5,42,3,35,10,47
56,55,45,27,20,10,1,5,42,3,35,10,47,5
55,45,27,20,10,1,5,42,3,35,10,47,5,24
45,27,20,10,1,5,42,3,35,10,47,5,24,23
27,20,10,1,5,42,3,35,10,47,5,24,23,42
20,10,1,5,42,3,35,10,47,5,24,23,42,59
10,1,5,42,3,35,10,47,5,24,23,42,59,30
1,5,42,3,35,10,47,5,24,23,42,59,30,58
5,42,3,35,10,47,5,24,23,42,59,30,58,50
42,3,35,10,47,5,24,23,42,59,30,58,50,22
3,35,10,47,5,24,23,42,59,30,58,50,22,36
35,10,47,5,24,23,42,59,30,58,50,22,36,3
10,47,5,24,23,42,59,30,58,50,22,36,3,35
47,5,24,23,42,59,30,58,50,22,36,3,35,56
5,24,23,42,59,30,58,50,22,36,3,35,56,18
24,23,42,59,30,58,50,22,36,3,35,56,18,34
23,42,59,30,58,50,22,36,3,35,56,18,34,2
42,59,30,58,50,22,36,3,35,56,18,34,2,1
59,30,58,50,22,36,3,35,56,18,34,2,1,37
30,58,50,22,36,3,35,56,18,34,2,1,37,51
58,50,22,36,3,35,56,18,34,2,1,37,51,48
50,22,36,3,35,56,18,34,2,1,37,51,48,11
22,36,3,35,56,18,34,2,1,37,51,48,11,52
36,3,35,56,18,34,2,1,37,51,48,11,52,33
3,35,56,18,34,2,1,37,51,48,11,52,33,15
35,56,18,34,2,1,37,51,48,11,52,33,15,28
56,18,34,2,1,37,51,48,11,52,33,15,28,51
18,34,2,1,37,51,48,11,52,33,15,28,51,10
34,2,1,37,51,48,11,52,33,15,28,51,10,35
2,1,37,51,48,11,52,33,15,28,51,10,35,52
1,37,51,48,11,52,33,15,28,51,10,35,52,17
37,51,48,11,52,33,15,28,51,10,35,52,17,19
51,48,11,52,33,15,28,51,10,35,52,17,19,9
48,11,52,33,15,28,51,10,35,52,17,19,9,11
11,52,33,15,28,51,10,35,52,17,19,9,11,28
52,33,15,28,51,10,35,52,17,19,9,11,28,2
33,15,28,51,10,35,52,17,19,9,11,28,2,1
15,28,51,10,35,52,17,19,9,11,28,2,1,46
28,51,10,35,52,17,19,9,11,28,2,1,46,27
51,10,35,52,17,19,9,11,28,2,1,46,27,47
10,35,52,17,19,9,11,28,2,1,46,27,47,37
35,52,17,19,9,11,28,2,1,46,27,47,37,46
52,17,19,9,11,28,2,1,46,27,47,37,46,47
17,19,9,11,28,2,1,46,27,47,37,46,47,51
19,9,11,28,2,1,46,27,47,37,46,47,51,23
9,11,28,2,1,46,27,47,37,46,47,51,23,38
11,28,2,1,46,27,47,37,46,47,51,23,38,1
28,2,1,46,27,47,37,46,47,51,23,38,1,33
2,1,46,27,47,37,46,47,51,23,38,1,33,8
1,46,27,47,37,46,47,51,23,38,1,33,8,11
46,27,47,37,46,47,51,23,38,1,33,8,11,6
27,47,37,46,47,51,23,38,1,33,8,11,6,50
47,37,46,47,51,23,38,1,33,8,11,6,50,13
37,46,47,51,23,38,1,33,8,11,6,50,13,39
46,47,51,23,38,1,33,8,11,6,50,13,39,51
47,51,23,38,1,33,8,11,6,50,13,39,51,37
51,23,38,1,33,8,11,6,50,13,39,51,37,35
23,38,1,33,8,11,6,50,13,39,51,37,35,7
38,1,33,8,11,6,50,13,39,51,37,35,7,48
1,33,8,11,6,50,13,39,51,37,35,7,48,4
33,8,11,6,50,13,39,51,37,35,7,48,4,12
8,11,6,50,13,39,51,37,35,7,48,4,12,34
11,6,50,13,39,51,37,35,7,48,4,12,34,32
6,50,13,39,51,37,35,7,48,4,12,34,32,33
50,13,39,51,37,35,7,48,4,12,34,32,33,9
13,39,51,37,35,7,48,4,12,34,32,33,9,12
39,51,37,35,7,48,4,12,34,32,33,9,12,31
51,37,35,7,48,4,12,34,32,33,9,12,31,50
37,35,7,48,4,12,34,32,33,9,12,31,50,18
35,7,48,4,12,34,32,33,9,12,31,50,18,39
7,48,4,12,34,32,33,9,12,31,50,18,39,39
48,4,12,34,32,33,9,12,31,50,18,39,39,46
4,12,34,32,33,9,12,31,50,18,39,39,46,18
12,34,32,33,9,12,31,50,18,39,39,46,18,51
34,32,33,9,12,31,50,18,39,39,46,18,51,31
32,33,9,12,31,50,18,39,39,46,18,51,31,3
33,9,12,31,50,18,39,39,46,18,51,31,3,44
9,12,31,50,18,39,39,46,18,51,31,3,44,37
12,31,50,18,39,39,46,18,51,31,3,44,37,9
31,50,18,39,39,46,18,51,31,3,44,37,9,55
50,18,39,39,46,18,51,31,3,44,37,9,55,14
18,39,39,46,18,51,31,3,44,37,9,55,14,46
39,39,46,18,51,31,3,44,37,9,55,14,46,15
39,46,18,51,31,3,44,37,9,55,14,46,15,58
46,18,51,31,3,44,37,9,55,14,46,15,58,24
18,51,31,3,44,37,9,55,14,46,15,58,24,37
51,31,3,44,37,9,55,14,46,15,58,24,37,46
31,3,44,37,9,55,14,46,15,58,24,37,46,49
3,44,37,9,55,14,46,15,58,24,37,46,49,18
44,37,9,55,14,46,15,58,24,37,46,49,18,23
37,9,55,14,46,15,58,24,37,46,49,18,23,42
9,55,14,46,15,58,24,37,46,49,18,23,42,56
55,14,46,15,58,24,37,46,49,18,23,42,56,32
14,46,15,58,24,37,46,49,18,23,42,56,32,30
46,15,58,24,37,46,49,18,23,42,56,32,30,41
15,58,24,37,46,49,18,23,42,56,32,30,41,2
58,24,37,46,49,18,23,42,56,32,30,41,2,53
24,37,46,49,18,23,42,56,32,30,41,2,53,5
37,46,49,18,23,42,56,32,30,41,2,53,5,13
46,49,18,23,42,56,32,30,41,2,53,5,13,27
49,18,23,42,56,32,30,41,2,53,5,13,27,24
18,23,42,56,32,30,41,2,53,5,13,27,24,45
23,42,56,32,30,41,2,53,5,13,27,24,45,53
42,56,32,30,41,2,53,5,13,27,24,45,53,35
56,32,30,41,2,53,5,13,27,24,45,53,35,26
32,30,41,2,53,5,13,27,24,45,53,35,26,21
30,41,2,53,5,13,27,24,45,53,35,26,21,39
41,2,53,5,13,27,24,45,53,35,26,21,39,45
2,53,5,13,27,24,45,53,35,26,21,39,45,58
53,5,13,27,24,45,53,35,26,21,39,45,58,10
5,13,27,24,45,53,35,26,21,39,45,58,10,1
13,27,24,45,53,35,26,21,39,45,58,10,1,24
27,24,45,53,35,26,21,39,45,58,10,1,24,44
24,45,53,35,26,21,39,45,58,10,1,24,44,56
45,53,35,26,21,39,45,58,10,1,24,44,56,13
53,35,26,21,39,45,58,10,1,24,44,56,13,14
35,26,21,39,45,58,10,1,24,44,56,13,14,27
26,21,39,45,58,10,1,24,44,56,13,14,27,11
21,39,45,58,10,1,24,44,56,13,14,27,11,19
39,45,58,10,1,24,44,56,13,14,27,11,19,18
45,58,10,1,24,44,56,13,14,27,11,19,18,38
58,10,1,24,44,56,13,14,27,11,19,18,38,5
10,1,24,44,56,13,14,27,11,19,18,38,5,21
1,24,44,56,13,14,27,11,19,18,38,5,21,15
24,44,56,13,14,27,11,19,18,38,5,21,15,34
44,56,13,14,27,11,19,18,38,5,21,15,34,29
56,13,14,27,11,19,18,38,5,21,15,34,29,20
13,14,27,11,19,18,38,5,21,15,34,29,20,37
14,27,11,19,18,38,5,21,15,34,29,20,37,57
27,11,19,18,38,5,21,15,34,29,20,37,57,45
11,19,18,38,5,21,15,34,29,20,37,57,45,36
19,18,38,5,21,15,34,29,20,37,57,45,36,43
18,38,5,21,15,34,29,20,37,57,45,36,43,38
38,5,21,15,34,29,20,37,57,45,36,43,38,24
5,21,15,34,29,20,37,57,45,36,43,38,24,58
21,15,34,29,20,37,57,45,36,43,38,24,58,44
15,34,29,20,37,57,45,36,43,38,24,58,44,12
34,29,20,37,57,45,36,43,38,24,58,44,12,1
29,20,37,57,45,36,43,38,24,58,44,12,1,31
20,37,57,45,36,43,38,24,58,44,12,1,31,37
37,57,45,36,43,38,24,58,44,12,1,31,37,17
57,45,36,43,38,24,58,44,12,1,31,37,17,46
45,36,43,38,24,58,44,12,1,31,37,17,46,8
36,43,38,24,58,44,12,1,31,37,17,46,8,30
43,38,24,58,44,12,1,31,37,17,46,8,30,23
38,24,58,44,12,1,31,37,17,46,8,30,23,51
24,58,44,12,1,31,37,17,46,8,30,23,51,53
58,44,12,1,31,37,17,46,8,30,23,51,53,58
44,12,1,31,37,17,46,8,30,23,51,53,58,24
12,1,31,37,17,46,8,30,23,51,53,58,24,44
1,31,37,17,46,8,30,23,51,53,58,24,44,28
31,37,17,46,8,30,23,51,53,58,24,44,28,13
37,17,46,8,30,23,51,53,58,24,44,28,13,45
17,46,8,30,23,51,53,58,24,44,28,13,45,11
46,8,30,23,51,53,58,24,44,28,13,45,11,1
8,30,23,51,53,58,24,44,28,13,45,11,1,10
30,23,51,53,58,24,44,28,13,45,11,1,10,30
23,51,53,58,24,44,28,13,45,11,1,10,30,33
51,53,58,24,44,28,13,45,11,1,10,30,33,38
53,58,24,44,28,13,45,11,1,10,30,33,38,6
58,24,44,28,13,45,11,1,10,30,33,38,6,58
24,44,28,13,45,11,1,10,30,33,38,6,58,41
44,28,13,45,11,1,10,30,33,38,6,58,41,48
28,13,45,11,1,10,30,33,38,6,58,41,48,50
13,45,11,1,10,30,33,38,6,58,41,48,50,15
45,11,1,10,30,33,38,6,58,41,48,50,15,18
11,1,10,30,33,38,6,58,41,48,50,15,18,9
1,10,30,33,38,6,58,41,48,50,15,18,9,3
10,30,33,38,6,58,41,48,50,15,18,9,3,18
30,33,38,6,58,41,48,50,15,18,9,3,18,40
33,38,6,58,41,48,50,15,18,9,3,18,40,32
38,6,58,41,48,50,15,18,9,3,18,40,32,56
6,58,41,48,50,15,18,9,3,18,40,32,56,39
58,41,48,50,15,18,9,3,18,40,32,56,39,52
41,48,50,15,18,9,3,18,40,32,56,39,52,17
48,50,15,18,9,3,18,40,32,56,39,52,17,35
50,15,18,9,3,18,40,32,56,39,52,17,35,19
15,18,9,3,18,40,32,56,39,52,17,35,19,33
18,9,3,18,40,32,56,39,52,17,35,19,33,49
9,3,18,40,32,56,39,52,17,35,19,33,49,3
3,18,40,32,56,39,52,17,35,19,33,49,3,35
18,40,32,56,39,52,17,35,19,33,49,3,35,39
40,32,56,39,52,17,35,19,33,49,3,35,39,23
32,56,39,52,17,35,19,33,49,3,35,39,23,26
56,39,52,17,35,19,33,49,3,35,39,23,26,11
39,52,17,35,19,33,49,3,35,39,23,26,11,7
52,17,35,19,33,49,3,35,39,23,26,11,7,59
17,35,19,33,49,3,35,39,23,26,11,7,59,51
35,19,33,49,3,35,39,23,26,11,7,59,51,32
19,33,49,3,35,39,23,26,11,7,59,51,32,1
33,49,3,35,39,23,26,11,7,59,51,32,1,50
49,3,35,39,23,26,11,7,59,51,32,1,50,37
3,35,39,23,26,11,7,59,51,32,1,50,37,51
35,39,23,26,11,7,59,51,32,1,50,37,51,27
39,23,26,11,7,59,51,32,1,50,37,51,27,29
23,26,11,7,59,51,32,1,50,37,51,27,29,25
26,11,7,59,51,32,1,50,37,51,27,29,25,12
11,7,59,51,32,1,50,37,51,27,29,25,12,31
7,59,51,32,1,50,37,51,27,29,25,12,31,34
59,51,32,1,50,37,51,27,29,25,12,31,34,48
51,32,1,50,37,51,27,29,25,12,31,34,48,36
32,1,50,37,51,27,29,25,12,31,34,48,36,56
1,50,37,51,27,29,25,12,31,34,48,36,56,36
50,37,51,27,29,25,12,31,34,48,36,56,36,27
37,51,27,29,25,12,31,34,48,36,56,36,27,20
51,27,29,25,12,31,34,48,36,56,36,27,20,7
27,29,25,12,31,34,48,36,56,36,27,20,7,16
29,25,12,31,34,48,36,56,36,27,20,7,16,52
25,12,31,34,48,36,56,36,27,20,7,16,52,38
12,31,34,48,36,56,36,27,20,7,16,52,38,50
31,34,48,36,56,36,27,20,7,16,52,38,50,29
34,48,36,56,36,27,20,7,16,52,38,50,29,45
48,36,56,36,27,20,7,16,52,38,50,29,45,17
36,56,36,27,20,7,16,52,38,50,29,45,17,32
56,36,27,20,7,16,52,38,50,29,45,17,32,30
36,27,20,7,16,52,38,50,29,45,17,32,30,7
27,20,7,16,52,38,50,29,45,17,32,30,7,47
20,7,16,52,38,50,29,45,17,32,30,7,47,35
7,16,52,38,50,29,45,17,32,30,7,47,35,19
16,52,38,50,29,45,17,32,30,7,47,35,19,42
52,38,50,29,45,17,32,30,7,47,35,19,42,59
38,50,29,45,17,32,30,7,47,35,19,42,59,56
50,29,45,17,32,30,7,47,35,19,42,59,56,7
29,45,17,32,30,7,47,35,19,42,59,56,7,28
45,17,32,30,7,47,35,19,42,59,56,7,28,21
17,32,30,7,47,35,19,42,59,56,7,28,21,58
32,30,7,47,35,19,42,59,56,7,28,21,58,38
30,7,47,35,19,42,59,56,7,28,21,58,38,22
7,47,35,19,42,59,56,7,28,21,58,38,22,50
47,35,19,42,59,56,7,28,21,58,38,22,50,45
35,19,42,59,56,7,28,21,58,38,22,50,45,26
19,42,59,56,7,28,21,58,38,22,50,45,26,39
42,59,56,7,28,21,58,38,22,50,45,26,39,50
59,56,7,28,21,58,38,22,50,45,26,39,50,19
56,7,28,21,58,38,22,50,45,26,39,50,19,59
7,28,21,58,38,22,50,45,26,39,50,19,59,2
28,21,58,38,22,50,45,26,39,50,19,59,2,29
21,58,38,22,50,45,26,39,50,19,59,2,29,12
58,38,22,50,45,26,39,50,19,59,2,29,12,3
38,22,50,45,26,39,50,19,59,2,29,12,3,29
22,50,45,26,39,50,19,59,2,29,12,3,29,10
50,45,26,39,50,19,59,2,29,12,3,29,10,16
45,26,39,50,19,59,2,29,12,3,29,10,16,23
26,39,50,19,59,2,29,12,3,29,10,16,23,27
39,50,19,59,2,29,12,3,29,10,16,23,27,51
50,19,59,2,29,12,3,29,10,16,23,27,51,2
19,59,2,29,12,3,29,10,16,23,27,51,2,24
59,2,29,12,3,29,10,16,23,27,51,2,24,52
2,29,12,3,29,10,16,23,27,51,2,24,52,36
29,12,3,29,10,16,23,27,51,2,24,52,36,8
12,3,29,10,16,23,27,51,2,24,52,36,8,20
3,29,10,16,23,27,51,2,24,52,36,8,20,16
29,10,16,23,27,51,2,24,52,36,8,20,16,35
10,16,23,27,51,2,24,52,36,8,20,16,35,40
16,23,27,51,2,24,52,36,8,20,16,35,40,60
23,27,51,2,24,52,36,8,20,16,35,40,60,53
27,51,2,24,52,36,8,20,16,35,40,60,53,25
51,2,24,52,36,8,20,16,35,40,60,53,25,36
2,24,52,36,8,20,16,35,40,60,53,25,36,2
24,52,36,8,20,16,35,40,60,53,25,36,2,53
52,36,8,20,16,35,40,60,53,25,36,2,53,42
36,8,20,16,35,40,60,53,25,36,2,53,42,41
8,20,16,35,40,60,53,25,36,2,53,42,41,9
20,16,35,40,60,53,25,36,2,53,42,41,9,58
16,35,40,60,53,25,36,2,53,42,41,9,58,16
35,40,60,53,25,36,2,53,42,41,9,58,16,44
40,60,53,25,36,2,53,42,41,9,58,16,44,2
60,53,25,36,2,53,42,41,9,58,16,44,2,37
53,25,36,2,53,42,41,9,58,16,44,2,37,30
25,36,2,53,42,41,9,58,16,44,2,37,30,53
36,2,53,42,41,9,58,16,44,2,37,30,53,4
2,53,42,41,9,58,16,44,2,37,30,53,4,31
53,42,41,9,58,16,44,2,37,30,53,4,31,47
42,41,9,58,16,44,2,37,30,53,4,31,47,32
41,9,58,16,44,2,37,30,53,4,31,47,32,44
9,58,16,44,2,37,30,53,4,31,47,32,44,22
58,16,44,2,37,30,53,4,31,47,32,44,22,31
16,44,2,37,30,53,4,31,47,32,44,22,31,54
44,2,37,30,53,4,31,47,32,44,22,31,54,34
2,37,30,53,4,31,47,32,44,22,31,54,34,1
37,30,53,4,31,47,32,44,22,31,54,34,1,49
30,53,4,31,47,32,44,22,31,54,34,1,49,39
53,4,31,47,32,44,22,31,54,34,1,49,39,18
4,31,47,32,44,22,31,54,34,1,49,39,18,31
31,47,32,44,22,31,54,34,1,49,39,18,31,57
47,32,44,22,31,54,34,1,49,39,18,31,57,23
32,44,22,31,54,34,1,49,39,18,31,57,23,12
44,22,31,54,34,1,49,39,18,31,57,23,12,33
22,31,54,34,1,49,39,18,31,57,23,12,33,4
31,54,34,1,49,39,18,31,57,23,12,33,4,38
54,34,1,49,39,18,31,57,23,12,33,4,38,36
34,1,49,39,18,31,57,23,12,33,4,38,36,19
1,49,39,18,31,57,23,12,33,4,38,36,19,41
49,39,18,31,57,23,12,33,4,38,36,19,41,39
39,18,31,57,23,12,33,4,38,36,19,41,39,9
18,31,57,23,12,33,4,38,36,19,41,39,9,49
31,57,23,12,33,4,38,36,19,41,39,9,49,23
57,23,12,33,4,38,36,19,41,39,9,49,23,58
23,12,33,4,38,36,19,41,39,9,49,23,58,27
12,33,4,38,36,19,41,39,9,49,23,58,27,60
33,4,38,36,19,41,39,9,49,23,58,27,60,30
4,38,36,19,41,39,9,49,23,58,27,60,30,14
38,36,19,41,39,9,49,23,58,27,60,30,14,46
36,19,41,39,9,49,23,58,27,60,30,14,46,52
19,41,39,9,49,23,58,27,60,30,14,46,52,27
41,39,9,49,23,58,27,60,30,14,46,52,27,39
39,9,49,23,58,27,60,30,14,46,52,27,39,37
9,49,23,58,27,60,30,14,46,52,27,39,37,58
49,23,58,27,60,30,14,46,52,27,39,37,58,60
23,58,27,60,30,14,46,52,27,39,37,58,60,33
58,27,60,30,14,46,52,27,39,37,58,60,33,26
27,60,30,14,46,52,27,39,37,58,60,33,26,31
60,30,14,46,52,27,39,37,58,60,33,26,31,30
30,14,46,52,27,39,37,58,60,33,26,31,30,18
14,46,52,27,39,37,58,60,33,26,31,30,18,16
46,52,27,39,37,58,60,33,26,31,30,18,16,34
52,27,39,37,58,60,33,26,31,30,18,16,34,42
27,39,37,58,60,33,26,31,30,18,16,34,42,54
39,37,58,60,33,26,31,30,18,16,34,42,54,57
37,58,60,33,26,31,30,18,16,34,42,54,57,3
58,60,33,26,31,30,18,16,34,42,54,57,3,49
60,33,26,31,30,18,16,34,42,54,57,3,49,10
33,26,31,30,18,16,34,42,54,57,3,49,10,4
26,31,30,18,16,34,42,54,57,3,49,10,4,6
31,30,18,16,34,42,54,57,3,49,10,4,6,41
30,18,16,34,42,54,57,3,49,10,4,6,41,40
18,16,34,42,54,57,3,49,10,4,6,41,40,19
16,34,42,54,57,3,49,10,4,6,41,40,19,20
34,42,54,57,3,49,10,4,6,41,40,19,20,28
42,54,57,3,49,10,4,6,41,40,19,20,28,39
54,57,3,49,10,4,6,41,40,19,20,28,39,8
57,3,49,10,4,6,41,40,19,20,28,39,8,59
3,49,10,4,6,41,40,19,20,28,39,8,59,42
49,10,4,6,41,40,19,20,28,39,8,59,42,3
10,4,6,41,40,19,20,28,39,8,59,42,3,53
4,6,41,40,19,20,28,39,8,59,42,3,53,14
6,41,40,19,20,28,39,8,59,42,3,53,14,44
41,40,19,20,28,39,8,59,42,3,53,14,44,7
40,19,20,28,39,8,59,42,3,53,14,44,7,23
19,20,28,39,8,59,42,3,53,14,44,7,23,43
20,28,39,8,59,42,3,53,14,44,7,23,43,1
28,39,8,59,42,3,53,14,44,7,23,43,1,24
39,8,59,42,3,53,14,44,7,23,43,1,24,10
8,59,42,3,53,14,44,7,23,43,1,24,10,17
59,42,3,53,14,44,7,23,43,1,24,10,17,42
42,3,53,14,44,7,23,43,1,24,10,17,42,51
3,53,14,44,7,23,43,1,24,10,17,42,51,59
53,14,44,7,23,43,1,24,10,17,42,51,59,49
14,44,7,23,43,1,24,10,17,42,51,59,49,43
44,7,23,43,1,24,10,17,42,51,59,49,43,5
7,23,43,1,24,10,17,42,51,59,49,43,5,27
23,43,1,24,10,17,42,51,59,49,43,5,27,18
43,1,24,10,17,42,51,59,49,43,5,27,18,25
1,24,10,17,42,51,59,49,43,5,27,18,25,60
24,10,17,42,51,59,49,43,5,27,18,25,60,34
10,17,42,51,59,49,43,5,27,18,25,60,34,53
17,42,51,59,49,43,5,27,18,25,60,34,53,45
42,51,59,49,43,5,27,18,25,60,34,53,45,38
51,59,49,43,5,27,18,25,60,34,53,45,38,5
59,49,43,5,27,18,25,60,34,53,45,38,5,9
49,43,5,27,18,25,60,34,53,45,38,5,9,41
43,5,27,18,25,60,34,53,45,38,5,9,41,14
5,27,18,25,60,34,53,45,38,5,9,41,14,3
27,18,25,60,34,53,45,38,5,9,41,14,3,46
18,25,60,34,53,45,38,5,9,41,14,3,46,52
25,60,34,53,45,38,5,9,41,14,3,46,52,29
60,34,53,45,38,5,9,41,14,3,46,52,29,17
34,53,45,38,5,9,41,14,3,46,52,29,17,41
53,45,38,5,9,41,14,3,46,52,29,17,41,12
45,38,5,9,41,14,3,46,52,29,17,41,12,25
38,5,9,41,14,3,46,52,29,17,41,12,25,46
5,9,41,14,3,46,52,29,17,41,12,25,46,16
9,41,14,3,46,52,29,17,41,12,25,46,16,33
41,14,3,46,52,29,17,41,12,25,46,16,33,45
14,3,46,52,29,17,41,12,25,46,16,33,45,34
3,46,52,29,17,41,12,25,46,16,33,45,34,6
46,52,29,17,41,12,25,46,16,33,45,34,6,13
52,29,17,41,12,25,46,16,33,45,34,6,13,32
29,17,41,12,25,46,16,33,45,34,6,13,32,12
17,41,12,25,46,16,33,45,34,6,13,32,12,41
41,12,25,46,16,33,45,34,6,13,32,12,41,24
12,25,46,16,33,45,34,6,13,32,12,41,24,29
25,46,16,33,45,34,6,13,32,12,41,24,29,59
46,16,33,45,34,6,13,32,12,41,24,29,59,5
16,33,45,34,6,13,32,12,41,24,29,59,5,51
33,45,34,6,13,32,12,41,24,29,59,5,51,42
45,34,6,13,32,12,41,24,29,59,5,51,42,50
34,6,13,32,12,41,24,29,59,5,51,42,50,8
6,13,32,12,41,24,29,59,5,51,42,50,8,53
13,32,12,41,24,29,59,5,51,42,50,8,53,46
32,12,41,24,29,59,5,51,42,50,8,53,46,28
12,41,24,29,59,5,51,42,50,8,53,46,28,48
41,24,29,59,5,51,42,50,8,53,46,28,48,37
24,29,59,5,51,42,50,8,53,46,28,48,37,12
29,59,5,51,42,50,8,53,46,28,48,37,12,34
59,5,51,42,50,8,53,46,28,48,37,12,34,17
5,51,42,50,8,53,46,28,48,37,12,34,17,9
51,42,50,8,53,46,28,48,37,12,34,17,9,46
42,50,8,53,46,28,48,37,12,34,17,9,46,10
50,8,53,46,28,48,37,12,34,17,9,46,10,32
8,53,46,28,48,37,12,34,17,9,46,10,32,38
53,46,28,48,37,12,34,17,9,46,10,32,38,15
46,28,48,37,12,34,17,9,46,10,32,38,15,47
28,48,37,12,34,17,9,46,10,32,38,15,47,25
48,37,12,34,17,9,46,10,32,38,15,47,25,10
37,12,34,17,9,46,10,32,38,15,47,25,10,53
12,34,17,9,46,10,32,38,15,47,25,10,53,49
34,17,9,46,10,32,38,15,47,25,10,53,49,18
17,9,46,10,32,38,15,47,25,10,53,49,18,20
9,46,10,32,38,15,47,25,10,53,49,18,20,32
46,10,32,38,15,47,25,10,53,49,18,20,32,15
10,32,38,15,47,25,10,53,49,18,20,32,15,48
32,38,15,47,25,10,53,49,18,20,32,15,48,23
38,15,47,25,10,53,49,18,20,32,15,48,23,27
15,47,25,10,53,49,18,20,32,15,48,23,27,21
47,25,10,53,49,18,20,32,15,48,23,27,21,19
25,10,53,49,18,20,32,15,48,23,27,21,19,52
10,53,49,18,20,32,15,48,23,27,21,19,52,11
53,49,18,20,32,15,48,23,27,21,19,52,11,34
49,18,20,32,15,48,23,27,21,19,52,11,34,31
18,20,32,15,48,23,27,21,19,52,11,34,31,29
20,32,15,48,23,27,21,19,52,11,34,31,29,4
32,15,48,23,27,21,19,52,11,34,31,29,4,10
15,48,23,27,21,19,52,11,34,31,29,4,10,35
48,23,27,21,19,52,11,34,31,29,4,10,35,12
23,27,21,19,52,11,34,31,29,4,10,35,12,9
27,21,19,52,11,34,31,29,4,10,35,12,9,56
21,19,52,11,34,31,29,4,10,35,12,9,56,29
19,52,11,34,31,29,4,10,35,12,9,56,29,14
52,11,34,31,29,4,10,35,12,9,56,29,14,42
11,34,31,29,4,10,35,12,9,56,29,14,42,13
34,31,29,4,10,35,12,9,56,29,14,42,13,47
31,29,4,10,35,12,9,56,29,14,42,13,47,60
29,4,10,35,12,9,56,29,14,42,13,47,60,18
4,10,35,12,9,56,29,14,42,13,47,60,18,52
10,35,12,9,56,29,14,42,13,47,60,18,52,9
35,12,9,56,29,14,42,13,47,60,18,52,9,37
12,9,56,29,14,42,13,47,60,18,52,9,37,40
9,56,29,14,42,13,47,60,18,52,9,37,40,6
56,29,14,42,13,47,60,18,52,9,37,40,6,58
29,14,42,13,47,60,18,52,9,37,40,6,58,41
14,42,13,47,60,18,52,9,37,40,6,58,41,18
42,13,47,60,18,52,9,37,40,6,58,41,18,53
13,47,60,18,52,9,37,40,6,58,41,18,53,34
47,60,18,52,9,37,40,6,58,41,18,53,34,59
60,18,52,9,37,40,6,58,41,18,53,34,59,33
18,52,9,37,40,6,58,41,18,53,34,59,33,48
52,9,37,40,6,58,41,18,53,34,59,33,48,6
9,37,40,6,58,41,18,53,34,59,33,48,6,2
37,40,6,58,41,18,53,34,59,33,48,6,2,53
40,6,58,41,18,53,34,59,33,48,6,2,53,13
6,58,41,18,53,34,59,33,48,6,2,53,13,49
58,41,18,53,34,59,33,48,6,2,53,13,49,10
41,18,53,34,59,33,48,6,2,53,13,49,10,41
18,53,34,59,33,48,6,2,53,13,49,10,41,33
53,34,59,33,48,6,2,53,13,49,10,41,33,13
34,59,33,48,6,2,53,13,49,10,41,33,13,14
59,33,48,6,2,53,13,49,10,41,33,13,14,3
33,48,6,2,53,13,49,10,41,33,13,14,3,43
48,6,2,53,13,49,10,41,33,13,14,3,43,29
6,2,53,13,49,10,41,33,13,14,3,43,29,17
2,53,13,49,10,41,33,13,14,3,43,29,17,41
53,13,49,10,41,33,13,14,3,43,29,17,41,48
13,49,10,41,33,13,14,3,43,29,17,41,48,15
49,10,41,33,13,14,3,43,29,17,41,48,15,20
10,41,33,13,14,3,43,29,17,41,48,15,20,31
41,33,13,14,3,43,29,17,41,48,15,20,31,42
33,13,14,3,43,29,17,41,48,15,20,31,42,22
13,14,3,43,29,17,41,48,15,20,31,42,22,51
14,3,43,29,17,41,48,15,20,31,42,22,51,23
3,43,29,17,41,48,15,20,31,42,22,51,23,57
43,29,17,41,48,15,20,31,42,22,51,23,57,15
29,17,41,48,15,20,31,42,22,51,23,57,15,36
17,41,48,15,20,31,42,22,51,23,57,15,36,53
41,48,15,20,31,42,22,51,23,57,15,36,53,55
48,15,20,31,42,22,51,23,57,15,36,53,55,37
15,20,31,42,22,51,23,57,15,36,53,55,37,60
20,31,42,22,51,23,57,15,36,53,55,37,60,9
31,42,22,51,23,57,15,36,53,55,37,60,9,54
42,22,51,23,57,15,36,53,55,37,60,9,54,8
22,51,23,57,15,36,53,55,37,60,9,54,8,45
51,23,57,15,36,53,55,37,60,9,54,8,45,29
23,57,15,36,53,55,37,60,9,54,8,45,29,35
57,15,36,53,55,37,60,9,54,8,45,29,35,15
15,36,53,55,37,60,9,54,8,45,29,35,15,20
36,53,55,37,60,9,54,8,45,29,35,15,20,31
53,55,37,60,9,54,8,45,29,35,15,20,31,40
55,37,60,9,54,8,45,29,35,15,20,31,40,30
37,60,9,54,8,45,29,35,15,20,31,40,30,27
60,9,54,8,45,29,35,15,20,31,40,30,27,53
9,54,8,45,29,35,15,20,31,40,30,27,53,48
54,8,45,29,35,15,20,31,40,30,27,53,48,5
8,45,29,35,15,20,31,40,30,27,53,48,5,30
45,29,35,15,20,31,40,30,27,53,48,5,30,18
29,35,15,20,31,40,30,27,53,48,5,30,18,8
35,15,20,31,40,30,27,53,48,5,30,18,8,2
15,20,31,40,30,27,53,48,5,30,18,8,2,28
20,31,40,30,27,53,48,5,30,18,8,2,28,13
31,40,30,27,53,48,5,30,18,8,2,28,13,6
40,30,27,53,48,5,30,18,8,2,28,13,6,14
30,27,53,48,5,30,18,8,2,28,13,6,14,45
27,53,48,5,30,18,8,2,28,13,6,14,45,35
53,48,5,30,18,8,2,28,13,6,14,45,35,43
48,5,30,18,8,2,28,13,6,14,45,35,43,13
5,30,18,8,2,28,13,6,14,45,35,43,13,28
30,18,8,2,28,13,6,14,45,35,43,13,28,56
18,8,2,28,13,6,14,45,35,43,13,28,56,37
8,2,28,13,6,14,45,35,43,13,28,56,37,25
2,28,13,6,14,45,35,43,13,28,56,37,25,6
28,13,6,14,45,35,43,13,28,56,37,25,6,23
13,6,14,45,35,43,13,28,56,37,25,6,23,16
6,14,45,35,43,13,28,56,37,25,6,23,16,11
14,45,35,43,13,28,56,37,25,6,23,16,11,42
45,35,43,13,28,56,37,25,6,23,16,11,42,36
35,43,13,28,56,37,25,6,23,16,11,42,36,2
43,13,28,56,37,25,6,23,16,11,42,36,2,14
13,28,56,37,25,6,23,16,11,42,36,2,14,21
28,56,37,25,6,23,16,11,42,36,2,14,21,60
56,37,25,6,23,16,11,42,36,2,14,21,60,22
37,25,6,23,16,11,42,36,2,14,21,60,22,51
25,6,23,16,11,42,36,2,14,21,60,22,51,25
6,23,16,11,42,36,2,14,21,60,22,51,25,10
23,16,11,42,36,2,14,21,60,22,51,25,10,24
16,11,42,36,2,14,21,60,22,51,25,10,24,47
11,42,36,2,14,21,60,22,51,25,10,24,47,48
42,36,2,14,21,60,22,51,25,10,24,47,48,36
36,2,14,21,60,22,51,25,10,24,47,48,36,53
2,14,21,60,22,51,25,10,24,47,48,36,53,36
14,21,60,22,51,25,10,24,47,48,36,53,36,10
21,60,22,51,25,10,24,47,48,36,53,36,10,9
60,22,51,25,10,24,47,48,36,53,36,10,9,50
22,51,25,10,24,47,48,36,53,36,10,9,50,55
51,25,10,24,47,48,36,53,36,10,9,50,55,45
25,10,24,47,48,36,53,36,10,9,50,55,45,59
10,24,47,48,36,53,36,10,9,50,55,45,59,42
24,47,48,36,53,36,10,9,50,55,45,59,42,55
47,48,36,53,36,10,9,50,55,45,59,42,55,32
48,36,53,36,10,9,50,55,45,59,42,55,32,26
36,53,36,10,9,50,55,45,59,42,55,32,26,21
53,36,10,9,50,55,45,59,42,55,32,26,21,9
36,10,9,50,55,45,59,42,55,32,26,21,9,15
10,9,50,55,45,59,42,55,32,26,21,9,15,36
9,50,55,45,59,42,55,32,26,21,9,15,36,12
50,55,45,59,42,55,32,26,21,9,15,36,12,31
55,45,59,42,55,32,26,21,9,15,36,12,31,6
45,59,42,55,32,26,21,9,15,36,12,31,6,7
59,42,55,32,26,21,9,15,36,12,31,6,7,41
42,55,32,26,21,9,15,36,12,31,6,7,41,39
55,32,26,21,9,15,36,12,31,6,7,41,39,29
32,26,21,9,15,36,12,31,6,7,41,39,29,55
26,21,9,15,36,12,31,6,7,41,39,29,55,1
21,9,15,36,12,31,6,7,41,39,29,55,1,28
9,15,36,12,31,6,7,41,39,29,55,1,28,56
15,36,12,31,6,7,41,39,29,55,1,28,56,37
36,12,31,6,7,41,39,29,55,1,28,56,37,6
12,31,6,7,41,39,29,55,1,28,56,37,6,58
31,6,7,41,39,29,55,1,28,56,37,6,58,60
6,7,41,39,29,55,1,28,56,37,6,58,60,23
7,41,39,29,55,1,28,56,37,6,58,60,23,22
41,39,29,55,1,28,56,37,6,58,60,23,22,46
39,29,55,1,28,56,37,6,58,60,23,22,46,53
29,55,1,28,56,37,6,58,60,23,22,46,53,41
55,1,28,56,37,6,58,60,23,22,46,53,41,44
1,28,56,37,6,58,60,23,22,46,53,41,44,26
28,56,37,6,58,60,23,22,46,53,41,44,26,39
56,37,6,58,60,23,22,46,53,41,44,26,39,35
37,6,58,60,23,22,46,53,41,44,26,39,35,16
6,58,60,23,22,46,53,41,44,26,39,35,16,45
58,60,23,22,46,53,41,44,26,39,35,16,45,35
60,23,22,46,53,41,44,26,39,35,16,45,35,11
23,22,46,53,41,44,26,39,35,16,45,35,11,7
22,46,53,41,44,26,39,35,16,45,35,11,7,50
46,53,41,44,26,39,35,16,45,35,11,7,50,34
53,41,44,26,39,35,16,45,35,11,7,50,34,5
41,44,26,39,35,16,45,35,11,7,50,34,5,32
44,26,39,35,16,45,35,11,7,50,34,5,32,44
26,39,35,16,45,35,11,7,50,34,5,32,44,54
39,35,16,45,35,11,7,50,34,5,32,44,54,60
35,16,45,35,11,7,50,34,5,32,44,54,60,47
16,45,35,11,7,50,34,5,32,44,54,60,47,37
45,35,11,7,50,34,5,32,44,54,60,47,37,34
35,11,7,50,34,5,32,44,54,60,47,37,34,30
11,7,50,34,5,32,44,54,60,47,37,34,30,41
7,50,34,5,32,44,54,60,47,37,34,30,41,11
50,34,5,32,44,54,60,47,37,34,30,41,11,27
34,5,32,44,54,60,47,37,34,30,41,11,27,26
5,32,44,54,60,47,37,34,30,41,11,27,26,38
32,44,54,60,47,37,34,30,41,11,27,26,38,2
44,54,60,47,37,34,30,41,11,27,26,38,2,27
54,60,47,37,34,30,41,11,27,26,38,2,27,28
60,47,37,34,30,41,11,27,26,38,2,27,28,32
47,37,34,30,41,11,27,26,38,2,27,28,32,20
37,34,30,41,11,27,26,38,2,27,28,32,20,27
34,30,41,11,27,26,38,2,27,28,32,20,27,39
30,41,11,27,26,38,2,27,28,32,20,27,39,19
41,11,27,26,38,2,27,28,32,20,27,39,19,41
11,27,26,38,2,27,28,32,20,27,39,19,41,12
27,26,38,2,27,28,32,20,27,39,19,41,12,45
26,38,2,27,28,32,20,27,39,19,41,12,45,45
38,2,27,28,32,20,27,39,19,41,12,45,45,41
2,27,28,32,20,27,39,19,41,12,45,45,41,39
27,28,32,20,27,39,19,41,12,45,45,41,39,30
28,32,20,27,39,19,41,12,45,45,41,39,30,15
32,20,27,39,19,41,12,45,45,41,39,30,15,59
20,27,39,19,41,12,45,45,41,39,30,15,59,1
27,39,19,41,12,45,45,41,39,30,15,59,1,52
39,19,41,12,45,45,41,39,30,15,59,1,52,30
19,41,12,45,45,41,39,30,15,59,1,52,30,60
41,12,45,45,41,39,30,15,59,1,52,30,60,20
12,45,45,41,39,30,15,59,1,52,30,60,20,12
45,45,41,39,30,15,59,1,52,30,60,20,12,31
45,41,39,30,15,59,1,52,30,60,20,12,31,2
41,39,30,15,59,1,52,30,60,20,12,31,2,51
39,30,15,59,1,52,30,60,20,12,31,2,51,42
30,15,59,1,52,30,60,20,12,31,2,51,42,18
15,59,1,52,30,60,20,12,31,2,51,42,18,56
59,1,52,30,60,20,12,31,2,51,42,18,56,39
1,52,30,60,20,12,31,2,51,42,18,56,39,11
52,30,60,20,12,31,2,51,42,18,56,39,11,48
30,60,20,12,31,2,51,42,18,56,39,11,48,14
60,20,12,31,2,51,42,18,56,39,11,48,14,19
20,12,31,2,51,42,18,56,39,11,48,14,19,10
12,31,2,51,42,18,56,39,11,48,14,19,10,55
31,2,51,42,18,56,39,11,48,14,19,10,55,4
2,51,42,18,56,39,11,48,14,19,10,55,4,44
51,42,18,56,39,11,48,14,19,10,55,4,44,38
42,18,56,39,11,48,14,19,10,55,4,44,38,19
18,56,39,11,48,14,19,10,55,4,44,38,19,52
56,39,11,48,14,19,10,55,4,44,38,19,52,4
39,11,48,14,19,10,55,4,44,38,19,52,4,38
11,48,14,19,10,55,4,44,38,19,52,4,38,48
48,14,19,10,55,4,44,38,19,52,4,38,48,10
14,19,10,55,4,44,38,19,52,4,38,48,10,45
19,10,55,4,44,38,19,52,4,38,48,10,45,40
10,55,4,44,38,19,52,4,38,48,10,45,40,25
55,4,44,38,19,52,4,38,48,10,45,40,25,56
4,44,38,19,52,4,38,48,10,45,40,25,56,30
44,38,19,52,4,38,48,10,45,40,25,56,30,12
38,19,52,4,38,48,10,45,40,25,56,30,12,39
19,52,4,38,48,10,45,40,25,56,30,12,39,57
52,4,38,48,10,45,40,25,56,30,12,39,57,20
4,38,48,10,45,40,25,56,30,12,39,57,20,6
38,48,10,45,40,25,56,30,12,39,57,20,6,33
48,10,45,40,25,56,30,12,39,57,20,6,33,22
10,45,40,25,56,30,12,39,57,20,6,33,22,31
45,40,25,56,30,12,39,57,20,6,33,22,31,34
40,25,56,30,12,39,57,20,6,33,22,31,34,22
25,56,30,12,39,57,20,6,33,22,31,34,22,8
56,30,12,39,57,20,6,33,22,31,34,22,8,52
30,12,39,57,20,6,33,22,31,34,22,8,52,1
12,39,57,20,6,33,22,31,34,22,8,52,1,53
39,57,20,6,33,22,31,34,22,8,52,1,53,49
57,20,6,33,22,31,34,22,8,52,1,53,49,34
20,6,33,22,31,34,22,8,52,1,53,49,34,57
6,33,22,31,34,22,8,52,1,53,49,34,57,47
33,22,31,34,22,8,52,1,53,49,34,57,47,18
22,31,34,22,8,52,1,53,49,34,57,47,18,6
31,34,22,8,52,1,53,49,34,57,47,18,6,52
34,22,8,52,1,53,49,34,57,47,18,6,52,38
22,8,52,1,53,49,34,57,47,18,6,52,38,16
8,52,1,53,49,34,57,47,18,6,52,38,16,21
52,1,53,49,34,57,47,18,6,52,38,16,21,4
1,53,49,34,57,47,18,6,52,38,16,21,4,18
53,49,34,57,47,18,6,52,38,16,21,4,18,6
49,34,57,47,18,6,52,38,16,21,4,18,6,30
34,57,47,18,6,52,38,16,21,4,18,6,30,15
57,47,18,6,52,38,16,21,4,18,6,30,15,54
47,18,6,52,38,16,21,4,18,6,30,15,54,55
18,6,52,38,16,21,4,18,6,30,15,54,55,26
6,52,38,16,21,4,18,6,30,15,54,55,26,4
52,38,16,21,4,18,6,30,15,54,55,26,4,27
38,16,21,4,18,6,30,15,54,55,26,4,27,5
16,21,4,18,6,30,15,54,55,26,4,27,5,42
21,4,18,6,30,15,54,55,26,4,27,5,42,54
4,18,6,30,15,54,55,26,4,27,5,42,54,41
18,6,30,15,54,55,26,4,27,5,42,54,41,11
6,30,15,54,55,26,4,27,5,42,54,41,11,34
30,15,54,55,26,4,27,5,42,54,41,11,34,8
15,54,55,26,4,27,5,42,54,41,11,34,8,2
54,55,26,4,27,5,42,54,41,11,34,8,2,21
55,26,4,27,5,42,54,41,11,34,8,2,21,25
26,4,27,5,42,54,41,11,34,8,2,21,25,6
4,27,5,42,54,41,11,34,8,2,21,25,6,1
27,5,42,54,41,11,34,8,2,21,25,6,1,29
5,42,54,41,11,34,8,2,21,25,6,1,29,13
42,54,41,11,34,8,2,21,25,6,1,29,13,25
54,41,11,34,8,2,21,25,6,1,29,13,25,5
41,11,34,8,2,21,25,6,1,29,13,25,5,26
11,34,8,2,21,25,6,1,29,13,25,5,26,42
34,8,2,21,25,6,1,29,13,25,5,26,42,45
8,2,21,25,6,1,29,13,25,5,26,42,45,56
2,21,25,6,1,29,13,25,5,26,42,45,56,13
21,25,6,1,29,13,25,5,26,42,45,56,13,3
25,6,1,29,13,25,5,26,42,45,56,13,3,59
6,1,29,13,25,5,26,42,45,56,13,3,59,57
1,29,13,25,5,26,42,45,56,13,3,59,57,59
29,13,25,5,26,42,45,56,13,3,59,57,59,6
13,25,5,26,42,45,56,13,3,59,57,59,6,25
25,5,26,42,45,56,13,3,59,57,59,6,25,43
5,26,42,45,56,13,3,59,57,59,6,25,43,58
26,42,45,56,13,3,59,57,59,6,25,43,58,28
42,45,56,13,3,59,57,59,6,25,43,58,28,13
45,56,13,3,59,57,59,6,25,43,58,28,13,11
56,13,3,59,57,59,6,25,43,58,28,13,11,26
13,3,59,57,59,6,25,43,58,28,13,11,26,50
3,59,57,59,6,25,43,58,28,13,11,26,50,27
59,57,59,6,25,43,58,28,13,11,26,50,27,55
57,59,6,25,43,58,28,13,11,26,50,27,55,12
59,6,25,43,58,28,13,11,26,50,27,55,12,50
6,25,43,58,28,13,11,26,50,27,55,12,50,18
25,43,58,28,13,11,26,50,27,55,12,50,18,53
43,58,28,13,11,26,50,27,55,12,50,18,53,46
58,28,13,11,26,50,27,55,12,50,18,53,46,47
28,13,11,26,50,27,55,12,50,18,53,46,47,41
13,11,26,50,27,55,12,50,18,53,46,47,41,18
11,26,50,27,55,12,50,18,53,46,47,41,18,17
26,50,27,55,12,50,18,53,46,47,41,18,17,2
50,27,55,12,50,18,53,46,47,41,18,17,2,16
27,55,12,50,18,53,46,47,41,18,17,2,16,56
55,12,50,18,53,46,47,41,18,17,2,16,56,13
12,50,18,53,46,47,41,18,17,2,16,56,13,22
50,18,53,46,47,41,18,17,2,16,56,13,22,54
18,53,46,47,41,18,17,2,16,56,13,22,54,14
53,46,47,41,18,17,2,16,56,13,22,54,14,58
46,47,41,18,17,2,16,56,13,22,54,14,58,1
47,41,18,17,2,16,56,13,22,54,14,58,1,5
41,18,17,2,16,56,13,22,54,14,58,1,5,37
18,17,2,16,56,13,22,54,14,58,1,5,37,60
17,2,16,56,13,22,54,14,58,1,5,37,60,34
2,16,56,13,22,54,14,58,1,5,37,60,34,40
16,56,13,22,54,14,58,1,5,37,60,34,40,55
56,13,22,54,14,58,1,5,37,60,34,40,55,50
13,22,54,14,58,1,5,37,60,34,40,55,50,42
22,54,14,58,1,5,37,60,34,40,55,50,42,58
54,14,58,1,5,37,60,34,40,55,50,42,58,47
14,58,1,5,37,60,34,40,55,50,42,58,47,30
58,1,5,37,60,34,40,55,50,42,58,47,30,54
1,5,37,60,34,40,55,50,42,58,47,30,54,22
5,37,60,34,40,55,50,42,58,47,30,54,22,48
37,60,34,40,55,50,42,58,47,30,54,22,48,34
60,34,40,55,50,42,58,47,30,54,22,48,34,23
34,40,55,50,42,58,47,30,54,22,48,34,23,53
40,55,50,42,58,47,30,54,22,48,34,23,53,2
55,50,42,58,47,30,54,22,48,34,23,53,2,57
50,42,58,47,30,54,22,48,34,23,53,2,57,35
42,58,47,30,54,22,48,34,23,53,2,57,35,13
58,47,30,54,22,48,34,23,53,2,57,35,13,54
47,30,54,22,48,34,23,53,2,57,35,13,54,14
30,54,22,48,34,23,53,2,57,35,13,54,14,9
54,22,48,34,23,53,2,57,35,13,54,14,9,28
22,48,34,23,53,2,57,35,13,54,14,9,28,45
48,34,23,53,2,57,35,13,54,14,9,28,45,2
34,23,53,2,57,35,13,54,14,9,28,45,2,23
23,53,2,57,35,13,54,14,9,28,45,2,23,53
53,2,57,35,13,54,14,9,28,45,2,23,53,53
2,57,35,13,54,14,9,28,45,2,23,53,53,1
57,35,13,54,14,9,28,45,2,23,53,53,1,3
35,13,54,14,9,28,45,2,23,53,53,1,3,4
13,54,14,9,28,45,2,23,53,53,1,3,4,51
54,14,9,28,45,2,23,53,53,1,3,4,51,39
14,9,28,45,2,23,53,53,1,3,4,51,39,31
9,28,45,2,23,53,53,1,3,4,51,39,31,56
28,45,2,23,53,53,1,3,4,51,39,31,56,16
45,2,23,53,53,1,3,4,51,39,31,56,16,6
2,23,53,53,1,3,4,51,39,31,56,16,6,11
23,53,53,1,3,4,51,39,31,56,16,6,11,19
53,53,1,3,4,51,39,31,56,16,6,11,19,19
53,1,3,4,51,39,31,56,16,6,11,19,19,45
1,3,4,51,39,31,56,16,6,11,19,19,45,43
3,4,51,39,31,56,16,6,11,19,19,45,43,6
4,51,39,31,56,16,6,11,19,19,45,43,6,54
51,39,31,56,16,6,11,19,19,45,43,6,54,34
39,31,56,16,6,11,19,19,45,43,6,54,34,6
31,56,16,6,11,19,19,45,43,6,54,34,6,14
56,16,6,11,19,19,45,43,6,54,34,6,14,2
16,6,11,19,19,45,43,6,54,34,6,14,2,17
6,11,19,19,45,43,6,54,34,6,14,2,17,44
11,19,19,45,43,6,54,34,6,14,2,17,44,13
19,19,45,43,6,54,34,6,14,2,17,44,13,4
19,45,43,6,54,34,6,14,2,17,44,13,4,29
45,43,6,54,34,6,14,2,17,44,13,4,29,8
43,6,54,34,6,14,2,17,44,13,4,29,8,49
6,54,34,6,14,2,17,44,13,4,29,8,49,38
54,34,6,14,2,17,44,13,4,29,8,49,38,50
34,6,14,2,17,44,13,4,29,8,49,38,50,20
6,14,2,17,44,13,4,29,8,49,38,50,20,50
14,2,17,44,13,4,29,8,49,38,50,20,50,48
2,17,44,13,4,29,8,49,38,50,20,50,48,59
17,44,13,4,29,8,49,38,50,20,50,48,59,28
44,13,4,29,8,49,38,50,20,50,48,59,28,21
13,4,29,8,49,38,50,20,50,48,59,28,21,17
4,29,8,49,38,50,20,50,48,59,28,21,17,49
29,8,49,38,50,20,50,48,59,28,21,17,49,27
8,49,38,50,20,50,48,59,28,21,17,49,27,22
49,38,50,20,50,48,59,28,21,17,49,27,22,57
38,50,20,50,48,59,28,21,17,49,27,22,57,31
50,20,50,48,59,28,21,17,49,27,22,57,31,11
20,50,48,59,28,21,17,49,27,22,57,31,11,42
50,48,59,28,21,17,49,27,22,57,31,11,42,55
48,59,28,21,17,49,27,22,57,31,11,42,55,58
59,28,21,17,49,27,22,57,31,11,42,55,58,35
28,21,17,49,27,22,57,31,11,42,55,58,35,20
21,17,49,27,22,57,31,11,42,55,58,35,20,43
17,49,27,22,57,31,11,42,55,58,35,20,43,15
49,27,22,57,31,11,42,55,58,35,20,43,15,22
27,22,57,31,11,42,55,58,35,20,43,15,22,1
22,57,31,11,42,55,58,35,20,43,15,22,1,16
57,31,11,42,55,58,35,20,43,15,22,1,16,25
31,11,42,55,58,35,20,43,15,22,1,16,25,20
11,42,55,58,35,20,43,15,22,1,16,25,20,25
42,55,58,35,20,43,15,22,1,16,25,20,25,45
55,58,35,20,43,15,22,1,16,25,20,25,45,2
58,35,20,43,15,22,1,16,25,20,25,45,2,41
35,20,43,15,22,1,16,25,20,25,45,2,41,14
20,43,15,22,1,16,25,20,25,45,2,41,14,23
43,15,22,1,16,25,20,25,45,2,41,14,23,12
15,22,1,16,25,20,25,45,2,41,14,23,12,54
22,1,16,25,20,25,45,2,41,14,23,12,54,46
1,16,25,20,25,45,2,41,14,23,12,54,46,9
16,25,20,25,45,2,41,14,23,12,54,46,9,24
25,20,25,45,2,41,14,23,12,54,46,9,24,56
20,25,45,2,41,14,23,12,54,46,9,24,56,10
25,45,2,41,14,23,12,54,46,9,24,56,10,43
45,2,41,14,23,12,54,46,9,24,56,10,43,50
2,41,14,23,12,54,46,9,24,56,10,43,50,1
41,14,23,12,54,46,9,24,56,10,43,50,1,25
14,23,12,54,46,9,24,56,10,43,50,1,25,32
23,12,54,46,9,24,56,10,43,50,1,25,32,37
12,54,46,9,24,56,10,43,50,1,25,32,37,5
54,46,9,24,56,10,43,50,1,25,32,37,5,35
46,9,24,56,10,43,50,1,25,32,37,5,35,17
9,24,56,10,43,50,1,25,32,37,5,35,17,57
24,56,10,43,50,1,25,32,37,5,35,17,57,45
56,10,43,50,1,25,32,37,5,35,17,57,45,34
10,43,50,1,25,32,37,5,35,17,57,45,34,23
43,50,1,25,32,37,5,35,17,57,45,34,23,20
50,1,25,32,37,5,35,17,57,45,34,23,20,37
1,25,32,37,5,35,17,57,45,34,23,20,37,32
25,32,37,5,35,17,57,45,34,23,20,37,32,51
32,37,5,35,17,57,45,34,23,20,37,32,51,9
37,5,35,17,57,45,34,23,20,37,32,51,9,13
5,35,17,57,45,34,23,20,37,32,51,9,13,15
35,17,57,45,34,23,20,37,32,51,9,13,15,19
17,57,45,34,23,20,37,32,51,9,13,15,19,11
57,45,34,23,20,37,32,51,9,13,15,19,11,53
45,34,23,20,37,32,51,9,13,15,19,11,53,51
34,23,20,37,32,51,9,13,15,19,11,53,51,27
23,20,37,32,51,9,13,15,19,11,53,51,27,11
20,37,32,51,9,13,15,19,11,53,51,27,11,46
37,32,51,9,13,15,19,11,53,51,27,11,46,9
32,51,9,13,15,19,11,53,51,27,11,46,9,60
51,9,13,15,19,11,53,51,27,11,46,9,60,8
9,13,15,19,11,53,51,27,11,46,9,60,8,25
13,15,19,11,53,51,27,11,46,9,60,8,25,39
15,19,11,53,51,27,11,46,9,60,8,25,39,41
19,11,53,51,27,11,46,9,60,8,25,39,41,11
11,53,51,27,11,46,9,60,8,25,39,41,11,12
53,51,27,11,46,9,60,8,25,39,41,11,12,10
51,27,11,46,9,60,8,25,39,41,11,12,10,46
27,11,46,9,60,8,25,39,41,11,12,10,46,28
11,46,9,60,8,25,39,41,11,12,10,46,28,22
46,9,60,8,25,39,41,11,12,10,46,28,22,5
9,60,8,25,39,41,11,12,10,46,28,22,5,47
60,8,25,39,41,11,12,10,46,28,22,5,47,1
8,25,39,41,11,12,10,46,28,22,5,47,1,26
25,39,41,11,12,10,46,28,22,5,47,1,26,55
39,41,11,12,10,46,28,22,5,47,1,26,55,39
41,11,12,10,46,28,22,5,47,1,26,55,39,4
11,12,10,46,28,22,5,47,1,26,55,39,4,10
12,10,46,28,22,5,47,1,26,55,39,4,10,53
10,46,28,22,5,47,1,26,55,39,4,10,53,15
46,28,22,5,47,1,26,55,39,4,10,53,15,2
28,22,5,47,1,26,55,39,4,10,53,15,2,6
22,5,47,1,26,55,39,4,10,53,15,2,6,56
5,47,1,26,55,39,4,10,53,15,2,6,56,37
47,1,26,55,39,4,10,53,15,2,6,56,37,26
1,26,55,39,4,10,53,15,2,6,56,37,26,18
26,55,39,4,10,53,15,2,6,56,37,26,18,30
55,39,4,10,53,15,2,6,56,37,26,18,30,33
39,4,10,53,15,2,6,56,37,26,18,30,33,17
4,10,53,15,2,6,56,37,26,18,30,33,17,27
10,53,15,2,6,56,37,26,18,30,33,17,27,19
53,15,2,6,56,37,26,18,30,33,17,27,19,23
15,2,6,56,37,26,18,30,33,17,27,19,23,3
2,6,56,37,26,18,30,33,17,27,19,23,3,45
6,56,37,26,18,30,33,17,27,19,23,3,45,40
56,37,26,18,30,33,17,27,19,23,3,45,40,53
37,26,18,30,33,17,27,19,23,3,45,40,53,31
26,18,30,33,17,27,19,23,3,45,40,53,31,19
18,30,33,17,27,19,23,3,45,40,53,31,19,52
30,33,17,27,19,23,3,45,40,53,31,19,52,36
33,17,27,19,23,3,45,40,53,31,19,52,36,22
17,27,19,23,3,45,40,53,31,19,52,36,22,22
27,19,23,3,45,40,53,31,19,52,36,22,22,53
19,23,3,45,40,53,31,19,52,36,22,22,53,26
23,3,45,40,53,31,19,52,36,22,22,53,26,1
3,45,40,53,31,19,52,36,22,22,53,26,1,43
45,40,53,31,19,52,36,22,22,53,26,1,43,50
40,53,31,19,52,36,22,22,53,26,1,43,50,54
53,31,19,52,36,22,22,53,26,1,43,50,54,34
31,19,52,36,22,22,53,26,1,43,50,54,34,59
19,52,36,22,22,53,26,1,43,50,54,34,59,21
52,36,22,22,53,26,1,43,50,54,34,59,21,9
36,22,22,53,26,1,43,50,54,34,59,21,9,4
22,22,53,26,1,43,50,54,34,59,21,9,4,19
22,53,26,1,43,50,54,34,59,21,9,4,19,30
53,26,1,43,50,54,34,59,21,9,4,19,30,60
26,1,43,50,54,34,59,21,9,4,19,30,60,12
1,43,50,54,34,59,21,9,4,19,30,60,12,6
43,50,54,34,59,21,9,4,19,30,60,12,6,5
50,54,34,59,21,9,4,19,30,60,12,6,5,21
54,34,59,21,9,4,19,30,60,12,6,5,21,54
34,59,21,9,4,19,30,60,12,6,5,21,54,10
59,21,9,4,19,30,60,12,6,5,21,54,10,50
21,9,4,19,30,60,12,6,5,21,54,10,50,51
9,4,19,30,60,12,6,5,21,54,10,50,51,11
4,19,30,60,12,6,5,21,54,10,50,51,11,43
19,30,60,12,6,5,21,54,10,50,51,11,43,48
30,60,12,6,5,21,54,10,50,51,11,43,48,32
60,12,6,5,21,54,10,50,51,11,43,48,32,19
12,6,5,21,54,10,50,51,11,43,48,32,19,17
6,5,21,54,10,50,51,11,43,48,32,19,17,51
5,21,54,10,50,51,11,43,48,32,19,17,51,43
21,54,10,50,51,11,43,48,32,19,17,51,43,33
54,10,50,51,11,43,48,32,19,17,51,43,33,53
10,50,51,11,43,48,32,19,17,51,43,33,53,26
50,51,11,43,48,32,19,17,51,43,33,53,26,54
51,11,43,48,32,19,17,51,43,33,53,26,54,42
11,43,48,32,19,17,51,43,33,53,26,54,42,40
43,48,32,19,17,51,43,33,53,26,54,42,40,32
48,32,19,17,51,43,33,53,26,54,42,40,32,11
32,19,17,51,43,33,53,26,54,42,40,32,11,6
19,17,51,43,33,53,26,54,42,40,32,11,6,59
17,51,43,33,53,26,54,42,40,32,11,6,59,48
51,43,33,53,26,54,42,40,32,11,6,59,48,53
43,33,53,26,54,42,40,32,11,6,59,48,53,32
33,53,26,54,42,40,32,11,6,59,48,53,32,30
53,26,54,42,40,32,11,6,59,48,53,32,30,7
26,54,42,40,32,11,6,59,48,53,32,30,7,24
54,42,40,32,11,6,59,48,53,32,30,7,24,13
42,40,32,11,6,59,48,53,32,30,7,24,13,29
40,32,11,6,59,48,53,32,30,7,24,13,29,3
32,11,6,59,48,53,32,30,7,24,13,29,3,54
11,6,59,48,53,32,30,7,24,13,29,3,54,7
6,59,48,53,32,30,7,24,13,29,3,54,7,37
59,48,53,32,30,7,24,13,29,3,54,7,37,60
48,53,32,30,7,24,13,29,3,54,7,37,60,55
53,32,30,7,24,13,29,3,54,7,37,60,55,15
32,30,7,24,13,29,3,54,7,37,60,55,15,48
30,7,24,13,29,3,54,7,37,60,55,15,48,32
7,24,13,29,3,54,7,37,60,55,15,48,32,28
24,13,29,3,54,7,37,60,55,15,48,32,28,27
13,29,3,54,7,37,60,55,15,48,32,28,27,34
29,3,54,7,37,60,55,15,48,32,28,27,34,47
3,54,7,37,60,55,15,48,32,28,27,34,47,57
54,7,37,60,55,15,48,32,28,27,34,47,57,56
7,37,60,55,15,48,32,28,27,34,47,57,56,14
37,60,55,15,48,32,28,27,34,47,57,56,14,46
60,55,15,48,32,28,27,34,47,57,56,14,46,2
55,15,48,32,28,27,34,47,57,56,14,46,2,42
15,48,32,28,27,34,47,57,56,14,46,2,42,3
48,32,28,27,34,47,57,56,14,46,2,42,3,27
32,28,27,34,47,57,56,14,46,2,42,3,27,16
28,27,34,47,57,56,14,46,2,42,3,27,16,7
27,34,47,57,56,14,46,2,42,3,27,16,7,2
34,47,57,56,14,46,2,42,3,27,16,7,2,22
47,57,56,14,46,2,42,3,27,16,7,2,22,51
57,56,14,46,2,42,3,27,16,7,2,22,51,24
56,14,46,2,42,3,27,16,7,2,22,51,24,48
14,46,2,42,3,27,16,7,2,22,51,24,48,17
46,2,42,3,27,16,7,2,22,51,24,48,17,50
2,42,3,27,16,7,2,22,51,24,48,17,50,36
42,3,27,16,7,2,22,51,24,48,17,50,36,8
3,27,16,7,2,22,51,24,48,17,50,36,8,28
27,16,7,2,22,51,24,48,17,50,36,8,28,47
16,7,2,22,51,24,48,17,50,36,8,28,47,58
7,2,22,51,24,48,17,50,36,8,28,47,58,59
2,22,51,24,48,17,50,36,8,28,47,58,59,18
22,51,24,48,17,50,36,8,28,47,58,59,18,45
51,24,48,17,50,36,8,28,47,58,59,18,45,60
24,48,17,50,36,8,28,47,58,59,18,45,60,8
48,17,50,36,8,28,47,58,59,18,45,60,8,15
17,50,36,8,28,47,58,59,18,45,60,8,15,41
50,36,8,28,47,58,59,18,45,60,8,15,41,48
36,8,28,47,58,59,18,45,60,8,15,41,48,57
8,28,47,58,59,18,45,60,8,15,41,48,57,50
28,47,58,59,18,45,60,8,15,41,48,57,50,44
47,58,59,18,45,60,8,15,41,48,57,50,44,54
58,59,18,45,60,8,15,41,48,57,50,44,54,59
59,18,45,60,8,15,41,48,57,50,44,54,59,24
18,45,60,8,15,41,48,57,50,44,54,59,24,30
45,60,8,15,41,48,57,50,44,54,59,24,30,8
60,8,15,41,48,57,50,44,54,59,24,30,8,57
8,15,41,48,57,50,44,54,59,24,30,8,57,5
15,41,48,57,50,44,54,59,24,30,8,57,5,28
41,48,57,50,44,54,59,24,30,8,57,5,28,32
48,57,50,44,54,59,24,30,8,57,5,28,32,22
57,50,44,54,59,24,30,8,57,5,28,32,22,56
50,44,54,59,24,30,8,57,5,28,32,22,56,58
44,54,59,24,30,8,57,5,28,32,22,56,58,7
54,59,24,30,8,57,5,28,32,22,56,58,7,33
59,24,30,8,57,5,28,32,22,56,58,7,33,41
24,30,8,57,5,28,32,22,56,58,7,33,41,48
30,8,57,5,28,32,22,56,58,7,33,41,48,15
8,57,5,28,32,22,56,58,7,33,41,48,15,17
57,5,28,32,22,56,58,7,33,41,48,15,17,47
5,28,32,22,56,58,7,33,41,48,15,17,47,6
28,32,22,56,58,7,33,41,48,15,17,47,6,51
32,22,56,58,7,33,41,48,15,17,47,6,51,13
22,56,58,7,33,41,48,15,17,47,6,51,13,38
56,58,7,33,41,48,15,17,47,6,51,13,38,49
58,7,33,41,48,15,17,47,6,51,13,38,49,3
7,33,41,48,15,17,47,6,51,13,38,49,3,18
33,41,48,15,17,47,6,51,13,38,49,3,18,43
41,48,15,17,47,6,51,13,38,49,3,18,43,22
48,15,17,47,6,51,13,38,49,3,18,43,22,24
15,17,47,6,51,13,38,49,3,18,43,22,24,16
17,47,6,51,13,38,49,3,18,43,22,24,16,34
47,6,51,13,38,49,3,18,43,22,24,16,34,28
6,51,13,38,49,3,18,43,22,24,16,34,28,26
51,13,38,49,3,18,43,22,24,16,34,28,26,33
13,38,49,3,18,43,22,24,16,34,28,26,33,41
38,49,3,18,43,22,24,16,34,28,26,33,41,8
49,3,18,43,22,24,16,34,28,26,33,41,8,54
3,18,43,22,24,16,34,28,26,33,41,8,54,4
18,43,22,24,16,34,28,26,33,41,8,54,4,3
43,22,24,16,34,28,26,33,41,8,54,4,3,37
22,24,16,34,28,26,33,41,8,54,4,3,37,39
24,16,34,28,26,33,41,8,54,4,3,37,39,48
16,34,28,26,33,41,8,54,4,3,37,39,48,50
34,28,26,33,41,8,54,4,3,37,39,48,50,9
28,26,33,41,8,54,4,3,37,39,48,50,9,3
26,33,41,8,54,4,3,37,39,48,50,9,3,29
33,41,8,54,4,3,37,39,48,50,9,3,29,13
41,8,54,4,3,37,39,48,50,9,3,29,13,30
8,54,4,3,37,39,48,50,9,3,29,13,30,51
54,4,3,37,39,48,50,9,3,29,13,30,51,49
4,3,37,39,48,50,9,3,29,13,30,51,49,26
3,37,39,48,50,9,3,29,13,30,51,49,26,30
37,39,48,50,9,3,29,13,30,51,49,26,30,34
39,48,50,9,3,29,13,30,51,49,26,30,34,24
48,50,9,3,29,13,30,51,49,26,30,34,24,6
50,9,3,29,13,30,51,49,26,30,34,24,6,45
9,3,29,13,30,51,49,26,30,34,24,6,45,1
3,29,13,30,51,49,26,30,34,24,6,45,1,57
29,13,30,51,49,26,30,34,24,6,45,1,57,49
13,30,51,49,26,30,34,24,6,45,1,57,49,50
30,51,49,26,30,34,24,6,45,1,57,49,50,6
51,49,26,30,34,24,6,45,1,57,49,50,6,58
49,26,30,34,24,6,45,1,57,49,50,6,58,41
26,30,34,24,6,45,1,57,49,50,6,58,41,50
30,34,24,6,45,1,57,49,50,6,58,41,50,40
34,24,6,45,1,57,49,50,6,58,41,50,40,9
24,6,45,1,57,49,50,6,58,41,50,40,9,55
6,45,1,57,49,50,6,58,41,50,40,9,55,35
45,1,57,49,50,6,58,41,50,40,9,55,35,27
1,57,49,50,6,58,41,50,40,9,55,35,27,3
57,49,50,6,58,41,50,40,9,55,35,27,3,11
49,50,6,58,41,50,40,9,55,35,27,3,11,44
50,6,58,41,50,40,9,55,35,27,3,11,44,5
6,58,41,50,40,9,55,35,27,3,11,44,5,24
58,41,50,40,9,55,35,27,3,11,44,5,24,32
41,50,40,9,55,35,27,3,11,44,5,24,32,23
50,40,9,55,35,27,3,11,44,5,24,32,23,40
40,9,55,35,27,3,11,44,5,24,32,23,40,41
9,55,35,27,3,11,44,5,24,32,23,40,41,38
55,35,27,3,11,44,5,24,32,23,40,41,38,35
35,27,3,11,44,5,24,32,23,40,41,38,35,22
27,3,11,44,5,24,32,23,40,41,38,35,22,8
3,11,44,5,24,32,23,40,41,38,35,22,8,37
11,44,5,24,32,23,40,41,38,35,22,8,37,21
44,5,24,32,23,40,41,38,35,22,8,37,21,18
5,24,32,23,40,41,38,35,22,8,37,21,18,29
24,32,23,40,41,38,35,22,8,37,21,18,29,13
32,23,40,41,38,35,22,8,37,21,18,29,13,49
23,40,41,38,35,22,8,37,21,18,29,13,49,50
40,41,38,35,22,8,37,21,18,29,13,49,50,45
41,38,35,22,8,37,21,18,29,13,49,50,45,17
38,35,22,8,37,21,18,29,13,49,50,45,17,2
35,22,8,37,21,18,29,13,49,50,45,17,2,41
22,8,37,21,18,29,13,49,50,45,17,2,41,39
8,37,21,18,29,13,49,50,45,17,2,41,39,1
37,21,18,29,13,49,50,45,17,2,41,39,1,34
21,18,29,13,49,50,45,17,2,41,39,1,34,45
18,29,13,49,50,45,17,2,41,39,1,34,45,59
29,13,49,50,45,17,2,41,39,1,34,45,59,30
13,49,50,45,17,2,41,39,1,34,45,59,30,43
49,50,45,17,2,41,39,1,34,45,59,30,43,31
50,45,17,2,41,39,1,34,45,59,30,43,31,34
45,17,2,41,39,1,34,45,59,30,43,31,34,25
17,2,41,39,1,34,45,59,30,43,31,34,25,6
2,41,39,1,34,45,59,30,43,31,34,25,6,38
41,39,1,34,45,59,30,43,31,34,25,6,38,24
39,1,34,45,59,30,43,31,34,25,6,38,24,39
1,34,45,59,30,43,31,34,25,6,38,24,39,15
34,45,59,30,43,31,34,25,6,38,24,39,15,10
45,59,30,43,31,34,25,6,38,24,39,15,10,14
59,30,43,31,34,25,6,38,24,39,15,10,14,9
30,43,31,34,25,6,38,24,39,15,10,14,9,2
43,31,34,25,6,38,24,39,15,10,14,9,2,32
31,34,25,6,38,24,39,15,10,14,9,2,32,22
34,25,6,38,24,39,15,10,14,9,2,32,22,37
25,6,38,24,39,15,10,14,9,2,32,22,37,53
6,38,24,39,15,10,14,9,2,32,22,37,53,35
38,24,39,15,10,14,9,2,32,22,37,53,35,52
24,39,15,10,14,9,2,32,22,37,53,35,52,25
39,15,10,14,9,2,32,22,37,53,35,52,25,23
15,10,14,9,2,32,22,37,53,35,52,25,23,13
10,14,9,2,32,22,37,53,35,52,25,23,13,55
14,9,2,32,22,37,53,35,52,25,23,13,55,30
9,2,32,22,37,53,35,52,25,23,13,55,30,28
2,32,22,37,53,35,52,25,23,13,55,30,28,59
32,22,37,53,35,52,25,23,13,55,30,28,59,33
22,37,53,35,52,25,23,13,55,30,28,59,33,22
37,53,35,52,25,23,13,55,30,28,59,33,22,13
53,35,52,25,23,13,55,30,28,59,33,22,13,26
35,52,25,23,13,55,30,28,59,33,22,13,26,1
52,25,23,13,55,30,28,59,33,22,13,26,1,21
25,23,13,55,30,28,59,33,22,13,26,1,21,14
23,13,55,30,28,59,33,22,13,26,1,21,14,51
13,55,30,28,59,33,22,13,26,1,21,14,51,10
55,30,28,59,33,22,13,26,1,21,14,51,10,40
30,28,59,33,22,13,26,1,21,14,51,10,40,30
28,59,33,22,13,26,1,21,14,51,10,40,30,44
59,33,22,13,26,1,21,14,51,10,40,30,44,36
33,22,13,26,1,21,14,51,10,40,30,44,36,60
22,13,26,1,21,14,51,10,40,30,44,36,60,45
13,26,1,21,14,51,10,40,30,44,36,60,45,9
26,1,21,14,51,10,40,30,44,36,60,45,9,60
1,21,14,51,10,40,30,44,36,60,45,9,60,2
21,14,51,10,40,30,44,36,60,45,9,60,2,35
14,51,10,40,30,44,36,60,45,9,60,2,35,4
51,10,40,30,44,36,60,45,9,60,2,35,4,8
10,40,30,44,36,60,45,9,60,2,35,4,8,49
40,30,44,36,60,45,9,60,2,35,4,8,49,35
30,44,36,60,45,9,60,2,35,4,8,49,35,42
44,36,60,45,9,60,2,35,4,8,49,35,42,56
36,60,45,9,60,2,35,4,8,49,35,42,56,2
60,45,9,60,2,35,4,8,49,35,42,56,2,23
45,9,60,2,35,4,8,49,35,42,56,2,23,45
9,60,2,35,4,8,49,35,42,56,2,23,45,16
60,2,35,4,8,49,35,42,56,2,23,45,16,58
2,35,4,8,49,35,42,56,2,23,45,16,58,59
35,4,8,49,35,42,56,2,23,45,16,58,59,56
4,8,49,35,42,56,2,23,45,16,58,59,56,5
8,49,35,42,56,2,23,45,16,58,59,56,5,4
49,35,42,56,2,23,45,16,58,59,56,5,4,37
35,42,56,2,23,45,16,58,59,56,5,4,37,40
42,56,2,23,45,16,58,59,56,5,4,37,40,60
56,2,23,45,16,58,59,56,5,4,37,40,60,14
2,23,45,16,58,59,56,5,4,37,40,60,14,42
23,45,16,58,59,56,5,4,37,40,60,14,42,5
45,16,58,59,56,5,4,37,40,60,14,42,5,32
16,58,59,56,5,4,37,40,60,14,42,5,32,37
58,59,56,5,4,37,40,60,14,42,5,32,37,1
59,56,5,4,37,40,60,14,42,5,32,37,1,31
56,5,4,37,40,60,14,42,5,32,37,1,31,14
5,4,37,40,60,14,42,5,32,37,1,31,14,36
4,37,40,60,14,42,5,32,37,1,31,14,36,60
37,40,60,14,42,5,32,37,1,31,14,36,60,38
40,60,14,42,5,32,37,1,31,14,36,60,38,17
60,14,42,5,32,37,1,31,14,36,60,38,17,44
14,42,5,32,37,1,31,14,36,60,38,17,44,3
42,5,32,37,1,31,14,36,60,38,17,44,3,43
5,32,37,1,31,14,36,60,38,17,44,3,43,21
32,37,1,31,14,36,60,38,17,44,3,43,21,17
37,1,31,14,36,60,38,17,44,3,43,21,17,22
1,31,14,36,60,38,17,44,3,43,21,17,22,10
31,14,36,60,38,17,44,3,43,21,17,22,10,25
14,36,60,38,17,44,3,43,21,17,22,10,25,5
36,60,38,17,44,3,43,21,17,22,10,25,5,31
60,38,17,44,3,43,21,17,22,10,25,5,31,1
38,17,44,3,43,21,17,22,10,25,5,31,1,28
17,44,3,43,21,17,22,10,25,5,31,1,28,23
44,3,43,21,17,22,10,25,5,31,1,28,23,11
3,43,21,17,22,10,25,5,31,1,28,23,11,26
43,21,17,22,10,25,5,31,1,28,23,11,26,24
21,17,22,10,25,5,31,1,28,23,11,26,24,52
17,22,10,25,5,31,1,28,23,11,26,24,52,40
22,10,25,5,31,1,28,23,11,26,24,52,40,23
10,25,5,31,1,28,23,11,26,24,52,40,23,30
25,5,31,1,28,23,11,26,24,52,40,23,30,40
5,31,1,28,23,11,26,24,52,40,23,30,40,33
31,1,28,23,11,26,24,52,40,23,30,40,33,18
1,28,23,11,26,24,52,40,23,30,40,33,18,20
28,23,11,26,24,52,40,23,30,40,33,18,20,32
23,11,26,24,52,40,23,30,40,33,18,20,32,17
11,26,24,52,40,23,30,40,33,18,20,32,17,58
26,24,52,40,23,30,40,33,18,20,32,17,58,33
24,52,40,23,30,40,33,18,20,32,17,58,33,52
52,40,23,30,40,33,18,20,32,17,58,33,52,11
40,23,30,40,33,18,20,32,17,58,33,52,11,3
23,30,40,33,18,20,32,17,58,33,52,11,3,39
30,40,33,18,20,32,17,58,33,52,11,3,39,11
40,33,18,20,32,17,58,33,52,11,3,39,11,56
33,18,20,32,17,58,33,52,11,3,39,11,56,46
18,20,32,17,58,33,52,11,3,39,11,56,46,13
20,32,17,58,33,52,11,3,39,11,56,46,13,25
32,17,58,33,52,11,3,39,11,56,46,13,25,25
17,58,33,52,11,3,39,11,56,46,13,25,25,5
58,33,52,11,3,39,11,56,46,13,25,25,5,53
33,52,11,3,39,11,56,46,13,25,25,5,53,28
52,11,3,39,11,56,46,13,25,25,5,53,28,41
11,3,39,11,56,46,13,25,25,5,53,28,41,54
3,39,11,56,46,13,25,25,5,53,28,41,54,43
39,11,56,46,13,25,25,5,53,28,41,54,43,28
11,56,46,13,25,25,5,53,28,41,54,43,28,10
56,46,13,25,25,5,53,28,41,54,43,28,10,37
46,13,25,25,5,53,28,41,54,43,28,10,37,47
13,25,25,5,53,28,41,54,43,28,10,37,47,44
25,25,5,53,28,41,54,43,28,10,37,47,44,53
25,5,53,28,41,54,43,28,10,37,47,44,53,45
5,53,28,41,54,43,28,10,37,47,44,53,45,47
53,28,41,54,43,28,10,37,47,44,53,45,47,1
28,41,54,43,28,10,37,47,44,53,45,47,1,52
41,54,43,28,10,37,47,44,53,45,47,1,52,55
54,43,28,10,37,47,44,53,45,47,1,52,55,7
43,28,10,37,47,44,53,45,47,1,52,55,7,18
28,10,37,47,44,53,45,47,1,52,55,7,18,51
10,37,47,44,53,45,47,1,52,55,7,18,51,41
37,47,44,53,45,47,1,52,55,7,18,51,41,44
47,44,53,45,47,1,52,55,7,18,51,41,44,39
44,53,45,47,1,52,55,7,18,51,41,44,39,35
53,45,47,1,52,55,7,18,51,41,44,39,35,13
45,47,1,52,55,7,18,51,41,44,39,35,13,32
47,1,52,55,7,18,51,41,44,39,35,13,32,16
1,52,55,7,18,51,41,44,39,35,13,32,16,24
52,55,7,18,51,41,44,39,35,13,32,16,24,23
55,7,18,51,41,44,39,35,13,32,16,24,23,56
7,18,51,41,44,39,35,13,32,16,24,23,56,26
18,51,41,44,39,35,13,32,16,24,23,56,26,40
51,41,44,39,35,13,32,16,24,23,56,26,40,16
41,44,39,35,13,32,16,24,23,56,26,40,16,57
44,39,35,13,32,16,24,23,56,26,40,16,57,12
39,35,13,32,16,24,23,56,26,40,16,57,12,20
35,13,32,16,24,23,56,26,40,16,57,12,20,58
13,32,16,24,23,56,26,40,16,57,12,20,58,10
32,16,24,23,56,26,40,16,57,12,20,58,10,59
16,24,23,56,26,40,16,57,12,20,58,10,59,57
24,23,56,26,40,16,57,12,20,58,10,59,57,5
23,56,26,40,16,57,12,20,58,10,59,57,5,19
56,26,40,16,57,12,20,58,10,59,57,5,19,51
26,40,16,57,12,20,58,10,59,57,5,19,51,56
40,16,57,12,20,58,10,59,57,5,19,51,56,16
16,57,12,20,58,10,59,57,5,19,51,56,16,5
57,12,20,58,10,59,57,5,19,51,56,16,5,37
12,20,58,10,59,57,5,19,51,56,16,5,37,30
20,58,10,59,57,5,19,51,56,16,5,37,30,10
58,10,59,57,5,19,51,56,16,5,37,30,10,53
10,59,57,5,19,51,56,16,5,37,30,10,53,44
59,57,5,19,51,56,16,5,37,30,10,53,44,3
57,5,19,51,56,16,5,37,30,10,53,44,3,56
5,19,51,56,16,5,37,30,10,53,44,3,56,41
19,51,56,16,5,37,30,10,53,44,3,56,41,35
51,56,16,5,37,30,10,53,44,3,56,41,35,37
56,16,5,37,30,10,53,44,3,56,41,35,37,10
16,5,37,30,10,53,44,3,56,41,35,37,10,19
5,37,30,10,53,44,3,56,41,35,37,10,19,9
37,30,10,53,44,3,56,41,35,37,10,19,9,28
30,10,53,44,3,56,41,35,37,10,19,9,28,59
10,53,44,3,56,41,35,37,10,19,9,28,59,16
53,44,3,56,41,35,37,10,19,9,28,59,16,47
44,3,56,41,35,37,10,19,9,28,59,16,47,27
3,56,41,35,37,10,19,9,28,59,16,47,27,60
56,41,35,37,10,19,9,28,59,16,47,27,60,38
41,35,37,10,19,9,28,59,16,47,27,60,38,1
35,37,10,19,9,28,59,16,47,27,60,38,1,32
37,10,19,9,28,59,16,47,27,60,38,1,32,4
10,19,9,28,59,16,47,27,60,38,1,32,4,23
19,9,28,59,16,47,27,60,38,1,32,4,23,59
9,28,59,16,47,27,60,38,1,32,4,23,59,59
28,59,16,47,27,60,38,1,32,4,23,59,59,7
59,16,47,27,60,38,1,32,4,23,59,59,7,18
16,47,27,60,38,1,32,4,23,59,59,7,18,23
47,27,60,38,1,32,4,23,59,59,7,18,23,32
27,60,38,1,32,4,23,59,59,7,18,23,32,14
60,38,1,32,4,23,59,59,7,18,23,32,14,7
38,1,32,4,23,59,59,7,18,23,32,14,7,40
1,32,4,23,59,59,7,18,23,32,14,7,40,54
32,4,23,59,59,7,18,23,32,14,7,40,54,15
4,23,59,59,7,18,23,32,14,7,40,54,15,3
23,59,59,7,18,23,32,14,7,40,54,15,3,45
59,59,7,18,23,32,14,7,40,54,15,3,45,23
59,7,18,23,32,14,7,40,54,15,3,45,23,56
7,18,23,32,14,7,40,54,15,3,45,23,56,41
18,23,32,14,7,40,54,15,3,45,23,56,41,46
23,32,14,7,40,54,15,3,45,23,56,41,46,34
32,14,7,40,54,15,3,45,23,56,41,46,34,11
14,7,40,54,15,3,45,23,56,41,46,34,11,48
7,40,54,15,3,45,23,56,41,46,34,11,48,1
40,54,15,3,45,23,56,41,46,34,11,48,1,18
54,15,3,45,23,56,41,46,34,11,48,1,18,45
15,3,45,23,56,41,46,34,11,48,1,18,45,17
3,45,23,56,41,46,34,11,48,1,18,45,17,10
45,23,56,41,46,34,11,48,1,18,45,17,10,30
23,56,41,46,34,11,48,1,18,45,17,10,30,25
56,41,46,34,11,48,1,18,45,17,10,30,25,23
41,46,34,11,48,1,18,45,17,10,30,25,23,44
46,34,11,48,1,18,45,17,10,30,25,23,44,28
34,11,48,1,18,45,17,10,30,25,23,44,28,16
11,48,1,18,45,17,10,30,25,23,44,28,16,5
48,1,18,45,17,10,30,25,23,44,28,16,5,24
1,18,45,17,10,30,25,23,44,28,16,5,24,51
18,45,17,10,30,25,23,44,28,16,5,24,51,22
45,17,10,30,25,23,44,28,16,5,24,51,22,11
17,10,30,25,23,44,28,16,5,24,51,22,11,53
10,30,25,23,44,28,16,5,24,51,22,11,53,47
30,25,23,44,28,16,5,24,51,22,11,53,47,1
25,23,44,28,16,5,24,51,22,11,53,47,1,3
23,44,28,16,5,24,51,22,11,53,47,1,3,19
44,28,16,5,24,51,22,11,53,47,1,3,19,23
28,16,5,24,51,22,11,53,47,1,3,19,23,58
16,5,24,51,22,11,53,47,1,3,19,23,58,50
5,24,51,22,11,53,47,1,3,19,23,58,50,22
24,51,22,11,53,47,1,3,19,23,58,50,22,6
51,22,11,53,47,1,3,19,23,58,50,22,6,37
22,11,53,47,1,3,19,23,58,50,22,6,37,30
11,53,47,1,3,19,23,58,50,22,6,37,30,17
53,47,1,3,19,23,58,50,22,6,37,30,17,17
47,1,3,19,23,58,50,22,6,37,30,17,17,58
1,3,19,23,58,50,22,6,37,30,17,17,58,45
3,19,23,58,50,22,6,37,30,17,17,58,45,19
19,23,58,50,22,6,37,30,17,17,58,45,19,28
23,58,50,22,6,37,30,17,17,58,45,19,28,16
58,50,22,6,37,30,17,17,58,45,19,28,16,31
50,22,6,37,30,17,17,58,45,19,28,16,31,35
22,6,37,30,17,17,58,45,19,28,16,31,35,57
6,37,30,17,17,58,45,19,28,16,31,35,57,54
37,30,17,17,58,45,19,28,16,31,35,57,54,21
30,17,17,58,45,19,28,16,31,35,57,54,21,53
17,17,58,45,19,28,16,31,35,57,54,21,53,3
17,58,45,19,28,16,31,35,57,54,21,53,3,5
58,45,19,28,16,31,35,57,54,21,53,3,5,2
45,19,28,16,31,35,57,54,21,53,3,5,2,34
19,28,16,31,35,57,54,21,53,3,5,2,34,10
28,16,31,35,57,54,21,53,3,5,2,34,10,15
16,31,35,57,54,21,53,3,5,2,34,10,15,25
31,35,57,54,21,53,3,5,2,34,10,15,25,6
35,57,54,21,53,3,5,2,34,10,15,25,6,14
57,54,21,53,3,5,2,34,10,15,25,6,14,21
54,21,53,3,5,2,34,10,15,25,6,14,21,3
21,53,3,5,2,34,10,15,25,6,14,21,3,15
53,3,5,2,34,10,15,25,6,14,21,3,15,52
3,5,2,34,10,15,25,6,14,21,3,15,52,9
5,2,34,10,15,25,6,14,21,3,15,52,9,58
2,34,10,15,25,6,14,21,3,15,52,9,58,47
34,10,15,25,6,14,21,3,15,52,9,58,47,22
10,15,25,6,14,21,3,15,52,9,58,47,22,25
15,25,6,14,21,3,15,52,9,58,47,22,25,53
25,6,14,21,3,15,52,9,58,47,22,25,53,12
6,14,21,3,15,52,9,58,47,22,25,53,12,58
14,21,3,15,52,9,58,47,22,25,53,12,58,55
21,3,15,52,9,58,47,22,25,53,12,58,55,34
3,15,52,9,58,47,22,25,53,12,58,55,34,45
15,52,9,58,47,22,25,53,12,58,55,34,45,48
52,9,58,47,22,25,53,12,58,55,34,45,48,35
9,58,47,22,25,53,12,58,55,34,45,48,35,44
58,47,22,25,53,12,58,55,34,45,48,35,44,23
47,22,25,53,12,58,55,34,45,48,35,44,23,36
22,25,53,12,58,55,34,45,48,35,44,23,36,20
25,53,12,58,55,34,45,48,35,44,23,36,20,46
53,12,58,55,34,45,48,35,44,23,36,20,46,11
12,58,55,34,45,48,35,44,23,36,20,46,11,8
58,55,34,45,48,35,44,23,36,20,46,11,8,43
55,34,45,48,35,44,23,36,20,46,11,8,43,28
34,45,48,35,44,23,36,20,46,11,8,43,28,27
45,48,35,44,23,36,20,46,11,8,43,28,27,30
48,35,44,23,36,20,46,11,8,43,28,27,30,53
35,44,23,36,20,46,11,8,43,28,27,30,53,26
44,23,36,20,46,11,8,43,28,27,30,53,26,11
23,36,20,46,11,8,43,28,27,30,53,26,11,37
36,20,46,11,8,43,28,27,30,53,26,11,37,12
20,46,11,8,43,28,27,30,53,26,11,37,12,25
46,11,8,43,28,27,30,53,26,11,37,12,25,18
11,8,43,28,27,30,53,26,11,37,12,25,18,2
8,43,28,27,30,53,26,11,37,12,25,18,2,21
43,28,27,30,53,26,11,37,12,25,18,2,21,9
28,27,30,53,26,11,37,12,25,18,2,21,9,7
27,30,53,26,11,37,12,25,18,2,21,9,7,9
30,53,26,11,37,12,25,18,2,21,9,7,9,43
53,26,11,37,12,25,18,2,21,9,7,9,43,10
26,11,37,12,25,18,2,21,9,7,9,43,10,15
11,37,12,25,18,2,21,9,7,9,43,10,15,45
37,12,25,18,2,21,9,7,9,43,10,15,45,28
12,25,18,2,21,9,7,9,43,10,15,45,28,21
25,18,2,21,9,7,9,43,10,15,45,28,21,18
18,2,21,9,7,9,43,10,15,45,28,21,18,56
2,21,9,7,9,43,10,15,45,28,21,18,56,15
21,9,7,9,43,10,15,45,28,21,18,56,15,51
9,7,9,43,10,15,45,28,21,18,56,15,51,12
7,9,43,10,15,45,28,21,18,56,15,51,12,43
9,43,10,15,45,28,21,18,56,15,51,12,43,54
43,10,15,45,28,21,18,56,15,51,12,43,54,29
10,15,45,28,21,18,56,15,51,12,43,54,29,57
15,45,28,21,18,56,15,51,12,43,54,29,57,35
45,28,21,18,56,15,51,12,43,54,29,57,35,56
28,21,18,56,15,51,12,43,54,29,57,35,56,27
21,18,56,15,51,12,43,54,29,57,35,56,27,40
18,56,15,51,12,43,54,29,57,35,56,27,40,33
56,15,51,12,43,54,29,57,35,56,27,40,33,6
15,51,12,43,54,29,57,35,56,27,40,33,6,39
51,12,43,54,29,57,35,56,27,40,33,6,39,60
12,43,54,29,57,35,56,27,40,33,6,39,60,3
43,54,29,57,35,56,27,40,33,6,39,60,3,48
54,29,57,35,56,27,40,33,6,39,60,3,48,44
29,57,35,56,27,40,33,6,39,60,3,48,44,35
57,35,56,27,40,33,6,39,60,3,48,44,35,25
35,56,27,40,33,6,39,60,3,48,44,35,25,38
56,27,40,33,6,39,60,3,48,44,35,25,38,10
27,40,33,6,39,60,3,48,44,35,25,38,10,27
40,33,6,39,60,3,48,44,35,25,38,10,27,57
33,6,39,60,3,48,44,35,25,38,10,27,57,13
6,39,60,3,48,44,35,25,38,10,27,57,13,23
39,60,3,48,44,35,25,38,10,27,57,13,23,4
60,3,48,44,35,25,38,10,27,57,13,23,4,47
3,48,44,35,25,38,10,27,57,13,23,4,47,43
48,44,35,25,38,10,27,57,13,23,4,47,43,45
44,35,25,38,10,27,57,13,23,4,47,43,45,40
35,25,38,10,27,57,13,23,4,47,43,45,40,57
25,38,10,27,57,13,23,4,47,43,45,40,57,11
38,10,27,57,13,23,4,47,43,45,40,57,11,9
10,27,57,13,23,4,47,43,45,40,57,11,9,6
27,57,13,23,4,47,43,45,40,57,11,9,6,39
57,13,23,4,47,43,45,40,57,11,9,6,39,15
13,23,4,47,43,45,40,57,11,9,6,39,15,22
23,4,47,43,45,40,57,11,9,6,39,15,22,48
4,47,43,45,40,57,11,9,6,39,15,22,48,32
47,43,45,40,57,11,9,6,39,15,22,48,32,16
43,45,40,57,11,9,6,39,15,22,48,32,16,33
45,40,57,11,9,6,39,15,22,48,32,16,33,23
40,57,11,9,6,39,15,22,48,32,16,33,23,18
57,11,9,6,39,15,22,48,32,16,33,23,18,30
11,9,6,39,15,22,48,32,16,33,23,18,30,42
9,6,39,15,22,48,32,16,33,23,18,30,42,10
6,39,15,22,48,32,16,33,23,18,30,42,10,33
39,15,22,48,32,16,33,23,18,30,42,10,33,36
15,22,48,32,16,33,23,18,30,42,10,33,36,13
22,48,32,16,33,23,18,30,42,10,33,36,13,35
48,32,16,33,23,18,30,42,10,33,36,13,35,14
32,16,33,23,18,30,42,10,33,36,13,35,14,56
16,33,23,18,30,42,10,33,36,13,35,14,56,52
33,23,18,30,42,10,33,36,13,35,14,56,52,17
23,18,30,42,10,33,36,13,35,14,56,52,17,4
18,30,42,10,33,36,13,35,14,56,52,17,4,43
30,42,10,33,36,13,35,14,56,52,17,4,43,39
42,10,33,36,13,35,14,56,52,17,4,43,39,33
10,33,36,13,35,14,56,52,17,4,43,39,33,29
33,36,13,35,14,56,52,17,4,43,39,33,29,16
36,13,35,14,56,52,17,4,43,39,33,29,16,44
13,35,14,56,52,17,4,43,39,33,29,16,44,42
35,14,56,52,17,4,43,39,33,29,16,44,42,57
14,56,52,17,4,43,39,33,29,16,44,42,57,21
56,52,17,4,43,39,33,29,16,44,42,57,21,2
52,17,4,43,39,33,29,16,44,42,57,21,2,33
17,4,43,39,33,29,16,44,42,57,21,2,33,20
4,43,39,33,29,16,44,42,57,21,2,33,20,48
43,39,33,29,16,44,42,57,21,2,33,20,48,3
39,33,29,16,44,42,57,21,2,33,20,48,3,50
33,29,16,44,42,57,21,2,33,20,48,3,50,18
29,16,44,42,57,21,2,33,20,48,3,50,18,23
16,44,42,57,21,2,33,20,48,3,50,18,23,9
44,42,57,21,2,33,20,48,3,50,18,23,9,52
42,57,21,2,33,20,48,3,50,18,23,9,52,4
57,21,2,33,20,48,3,50,18,23,9,52,4,36
21,2,33,20,48,3,50,18,23,9,52,4,36,25
2,33,20,48,3,50,18,23,9,52,4,36,25,21
33,20,48,3,50,18,23,9,52,4,36,25,21,46
20,48,3,50,18,23,9,52,4,36,25,21,46,33
48,3,50,18,23,9,52,4,36,25,21,46,33,22
3,50,18,23,9,52,4,36,25,21,46,33,22,17
50,18,23,9,52,4,36,25,21,46,33,22,17,50
18,23,9,52,4,36,25,21,46,33,22,17,50,38
23,9,52,4,36,25,21,46,33,22,17,50,38,20
9,52,4,36,25,21,46,33,22,17,50,38,20,16
52,4,36,25,21,46,33,22,17,50,38,20,16,60
4,36,25,21,46,33,22,17,50,38,20,16,60,28
36,25,21,46,33,22,17,50,38,20,16,60,28,54
25,21,46,33,22,17,50,38,20,16,60,28,54,37
21,46,33,22,17,50,38,20,16,60,28,54,37,45
46,33,22,17,50,38,20,16,60,28,54,37,45,11
33,22,17,50,38,20,16,60,28,54,37,45,11,39
22,17,50,38,20,16,60,28,54,37,45,11,39,45
17,50,38,20,16,60,28,54,37,45,11,39,45,31
50,38,20,16,60,28,54,37,45,11,39,45,31,25
38,20,16,60,28,54,37,45,11,39,45,31,25,43
20,16,60,28,54,37,45,11,39,45,31,25,43,33
16,60,28,54,37,45,11,39,45,31,25,43,33,19
60,28,54,37,45,11,39,45,31,25,43,33,19,10
28,54,37,45,11,39,45,31,25,43,33,19,10,16
54,37,45,11,39,45,31,25,43,33,19,10,16,15
37,45,11,39,45,31,25,43,33,19,10,16,15,28
45,11,39,45,31,25,43,33,19,10,16,15,28,35
11,39,45,31,25,43,33,19,10,16,15,28,35,20
39,45,31,25,43,33,19,10,16,15,28,35,20,41
45,31,25,43,33,19,10,16,15,28,35,20,41,22
31,25,43,33,19,10,16,15,28,35,20,41,22,36
25,43,33,19,10,16,15,28,35,20,41,22,36,43
43,33,19,10,16,15,28,35,20,41,22,36,43,38
33,19,10,16,15,28,35,20,41,22,36,43,38,46
19,10,16,15,28,35,20,41,22,36,43,38,46,34
10,16,15,28,35,20,41,22,36,43,38,46,34,59
16,15,28,35,20,41,22,36,43,38,46,34,59,45
15,28,35,20,41,22,36,43,38,46,34,59,45,9
28,35,20,41,22,36,43,38,46,34,59,45,9,42
35,20,41,22,36,43,38,46,34,59,45,9,42,16
20,41,22,36,43,38,46,34,59,45,9,42,16,52
41,22,36,43,38,46,34,59,45,9,42,16,52,53
22,36,43,38,46,34,59,45,9,42,16,52,53,58
36,43,38,46,34,59,45,9,42,16,52,53,58,30
43,38,46,34,59,45,9,42,16,52,53,58,30,12
38,46,34,59,45,9,42,16,52,53,58,30,12,47
46,34,59,45,9,42,16,52,53,58,30,12,47,43
34,59,45,9,42,16,52,53,58,30,12,47,43,38
59,45,9,42,16,52,53,58,30,12,47,43,38,1
45,9,42,16,52,53,58,30,12,47,43,38,1,17
9,42,16,52,53,58,30,12,47,43,38,1,17,45
42,16,52,53,58,30,12,47,43,38,1,17,45,46
16,52,53,58,30,12,47,43,38,1,17,45,46,3
52,53,58,30,12,47,43,38,1,17,45,46,3,2
53,58,30,12,47,43,38,1,17,45,46,3,2,30
58,30,12,47,43,38,1,17,45,46,3,2,30,14
30,12,47,43,38,1,17,45,46,3,2,30,14,20
12,47,43,38,1,17,45,46,3,2,30,14,20,11
47,43,38,1,17,45,46,3,2,30,14,20,11,5
43,38,1,17,45,46,3,2,30,14,20,11,5,30
38,1,17,45,46,3,2,30,14,20,11,5,30,31
1,17,45,46,3,2,30,14,20,11,5,30,31,13
17,45,46,3,2,30,14,20,11,5,30,31,13,19
45,46,3,2,30,14,20,11,5,30,31,13,19,28
46,3,2,30,14,20,11,5,30,31,13,19,28,51
3,2,30,14,20,11,5,30,31,13,19,28,51,59
2,30,14,20,11,5,30,31,13,19,28,51,59,26
30,14,20,11,5,30,31,13,19,28,51,59,26,53
14,20,11,5,30,31,13,19,28,51,59,26,53,10
20,11,5,30,31,13,19,28,51,59,26,53,10,10
11,5,30,31,13,19,28,51,59,26,53,10,10,52
5,30,31,13,19,28,51,59,26,53,10,10,52,23
30,31,13,19,28,51,59,26,53,10,10,52,23,36
31,13,19,28,51,59,26,53,10,10,52,23,36,3
13,19,28,51,59,26,53,10,10,52,23,36,3,43
19,28,51,59,26,53,10,10,52,23,36,3,43,17
28,51,59,26,53,10,10,52,23,36,3,43,17,56
51,59,26,53,10,10,52,23,36,3,43,17,56,37
59,26,53,10,10,52,23,36,3,43,17,56,37,52
26,53,10,10,52,23,36,3,43,17,56,37,52,18
53,10,10,52,23,36,3,43,17,56,37,52,18,4
10,10,52,23,36,3,43,17,56,37,52,18,4,34
10,52,23,36,3,43,17,56,37,52,18,4,34,8
52,23,36,3,43,17,56,37,52,18,4,34,8,2
23,36,3,43,17,56,37,52,18,4,34,8,2,15
36,3,43,17,56,37,52,18,4,34,8,2,15,9
3,43,17,56,37,52,18,4,34,8,2,15,9,22
43,17,56,37,52,18,4,34,8,2,15,9,22,55
17,56,37,52,18,4,34,8,2,15,9,22,55,21
56,37,52,18,4,34,8,2,15,9,22,55,21,16
37,52,18,4,34,8,2,15,9,22,55,21,16,44
52,18,4,34,8,2,15,9,22,55,21,16,44,29
18,4,34,8,2,15,9,22,55,21,16,44,29,10
4,34,8,2,15,9,22,55,21,16,44,29,10,15
34,8,2,15,9,22,55,21,16,44,29,10,15,19
8,2,15,9,22,55,21,16,44,29,10,15,19,35
2,15,9,22,55,21,16,44,29,10,15,19,35,59
15,9,22,55,21,16,44,29,10,15,19,35,59,14
9,22,55,21,16,44,29,10,15,19,35,59,14,2
22,55,21,16,44,29,10,15,19,35,59,14,2,56
55,21,16,44,29,10,15,19,35,59,14,2,56,39
21,16,44,29,10,15,19,35,59,14,2,56,39,35
16,44,29,10,15,19,35,59,14,2,56,39,35,8
44,29,10,15,19,35,59,14,2,56,39,35,8,23
29,10,15,19,35,59,14,2,56,39,35,8,23,59
10,15,19,35,59,14,2,56,39,35,8,23,59,24
15,19,35,59,14,2,56,39,35,8,23,59,24,17
19,35,59,14,2,56,39,35,8,23,59,24,17,10
35,59,14,2,56,39,35,8,23,59,24,17,10,1
59,14,2,56,39,35,8,23,59,24,17,10,1,3
14,2,56,39,35,8,23,59,24,17,10,1,3,23
2,56,39,35,8,23,59,24,17,10,1,3,23,51
56,39,35,8,23,59,24,17,10,1,3,23,51,40
39,35,8,23,59,24,17,10,1,3,23,51,40,52
35,8,23,59,24,17,10,1,3,23,51,40,52,24
8,23,59,24,17,10,1,3,23,51,40,52,24,12
23,59,24,17,10,1,3,23,51,40,52,24,12,3
59,24,17,10,1,3,23,51,40,52,24,12,3,10
24,17,10,1,3,23,51,40,52,24,12,3,10,29
17,10,1,3,23,51,40,52,24,12,3,10,29,24
10,1,3,23,51,40,52,24,12,3,10,29,24,43
1,3,23,51,40,52,24,12,3,10,29,24,43,6
3,23,51,40,52,24,12,3,10,29,24,43,6,55
23,51,40,52,24,12,3,10,29,24,43,6,55,10
51,40,52,24,12,3,10,29,24,43,6,55,10,54
40,52,24,12,3,10,29,24,43,6,55,10,54,42
52,24,12,3,10,29,24,43,6,55,10,54,42,16
24,12,3,10,29,24,43,6,55,10,54,42,16,40
12,3,10,29,24,43,6,55,10,54,42,16,40,32
3,10,29,24,43,6,55,10,54,42,16,40,32,39
10,29,24,43,6,55,10,54,42,16,40,32,39,29
29,24,43,6,55,10,54,42,16,40,32,39,29,24
24,43,6,55,10,54,42,16,40,32,39,29,24,52
43,6,55,10,54,42,16,40,32,39,29,24,52,7
6,55,10,54,42,16,40,32,39,29,24,52,7,45
55,10,54,42,16,40,32,39,29,24,52,7,45,36
10,54,42,16,40,32,39,29,24,52,7,45,36,16
54,42,16,40,32,39,29,24,52,7,45,36,16,9
42,16,40,32,39,29,24,52,7,45,36,16,9,47
16,40,32,39,29,24,52,7,45,36,16,9,47,13
40,32,39,29,24,52,7,45,36,16,9,47,13,17
32,39,29,24,52,7,45,36,16,9,47,13,17,38
39,29,24,52,7,45,36,16,9,47,13,17,38,1
29,24,52,7,45,36,16,9,47,13,17,38,1,9
24,52,7,45,36,16,9,47,13,17,38,1,9,48
52,7,45,36,16,9,47,13,17,38,1,9,48,49
7,45,36,16,9,47,13,17,38,1,9,48,49,24
45,36,16,9,47,13,17,38,1,9,48,49,24,48
36,16,9,47,13,17,38,1,9,48,49,24,48,20
16,9,47,13,17,38,1,9,48,49,24,48,20,43
9,47,13,17,38,1,9,48,49,24,48,20,43,18
47,13,17,38,1,9,48,49,24,48,20,43,18,6
13,17,38,1,9,48,49,24,48,20,43,18,6,24
17,38,1,9,48,49,24,48,20,43,18,6,24,43
38,1,9,48,49,24,48,20,43,18,6,24,43,11
1,9,48,49,24,48,20,43,18,6,24,43,11,39
9,48,49,24,48,20,43,18,6,24,43,11,39,9
48,49,24,48,20,43,18,6,24,43,11,39,9,30
49,24,48,20,43,18,6,24,43,11,39,9,30,12
24,48,20,43,18,6,24,43,11,39,9,30,12,8
48,20,43,18,6,24,43,11,39,9,30,12,8,57
20,43,18,6,24,43,11,39,9,30,12,8,57,47
43,18,6,24,43,11,39,9,30,12,8,57,47,39
18,6,24,43,11,39,9,30,12,8,57,47,39,9
6,24,43,11,39,9,30,12,8,57,47,39,9,59
24,43,11,39,9,30,12,8,57,47,39,9,59,8
43,11,39,9,30,12,8,57,47,39,9,59,8,54
11,39,9,30,12,8,57,47,39,9,59,8,54,21
39,9,30,12,8,57,47,39,9,59,8,54,21,10
9,30,12,8,57,47,39,9,59,8,54,21,10,45
30,12,8,57,47,39,9,59,8,54,21,10,45,4
12,8,57,47,39,9,59,8,54,21,10,45,4,6
8,57,47,39,9,59,8,54,21,10,45,4,6,39
57,47,39,9,59,8,54,21,10,45,4,6,39,4
47,39,9,59,8,54,21,10,45,4,6,39,4,44
39,9,59,8,54,21,10,45,4,6,39,4,44,52
9,59,8,54,21,10,45,4,6,39,4,44,52,60
59,8,54,21,10,45,4,6,39,4,44,52,60,52
8,54,21,10,45,4,6,39,4,44,52,60,52,59
54,21,10,45,4,6,39,4,44,52,60,52,59,55
21,10,45,4,6,39,4,44,52,60,52,59,55,40
10,45,4,6,39,4,44,52,60,52,59,55,40,8
45,4,6,39,4,44,52,60,52,59,55,40,8,33
4,6,39,4,44,52,60,52,59,55,40,8,33,28
6,39,4,44,52,60,52,59,55,40,8,33,28,33
39,4,44,52,60,52,59,55,40,8,33,28,33,20
4,44,52,60,52,59,55,40,8,33,28,33,20,24
44,52,60,52,59,55,40,8,33,28,33,20,24,57
52,60,52,59,55,40,8,33,28,33,20,24,57,12
60,52,59,55,40,8,33,28,33,20,24,57,12,30
52,59,55,40,8,33,28,33,20,24,57,12,30,1
59,55,40,8,33,28,33,20,24,57,12,30,1,14
55,40,8,33,28,33,20,24,57,12,30,1,14,56
40,8,33,28,33,20,24,57,12,30,1,14,56,22
8,33,28,33,20,24,57,12,30,1,14,56,22,6
33,28,33,20,24,57,12,30,1,14,56,22,6,32
28,33,20,24,57,12,30,1,14,56,22,6,32,21
33,20,24,57,12,30,1,14,56,22,6,32,21,10
20,24,57,12,30,1,14,56,22,6,32,21,10,48
24,57,12,30,1,14,56,22,6,32,21,10,48,34
57,12,30,1,14,56,22,6,32,21,10,48,34,57
12,30,1,14,56,22,6,32,21,10,48,34,57,55
30,1,14,56,22,6,32,21,10,48,34,57,55,14
1,14,56,22,6,32,21,10,48,34,57,55,14,16
14,56,22,6,32,21,10,48,34,57,55,14,16,21
56,22,6,32,21,10,48,34,57,55,14,16,21,33
22,6,32,21,10,48,34,57,55,14,16,21,33,19
6,32,21,10,48,34,57,55,14,16,21,33,19,9
32,21,10,48,34,57,55,14,16,21,33,19,9,21
21,10,48,34,57,55,14,16,21,33,19,9,21,53
10,48,34,57,55,14,16,21,33,19,9,21,53,36
48,34,57,55,14,16,21,33,19,9,21,53,36,52
34,57,55,14,16,21,33,19,9,21,53,36,52,38
57,55,14,16,21,33,19,9,21,53,36,52,38,45
55,14,16,21,33,19,9,21,53,36,52,38,45,29
14,16,21,33,19,9,21,53,36,52,38,45,29,42
16,21,33,19,9,21,53,36,52,38,45,29,42,9
21,33,19,9,21,53,36,52,38,45,29,42,9,43
33,19,9,21,53,36,52,38,45,29,42,9,43,26
19,9,21,53,36,52,38,45,29,42,9,43,26,40
9,21,53,36,52,38,45,29,42,9,43,26,40,9
21,53,36,52,38,45,29,42,9,43,26,40,9,49
53,36,52,38,45,29,42,9,43,26,40,9,49,25
36,52,38,45,29,42,9,43,26,40,9,49,25,35
52,38,45,29,42,9,43,26,40,9,49,25,35,33
38,45,29,42,9,43,26,40,9,49,25,35,33,15
45,29,42,9,43,26,40,9,49,25,35,33,15,41
29,42,9,43,26,40,9,49,25,35,33,15,41,45
42,9,43,26,40,9,49,25,35,33,15,41,45,33
9,43,26,40,9,49,25,35,33,15,41,45,33,36
43,26,40,9,49,25,35,33,15,41,45,33,36,27
26,40,9,49,25,35,33,15,41,45,33,36,27,20
40,9,49,25,35,33,15,41,45,33,36,27,20,40
9,49,25,35,33,15,41,45,33,36,27,20,40,28
49,25,35,33,15,41,45,33,36,27,20,40,28,5
25,35,33,15,41,45,33,36,27,20,40,28,5,8
35,33,15,41,45,33,36,27,20,40,28,5,8,45
33,15,41,45,33,36,27,20,40,28,5,8,45,23
15,41,45,33,36,27,20,40,28,5,8,45,23,47
41,45,33,36,27,20,40,28,5,8,45,23,47,29
45,33,36,27,20,40,28,5,8,45,23,47,29,2
33,36,27,20,40,28,5,8,45,23,47,29,2,14
36,27,20,40,28,5,8,45,23,47,29,2,14,22
27,20,40,28,5,8,45,23,47,29,2,14,22,55
20,40,28,5,8,45,23,47,29,2,14,22,55,34
40,28,5,8,45,23,47,29,2,14,22,55,34,22
28,5,8,45,23,47,29,2,14,22,55,34,22,20
5,8,45,23,47,29,2,14,22,55,34,22,20,24
8,45,23,47,29,2,14,22,55,34,22,20,24,15
45,23,47,29,2,14,22,55,34,22,20,24,15,56
23,47,29,2,14,22,55,34,22,20,24,15,56,43
47,29,2,14,22,55,34,22,20,24,15,56,43,21
29,2,14,22,55,34,22,20,24,15,56,43,21,8
2,14,22,55,34,22,20,24,15,56,43,21,8,27
14,22,55,34,22,20,24,15,56,43,21,8,27,35
22,55,34,22,20,24,15,56,43,21,8,27,35,43
55,34,22,20,24,15,56,43,21,8,27,35,43,39
34,22,20,24,15,56,43,21,8,27,35,43,39,18
22,20,24,15,56,43,21,8,27,35,43,39,18,25
20,24,15,56,43,21,8,27,35,43,39,18,25,37
24,15,56,43,21,8,27,35,43,39,18,25,37,1
15,56,43,21,8,27,35,43,39,18,25,37,1,50
56,43,21,8,27,35,43,39,18,25,37,1,50,30
43,21,8,27,35,43,39,18,25,37,1,50,30,25
21,8,27,35,43,39,18,25,37,1,50,30,25,17
8,27,35,43,39,18,25,37,1,50,30,25,17,32
27,35,43,39,18,25,37,1,50,30,25,17,32,26
35,43,39,18,25,37,1,50,30,25,17,32,26,39
43,39,18,25,37,1,50,30,25,17,32,26,39,5
39,18,25,37,1,50,30,25,17,32,26,39,5,6
18,25,37,1,50,30,25,17,32,26,39,5,6,53
25,37,1,50,30,25,17,32,26,39,5,6,53,15
37,1,50,30,25,17,32,26,39,5,6,53,15,25
1,50,30,25,17,32,26,39,5,6,53,15,25,34
50,30,25,17,32,26,39,5,6,53,15,25,34,60
30,25,17,32,26,39,5,6,53,15,25,34,60,5
25,17,32,26,39,5,6,53,15,25,34,60,5,4
17,32,26,39,5,6,53,15,25,34,60,5,4,7
32,26,39,5,6,53,15,25,34,60,5,4,7,42
26,39,5,6,53,15,25,34,60,5,4,7,42,32
39,5,6,53,15,25,34,60,5,4,7,42,32,27
5,6,53,15,25,34,60,5,4,7,42,32,27,48
6,53,15,25,34,60,5,4,7,42,32,27,48,36
53,15,25,34,60,5,4,7,42,32,27,48,36,2
15,25,34,60,5,4,7,42,32,27,48,36,2,50
25,34,60,5,4,7,42,32,27,48,36,2,50,28
34,60,5,4,7,42,32,27,48,36,2,50,28,26
60,5,4,7,42,32,27,48,36,2,50,28,26,55
5,4,7,42,32,27,48,36,2,50,28,26,55,38
4,7,42,32,27,48,36,2,50,28,26,55,38,48
7,42,32,27,48,36,2,50,28,26,55,38,48,35
42,32,27,48,36,2,50,28,26,55,38,48,35,19
32,27,48,36,2,50,28,26,55,38,48,35,19,10
27,48,36,2,50,28,26,55,38,48,35,19,10,32
48,36,2,50,28,26,55,38,48,35,19,10,32,60
36,2,50,28,26,55,38,48,35,19,10,32,60,13
2,50,28,26,55,38,48,35,19,10,32,60,13,40
50,28,26,55,38,48,35,19,10,32,60,13,40,32
28,26,55,38,48,35,19,10,32,60,13,40,32,39
26,55,38,48,35,19,10,32,60,13,40,32,39,13
55,38,48,35,19,10,32,60,13,40,32,39,13,54
38,48,35,19,10,32,60,13,40,32,39,13,54,30
48,35,19,10,32,60,13,40,32,39,13,54,30,46
35,19,10,32,60,13,40,32,39,13,54,30,46,35
19,10,32,60,13,40,32,39,13,54,30,46,35,48
10,32,60,13,40,32,39,13,54,30,46,35,48,44
32,60,13,40,32,39,13,54,30,46,35,48,44,39
60,13,40,32,39,13,54,30,46,35,48,44,39,36
13,40,32,39,13,54,30,46,35,48,44,39,36,52
40,32,39,13,54,30,46,35,48,44,39,36,52,30
32,39,13,54,30,46,35,48,44,39,36,52,30,59
39,13,54,30,46,35,48,44,39,36,52,30,59,20
13,54,30,46,35,48,44,39,36,52,30,59,20,32
54,30,46,35,48,44,39,36,52,30,59,20,32,8
30,46,35,48,44,39,36,52,30,59,20,32,8,48
46,35,48,44,39,36,52,30,59,20,32,8,48,10
35,48,44,39,36,52,30,59,20,32,8,48,10,18
48,44,39,36,52,30,59,20,32,8,48,10,18,24
44,39,36,52,30,59,20,32,8,48,10,18,24,5
39,36,52,30,59,20,32,8,48,10,18,24,5,39
36,52,30,59,20,32,8,48,10,18,24,5,39,52
52,30,59,20,32,8,48,10,18,24,5,39,52,54
30,59,20,32,8,48,10,18,24,5,39,52,54,10
59,20,32,8,48,10,18,24,5,39,52,54,10,52
20,32,8,48,10,18,24,5,39,52,54,10,52,41
32,8,48,10,18,24,5,39,52,54,10,52,41,44
8,48,10,18,24,5,39,52,54,10,52,41,44,4
48,10,18,24,5,39,52,54,10,52,41,44,4,20
10,18,24,5,39,52,54,10,52,41,44,4,20,9
18,24,5,39,52,54,10,52,41,44,4,20,9,59
24,5,39,52,54,10,52,41,44,4,20,9,59,54
5,39,52,54,10,52,41,44,4,20,9,59,54,16
39,52,54,10,52,41,44,4,20,9,59,54,16,57
52,54,10,52,41,44,4,20,9,59,54,16,57,17
54,10,52,41,44,4,20,9,59,54,16,57,17,16
10,52,41,44,4,20,9,59,54,16,57,17,16,60
52,41,44,4,20,9,59,54,16,57,17,16,60,12
41,44,4,20,9,59,54,16,57,17,16,60,12,52
44,4,20,9,59,54,16,57,17,16,60,12,52,1
4,20,9,59,54,16,57,17,16,60,12,52,1,19
20,9,59,54,16,57,17,16,60,12,52,1,19,57
9,59,54,16,57,17,16,60,12,52,1,19,57,38
59,54,16,57,17,16,60,12,52,1,19,57,38,54
54,16,57,17,16,60,12,52,1,19,57,38,54,4
16,57,17,16,60,12,52,1,19,57,38,54,4,27
57,17,16,60,12,52,1,19,57,38,54,4,27,8
17,16,60,12,52,1,19,57,38,54,4,27,8,24
16,60,12,52,1,19,57,38,54,4,27,8,24,47
60,12,52,1,19,57,38,54,4,27,8,24,47,26
12,52,1,19,57,38,54,4,27,8,24,47,26,11
52,1,19,57,38,54,4,27,8,24,47,26,11,57
1,19,57,38,54,4,27,8,24,47,26,11,57,52
19,57,38,54,4,27,8,24,47,26,11,57,52,14
57,38,54,4,27,8,24,47,26,11,57,52,14,19
38,54,4,27,8,24,47,26,11,57,52,14,19,12
54,4,27,8,24,47,26,11,57,52,14,19,12,59
4,27,8,24,47,26,11,57,52,14,19,12,59,25
27,8,24,47,26,11,57,52,14,19,12,59,25,28
8,24,47,26,11,57,52,14,19,12,59,25,28,3
24,47,26,11,57,52,14,19,12,59,25,28,3,32
47,26,11,57,52,14,19,12,59,25,28,3,32,34
26,11,57,52,14,19,12,59,25,28,3,32,34,37
11,57,52,14,19,12,59,25,28,3,32,34,37,16
57,52,14,19,12,59,25,28,3,32,34,37,16,6
52,14,19,12,59,25,28,3,32,34,37,16,6,2
14,19,12,59,25,28,3,32,34,37,16,6,2,57
19,12,59,25,28,3,32,34,37,16,6,2,57,22
12,59,25,28,3,32,34,37,16,6,2,57,22,55
59,25,28,3,32,34,37,16,6,2,57,22,55,44
25,28,3,32,34,37,16,6,2,57,22,55,44,38
28,3,32,34,37,16,6,2,57,22,55,44,38,23
3,32,34,37,16,6,2,57,22,55,44,38,23,45
32,34,37,16,6,2,57,22,55,44,38,23,45,32
34,37,16,6,2,57,22,55,44,38,23,45,32,29
37,16,6,2,57,22,55,44,38,23,45,32,29,22
16,6,2,57,22,55,44,38,23,45,32,29,22,18
6,2,57,22,55,44,38,23,45,32,29,22,18,16
2,57,22,55,44,38,23,45,32,29,22,18,16,12
57,22,55,44,38,23,45,32,29,22,18,16,12,34
22,55,44,38,23,45,32,29,22,18,16,12,34,37
55,44,38,23,45,32,29,22,18,16,12,34,37,17
44,38,23,45,32,29,22,18,16,12,34,37,17,15
38,23,45,32,29,22,18,16,12,34,37,17,15,6
23,45,32,29,22,18,16,12,34,37,17,15,6,39
45,32,29,22,18,16,12,34,37,17,15,6,39,19
32,29,22,18,16,12,34,37,17,15,6,39,19,37
29,22,18,16,12,34,37,17,15,6,39,19,37,53
22,18,16,12,34,37,17,15,6,39,19,37,53,46
18,16,12,34,37,17,15,6,39,19,37,53,46,24
16,12,34,37,17,15,6,39,19,37,53,46,24,20
12,34,37,17,15,6,39,19,37,53,46,24,20,4
34,37,17,15,6,39,19,37,53,46,24,20,4,50
37,17,15,6,39,19,37,53,46,24,20,4,50,14
17,15,6,39,19,37,53,46,24,20,4,50,14,14
15,6,39,19,37,53,46,24,20,4,50,14,14,22
6,39,19,37,53,46,24,20,4,50,14,14,22,6
39,19,37,53,46,24,20,4,50,14,14,22,6,5
19,37,53,46,24,20,4,50,14,14,22,6,5,10
37,53,46,24,20,4,50,14,14,22,6,5,10,36
53,46,24,20,4,50,14,14,22,6,5,10,36,43
46,24,20,4,50,14,14,22,6,5,10,36,43,32
24,20,4,50,14,14,22,6,5,10,36,43,32,21
20,4,50,14,14,22,6,5,10,36,43,32,21,50
4,50,14,14,22,6,5,10,36,43,32,21,50,35
50,14,14,22,6,5,10,36,43,32,21,50,35,29
14,14,22,6,5,10,36,43,32,21,50,35,29,9
14,22,6,5,10,36,43,32,21,50,35,29,9,36
22,6,5,10,36,43,32,21,50,35,29,9,36,29
6,5,10,36,43,32,21,50,35,29,9,36,29,28
5,10,36,43,32,21,50,35,29,9,36,29,28,34
10,36,43,32,21,50,35,29,9,36,29,28,34,55
36,43,32,21,50,35,29,9,36,29,28,34,55,55
43,32,21,50,35,29,9,36,29,28,34,55,55,23
32,21,50,35,29,9,36,29,28,34,55,55,23,44
21,50,35,29,9,36,29,28,34,55,55,23,44,43
50,35,29,9,36,29,28,34,55,55,23,44,43,36
35,29,9,36,29,28,34,55,55,23,44,43,36,56
29,9,36,29,28,34,55,55,23,44,43,36,56,10
9,36,29,28,34,55,55,23,44,43,36,56,10,58
36,29,28,34,55,55,23,44,43,36,56,10,58,14
29,28,34,55,55,23,44,43,36,56,10,58,14,45
28,34,55,55,23,44,43,36,56,10,58,14,45,31
34,55,55,23,44,43,36,56,10,58,14,45,31,34
55,55,23,44,43,36,56,10,58,14,45,31,34,5
55,23,44,43,36,56,10,58,14,45,31,34,5,39
23,44,43,36,56,10,58,14,45,31,34,5,39,10
44,43,36,56,10,58,14,45,31,34,5,39,10,54
43,36,56,10,58,14,45,31,34,5,39,10,54,46
36,56,10,58,14,45,31,34,5,39,10,54,46,42
56,10,58,14,45,31,34,5,39,10,54,46,42,40
10,58,14,45,31,34,5,39,10,54,46,42,40,58
58,14,45,31,34,5,39,10,54,46,42,40,58,30
14,45,31,34,5,39,10,54,46,42,40,58,30,32
45,31,34,5,39,10,54,46,42,40,58,30,32,15
31,34,5,39,10,54,46,42,40,58,30,32,15,22
34,5,39,10,54,46,42,40,58,30,32,15,22,37
5,39,10,54,46,42,40,58,30,32,15,22,37,26
39,10,54,46,42,40,58,30,32,15,22,37,26,11
10,54,46,42,40,58,30,32,15,22,37,26,11,24
54,46,42,40,58,30,32,15,22,37,26,11,24,59
46,42,40,58,30,32,15,22,37,26,11,24,59,34
42,40,58,30,32,15,22,37,26,11,24,59,34,19
40,58,30,32,15,22,37,26,11,24,59,34,19,34
58,30,32,15,22,37,26,11,24,59,34,19,34,44
30,32,15,22,37,26,11,24,59,34,19,34,44,36
32,15,22,37,26,11,24,59,34,19,34,44,36,20
15,22,37,26,11,24,59,34,19,34,44,36,20,28
22,37,26,11,24,59,34,19,34,44,36,20,28,21
37,26,11,24,59,34,19,34,44,36,20,28,21,11
26,11,24,59,34,19,34,44,36,20,28,21,11,13
11,24,59,34,19,34,44,36,20,28,21,11,13,53
24,59,34,19,34,44,36,20,28,21,11,13,53,54
59,34,19,34,44,36,20,28,21,11,13,53,54,5
34,19,34,44,36,20,28,21,11,13,53,54,5,50
19,34,44,36,20,28,21,11,13,53,54,5,50,57
34,44,36,20,28,21,11,13,53,54,5,50,57,48
44,36,20,28,21,11,13,53,54,5,50,57,48,17
36,20,28,21,11,13,53,54,5,50,57,48,17,6
20,28,21,11,13,53,54,5,50,57,48,17,6,33
28,21,11,13,53,54,5,50,57,48,17,6,33,44
21,11,13,53,54,5,50,57,48,17,6,33,44,5
11,13,53,54,5,50,57,48,17,6,33,44,5,32
13,53,54,5,50,57,48,17,6,33,44,5,32,2
53,54,5,50,57,48,17,6,33,44,5,32,2,12
54,5,50,57,48,17,6,33,44,5,32,2,12,40
5,50,57,48,17,6,33,44,5,32,2,12,40,14
50,57,48,17,6,33,44,5,32,2,12,40,14,37
57,48,17,6,33,44,5,32,2,12,40,14,37,39
48,17,6,33,44,5,32,2,12,40,14,37,39,26
17,6,33,44,5,32,2,12,40,14,37,39,26,35
6,33,44,5,32,2,12,40,14,37,39,26,35,29
33,44,5,32,2,12,40,14,37,39,26,35,29,56
44,5,32,2,12,40,14,37,39,26,35,29,56,21
5,32,2,12,40,14,37,39,26,35,29,56,21,20
32,2,12,40,14,37,39,26,35,29,56,21,20,7
2,12,40,14,37,39,26,35,29,56,21,20,7,40
12,40,14,37,39,26,35,29,56,21,20,7,40,24
40,14,37,39,26,35,29,56,21,20,7,40,24,14
14,37,39,26,35,29,56,21,20,7,40,24,14,7
37,39,26,35,29,56,21,20,7,40,24,14,7,35
39,26,35,29,56,21,20,7,40,24,14,7,35,1
26,35,29,56,21,20,7,40,24,14,7,35,1,31
35,29,56,21,20,7,40,24,14,7,35,1,31,46
29,56,21,20,7,40,24,14,7,35,1,31,46,57
56,21,20,7,40,24,14,7,35,1,31,46,57,21
21,20,7,40,24,14,7,35,1,31,46,57,21,24
20,7,40,24,14,7,35,1,31,46,57,21,24,52
7,40,24,14,7,35,1,31,46,57,21,24,52,25
40,24,14,7,35,1,31,46,57,21,24,52,25,8
24,14,7,35,1,31,46,57,21,24,52,25,8,42
14,7,35,1,31,46,57,21,24,52,25,8,42,38
7,35,1,31,46,57,21,24,52,25,8,42,38,49
35,1,31,46,57,21,24,52,25,8,42,38,49,15
1,31,46,57,21,24,52,25,8,42,38,49,15,50
31,46,57,21,24,52,25,8,42,38,49,15,50,37
46,57,21,24,52,25,8,42,38,49,15,50,37,6
57,21,24,52,25,8,42,38,49,15,50,37,6,37
21,24,52,25,8,42,38,49,15,50,37,6,37,34
24,52,25,8,42,38,49,15,50,37,6,37,34,10
52,25,8,42,38,49,15,50,37,6,37,34,10,3
25,8,42,38,49,15,50,37,6,37,34,10,3,17
8,42,38,49,15,50,37,6,37,34,10,3,17,22
42,38,49,15,50,37,6,37,34,10,3,17,22,20
38,49,15,50,37,6,37,34,10,3,17,22,20,52
49,15,50,37,6,37,34,10,3,17,22,20,52,60
15,50,37,6,37,34,10,3,17,22,20,52,60,42
50,37,6,37,34,10,3,17,22,20,52,60,42,36
37,6,37,34,10,3,17,22,20,52,60,42,36,59
6,37,34,10,3,17,22,20,52,60,42,36,59,46
37,34,10,3,17,22,20,52,60,42,36,59,46,28
34,10,3,17,22,20,52,60,42,36,59,46,28,38
10,3,17,22,20,52,60,42,36,59,46,28,38,4
3,17,22,20,52,60,42,36,59,46,28,38,4,30
17,22,20,52,60,42,36,59,46,28,38,4,30,40
22,20,52,60,42,36,59,46,28,38,4,30,40,50
20,52,60,42,36,59,46,28,38,4,30,40,50,43
52,60,42,36,59,46,28,38,4,30,40,50,43,28
60,42,36,59,46,28,38,4,30,40,50,43,28,51
42,36,59,46,28,38,4,30,40,50,43,28,51,34
36,59,46,28,38,4,30,40,50,43,28,51,34,45
59,46,28,38,4,30,40,50,43,28,51,34,45,35
46,28,38,4,30,40,50,43,28,51,34,45,35,1
28,38,4,30,40,50,43,28,51,34,45,35,1,23
38,4,30,40,50,43,28,51,34,45,35,1,23,5
4,30,40,50,43,28,51,34,45,35,1,23,5,14
30,40,50,43,28,51,34,45,35,1,23,5,14,22
40,50,43,28,51,34,45,35,1,23,5,14,22,19
50,43,28,51,34,45,35,1,23,5,14,22,19,33
43,28,51,34,45,35,1,23,5,14,22,19,33,11
28,51,34,45,35,1,23,5,14,22,19,33,11,53
51,34,45,35,1,23,5,14,22,19,33,11,53,34
34,45,35,1,23,5,14,22,19,33,11,53,34,20
45,35,1,23,5,14,22,19,33,11,53,34,20,9
35,1,23,5,14,22,19,33,11,53,34,20,9,1
1,23,5,14,22,19,33,11,53,34,20,9,1,14
23,5,14,22,19,33,11,53,34,20,9,1,14,54
5,14,22,19,33,11,53,34,20,9,1,14,54,25
14,22,19,33,11,53,34,20,9,1,14,54,25,41
22,19,33,11,53,34,20,9,1,14,54,25,41,14
19,33,11,53,34,20,9,1,14,54,25,41,14,54
33,11,53,34,20,9,1,14,54,25,41,14,54,4
11,53,34,20,9,1,14,54,25,41,14,54,4,39
53,34,20,9,1,14,54,25,41,14,54,4,39,58
34,20,9,1,14,54,25,41,14,54,4,39,58,27
20,9,1,14,54,25,41,14,54,4,39,58,27,22
9,1,14,54,25,41,14,54,4,39,58,27,22,58
1,14,54,25,41,14,54,4,39,58,27,22,58,33
14,54,25,41,14,54,4,39,58,27,22,58,33,59
54,25,41,14,54,4,39,58,27,22,58,33,59,42
25,41,14,54,4,39,58,27,22,58,33,59,42,1
41,14,54,4,39,58,27,22,58,33,59,42,1,48
14,54,4,39,58,27,22,58,33,59,42,1,48,50
54,4,39,58,27,22,58,33,59,42,1,48,50,44
4,39,58,27,22,58,33,59,42,1,48,50,44,37
39,58,27,22,58,33,59,42,1,48,50,44,37,46
58,27,22,58,33,59,42,1,48,50,44,37,46,18
27,22,58,33,59,42,1,48,50,44,37,46,18,56
22,58,33,59,42,1,48,50,44,37,46,18,56,8
58,33,59,42,1,48,50,44,37,46,18,56,8,34
33,59,42,1,48,50,44,37,46,18,56,8,34,39
59,42,1,48,50,44,37,46,18,56,8,34,39,10
42,1,48,50,44,37,46,18,56,8,34,39,10,28
1,48,50,44,37,46,18,56,8,34,39,10,28,35
48,50,44,37,46,18,56,8,34,39,10,28,35,58
50,44,37,46,18,56,8,34,39,10,28,35,58,54
44,37,46,18,56,8,34,39,10,28,35,58,54,2
37,46,18,56,8,34,39,10,28,35,58,54,2,32
46,18,56,8,34,39,10,28,35,58,54,2,32,11
18,56,8,34,39,10,28,35,58,54,2,32,11,51
56,8,34,39,10,28,35,58,54,2,32,11,51,36
8,34,39,10,28,35,58,54,2,32,11,51,36,8
34,39,10,28,35,58,54,2,32,11,51,36,8,35
39,10,28,35,58,54,2,32,11,51,36,8,35,27
10,28,35,58,54,2,32,11,51,36,8,35,27,6
28,35,58,54,2,32,11,51,36,8,35,27,6,36
35,58,54,2,32,11,51,36,8,35,27,6,36,53
58,54,2,32,11,51,36,8,35,27,6,36,53,30
54,2,32,11,51,36,8,35,27,6,36,53,30,56
2,32,11,51,36,8,35,27,6,36,53,30,56,23
32,11,51,36,8,35,27,6,36,53,30,56,23,46
11,51,36,8,35,27,6,36,53,30,56,23,46,32
51,36,8,35,27,6,36,53,30,56,23,46,32,16
36,8,35,27,6,36,53,30,56,23,46,32,16,56
8,35,27,6,36,53,30,56,23,46,32,16,56,40
35,27,6,36,53,30,56,23,46,32,16,56,40,53
27,6,36,53,30,56,23,46,32,16,56,40,53,18
6,36,53,30,56,23,46,32,16,56,40,53,18,58
36,53,30,56,23,46,32,16,56,40,53,18,58,32
53,30,56,23,46,32,16,56,40,53,18,58,32,39
30,56,23,46,32,16,56,40,53,18,58,32,39,27
56,23,46,32,16,56,40,53,18,58,32,39,27,17
23,46,32,16,56,40,53,18,58,32,39,27,17,11
46,32,16,56,40,53,18,58,32,39,27,17,11,17
32,16,56,40,53,18,58,32,39,27,17,11,17,48
16,56,40,53,18,58,32,39,27,17,11,17,48,18
56,40,53,18,58,32,39,27,17,11,17,48,18,4
40,53,18,58,32,39,27,17,11,17,48,18,4,21
53,18,58,32,39,27,17,11,17,48,18,4,21,56
18,58,32,39,27,17,11,17,48,18,4,21,56,10
58,32,39,27,17,11,17,48,18,4,21,56,10,11
32,39,27,17,11,17,48,18,4,21,56,10,11,2
39,27,17,11,17,48,18,4,21,56,10,11,2,38
27,17,11,17,48,18,4,21,56,10,11,2,38,24
17,11,17,48,18,4,21,56,10,11,2,38,24,55
11,17,48,18,4,21,56,10,11,2,38,24,55,11
17,48,18,4,21,56,10,11,2,38,24,55,11,27
48,18,4,21,56,10,11,2,38,24,55,11,27,22
18,4,21,56,10,11,2,38,24,55,11,27,22,25
4,21,56,10,11,2,38,24,55,11,27,22,25,59
21,56,10,11,2,38,24,55,11,27,22,25,59,41
56,10,11,2,38,24,55,11,27,22,25,59,41,46
10,11,2,38,24,55,11,27,22,25,59,41,46,54
11,2,38,24,55,11,27,22,25,59,41,46,54,59
2,38,24,55,11,27,22,25,59,41,46,54,59,23
38,24,55,11,27,22,25,59,41,46,54,59,23,52
24,55,11,27,22,25,59,41,46,54,59,23,52,2
55,11,27,22,25,59,41,46,54,59,23,52,2,46
11,27,22,25,59,41,46,54,59,23,52,2,46,57
27,22,25,59,41,46,54,59,23,52,2,46,57,60
22,25,59,41,46,54,59,23,52,2,46,57,60,48
25,59,41,46,54,59,23,52,2,46,57,60,48,36
59,41,46,54,59,23,52,2,46,57,60,48,36,32
41,46,54,59,23,52,2,46,57,60,48,36,32,37
46,54,59,23,52,2,46,57,60,48,36,32,37,40
54,59,23,52,2,46,57,60,48,36,32,37,40,60
59,23,52,2,46,57,60,48,36,32,37,40,60,7
23,52,2,46,57,60,48,36,32,37,40,60,7,14
52,2,46,57,60,48,36,32,37,40,60,7,14,28
2,46,57,60,48,36,32,37,40,60,7,14,28,60
46,57,60,48,36,32,37,40,60,7,14,28,60,52
57,60,48,36,32,37,40,60,7,14,28,60,52,45
60,48,36,32,37,40,60,7,14,28,60,52,45,4
48,36,32,37,40,60,7,14,28,60,52,45,4,48
36,32,37,40,60,7,14,28,60,52,45,4,48,23
32,37,40,60,7,14,28,60,52,45,4,48,23,56
37,40,60,7,14,28,60,52,45,4,48,23,56,8
40,60,7,14,28,60,52,45,4,48,23,56,8,7
60,7,14,28,60,52,45,4,48,23,56,8,7,1
7,14,28,60,52,45,4,48,23,56,8,7,1,6
14,28,60,52,45,4,48,23,56,8,7,1,6,29
28,60,52,45,4,48,23,56,8,7,1,6,29,16
60,52,45,4,48,23,56,8,7,1,6,29,16,20
52,45,4,48,23,56,8,7,1,6,29,16,20,35
45,4,48,23,56,8,7,1,6,29,16,20,35,47
4,48,23,56,8,7,1,6,29,16,20,35,47,23
48,23,56,8,7,1,6,29,16,20,35,47,23,52
23,56,8,7,1,6,29,16,20,35,47,23,52,56
56,8,7,1,6,29,16,20,35,47,23,52,56,4
8,7,1,6,29,16,20,35,47,23,52,56,4,24
7,1,6,29,16,20,35,47,23,52,56,4,24,46
1,6,29,16,20,35,47,23,52,56,4,24,46,55
6,29,16,20,35,47,23,52,56,4,24,46,55,51
29,16,20,35,47,23,52,56,4,24,46,55,51,33
16,20,35,47,23,52,56,4,24,46,55,51,33,23
20,35,47,23,52,56,4,24,46,55,51,33,23,52
35,47,23,52,56,4,24,46,55,51,33,23,52,31
47,23,52,56,4,24,46,55,51,33,23,52,31,10
23,52,56,4,24,46,55,51,33,23,52,31,10,11
52,56,4,24,46,55,51,33,23,52,31,10,11,15
56,4,24,46,55,51,33,23,52,31,10,11,15,39
4,24,46,55,51,33,23,52,31,10,11,15,39,37
24,46,55,51,33,23,52,31,10,11,15,39,37,29
46,55,51,33,23,52,31,10,11,15,39,37,29,44
55,51,33,23,52,31,10,11,15,39,37,29,44,7
51,33,23,52,31,10,11,15,39,37,29,44,7,42
33,23,52,31,10,11,15,39,37,29,44,7,42,58
23,52,31,10,11,15,39,37,29,44,7,42,58,36
52,31,10,11,15,39,37,29,44,7,42,58,36,24
31,10,11,15,39,37,29,44,7,42,58,36,24,11
10,11,15,39,37,29,44,7,42,58,36,24,11,15
11,15,39,37,29,44,7,42,58,36,24,11,15,37
15,39,37,29,44,7,42,58,36,24,11,15,37,18
39,37,29,44,7,42,58,36,24,11,15,37,18,33
37,29,44,7,42,58,36,24,11,15,37,18,33,40
29,44,7,42,58,36,24,11,15,37,18,33,40,6
44,7,42,58,36,24,11,15,37,18,33,40,6,38
7,42,58,36,24,11,15,37,18,33,40,6,38,4
42,58,36,24,11,15,37,18,33,40,6,38,4,58
58,36,24,11,15,37,18,33,40,6,38,4,58,40
36,24,11,15,37,18,33,40,6,38,4,58,40,27
24,11,15,37,18,33,40,6,38,4,58,40,27,59
11,15,37,18,33,40,6,38,4,58,40,27,59,23
15,37,18,33,40,6,38,4,58,40,27,59,23,39
37,18,33,40,6,38,4,58,40,27,59,23,39,18
18,33,40,6,38,4,58,40,27,59,23,39,18,55
33,40,6,38,4,58,40,27,59,23,39,18,55,50
40,6,38,4,58,40,27,59,23,39,18,55,50,37
6,38,4,58,40,27,59,23,39,18,55,50,37,19
38,4,58,40,27,59,23,39,18,55,50,37,19,39
4,58,40,27,59,23,39,18,55,50,37,19,39,20
58,40,27,59,23,39,18,55,50,37,19,39,20,53
40,27,59,23,39,18,55,50,37,19,39,20,53,14
27,59,23,39,18,55,50,37,19,39,20,53,14,6
59,23,39,18,55,50,37,19,39,20,53,14,6,40
23,39,18,55,50,37,19,39,20,53,14,6,40,10
39,18,55,50,37,19,39,20,53,14,6,40,10,18
18,55,50,37,19,39,20,53,14,6,40,10,18,33
55,50,37,19,39,20,53,14,6,40,10,18,33,38
50,37,19,39,20,53,14,6,40,10,18,33,38,43
37,19,39,20,53,14,6,40,10,18,33,38,43,7
19,39,20,53,14,6,40,10,18,33,38,43,7,56
39,20,53,14,6,40,10,18,33,38,43,7,56,22
20,53,14,6,40,10,18,33,38,43,7,56,22,13
53,14,6,40,10,18,33,38,43,7,56,22,13,6
14,6,40,10,18,33,38,43,7,56,22,13,6,17
6,40,10,18,33,38,43,7,56,22,13,6,17,52
40,10,18,33,38,43,7,56,22,13,6,17,52,35
10,18,33,38,43,7,56,22,13,6,17,52,35,49
18,33,38,43,7,56,22,13,6,17,52,35,49,30
33,38,43,7,56,22,13,6,17,52,35,49,30,38
38,43,7,56,22,13,6,17,52,35,49,30,38,36
43,7,56,22,13,6,17,52,35,49,30,38,36,23
7,56,22,13,6,17,52,35,49,30,38,36,23,58
56,22,13,6,17,52,35,49,30,38,36,23,58,8
22,13,6,17,52,35,49,30,38,36,23,58,8,19
13,6,17,52,35,49,30,38,36,23,58,8,19,27
6,17,52,35,49,30,38,36,23,58,8,19,27,7
17,52,35,49,30,38,36,23,58,8,19,27,7,60
52,35,49,30,38,36,23,58,8,19,27,7,60,30
35,49,30,38,36,23,58,8,19,27,7,60,30,14
49,30,38,36,23,58,8,19,27,7,60,30,14,45
30,38,36,23,58,8,19,27,7,60,30,14,45,23
38,36,23,58,8,19,27,7,60,30,14,45,23,16
36,23,58,8,19,27,7,60,30,14,45,23,16,26
23,58,8,19,27,7,60,30,14,45,23,16,26,35
58,8,19,27,7,60,30,14,45,23,16,26,35,40
8,19,27,7,60,30,14,45,23,16,26,35,40,25
19,27,7,60,30,14,45,23,16,26,35,40,25,6
27,7,60,30,14,45,23,16,26,35,40,25,6,38
7,60,30,14,45,23,16,26,35,40,25,6,38,28
60,30,14,45,23,16,26,35,40,25,6,38,28,22
30,14,45,23,16,26,35,40,25,6,38,28,22,6
14,45,23,16,26,35,40,25,6,38,28,22,6,31
45,23,16,26,35,40,25,6,38,28,22,6,31,44
23,16,26,35,40,25,6,38,28,22,6,31,44,12
16,26,35,40,25,6,38,28,22,6,31,44,12,56
26,35,40,25,6,38,28,22,6,31,44,12,56,58
35,40,25,6,38,28,22,6,31,44,12,56,58,54
40,25,6,38,28,22,6,31,44,12,56,58,54,6
25,6,38,28,22,6,31,44,12,56,58,54,6,41
6,38,28,22,6,31,44,12,56,58,54,6,41,9
38,28,22,6,31,44,12,56,58,54,6,41,9,10
28,22,6,31,44,12,56,58,54,6,41,9,10,12
22,6,31,44,12,56,58,54,6,41,9,10,12,54
6,31,44,12,56,58,54,6,41,9,10,12,54,42
31,44,12,56,58,54,6,41,9,10,12,54,42,22
44,12,56,58,54,6,41,9,10,12,54,42,22,25
12,56,58,54,6,41,9,10,12,54,42,22,25,33
56,58,54,6,41,9,10,12,54,42,22,25,33,32
58,54,6,41,9,10,12,54,42,22,25,33,32,22
54,6,41,9,10,12,54,42,22,25,33,32,22,29
6,41,9,10,12,54,42,22,25,33,32,22,29,35
41,9,10,12,54,42,22,25,33,32,22,29,35,14
9,10,12,54,42,22,25,33,32,22,29,35,14,53
10,12,54,42,22,25,33,32,22,29,35,14,53,58
12,54,42,22,25,33,32,22,29,35,14,53,58,21
54,42,22,25,33,32,22,29,35,14,53,58,21,38
42,22,25,33,32,22,29,35,14,53,58,21,38,57
22,25,33,32,22,29,35,14,53,58,21,38,57,56
25,33,32,22,29,35,14,53,58,21,38,57,56,14
33,32,22,29,35,14,53,58,21,38,57,56,14,7
32,22,29,35,14,53,58,21,38,57,56,14,7,60
22,29,35,14,53,58,21,38,57,56,14,7,60,54
29,35,14,53,58,21,38,57,56,14,7,60,54,47
35,14,53,58,21,38,57,56,14,7,60,54,47,56
14,53,58,21,38,57,56,14,7,60,54,47,56,27
53,58,21,38,57,56,14,7,60,54,47,56,27,46
58,21,38,57,56,14,7,60,54,47,56,27,46,15
21,38,57,56,14,7,60,54,47,56,27,46,15,25
38,57,56,14,7,60,54,47,56,27,46,15,25,50
57,56,14,7,60,54,47,56,27,46,15,25,50,45
56,14,7,60,54,47,56,27,46,15,25,50,45,27
14,7,60,54,47,56,27,46,15,25,50,45,27,11
7,60,54,47,56,27,46,15,25,50,45,27,11,6
60,54,47,56,27,46,15,25,50,45,27,11,6,28
54,47,56,27,46,15,25,50,45,27,11,6,28,46
47,56,27,46,15,25,50,45,27,11,6,28,46,3
56,27,46,15,25,50,45,27,11,6,28,46,3,18
27,46,15,25,50,45,27,11,6,28,46,3,18,19
46,15,25,50,45,27,11,6,28,46,3,18,19,44
15,25,50,45,27,11,6,28,46,3,18,19,44,54
25,50,45,27,11,6,28,46,3,18,19,44,54,1
50,45,27,11,6,28,46,3,18,19,44,54,1,29
45,27,11,6,28,46,3,18,19,44,54,1,29,10
27,11,6,28,46,3,18,19,44,54,1,29,10,39
11,6,28,46,3,18,19,44,54,1,29,10,39,38
6,28,46,3,18,19,44,54,1,29,10,39,38,35
28,46,3,18,19,44,54,1,29,10,39,38,35,26
46,3,18,19,44,54,1,29,10,39,38,35,26,19
3,18,19,44,54,1,29,10,39,38,35,26,19,19
18,19,44,54,1,29,10,39,38,35,26,19,19,10
19,44,54,1,29,10,39,38,35,26,19,19,10,27
44,54,1,29,10,39,38,35,26,19,19,10,27,31
54,1,29,10,39,38,35,26,19,19,10,27,31,51
1,29,10,39,38,35,26,19,19,10,27,31,51,53
29,10,39,38,35,26,19,19,10,27,31,51,53,33
10,39,38,35,26,19,19,10,27,31,51,53,33,50
39,38,35,26,19,19,10,27,31,51,53,33,50,38
38,35,26,19,19,10,27,31,51,53,33,50,38,32
35,26,19,19,10,27,31,51,53,33,50,38,32,8
26,19,19,10,27,31,51,53,33,50,38,32,8,31
19,19,10,27,31,51,53,33,50,38,32,8,31,37
19,10,27,31,51,53,33,50,38,32,8,31,37,5
10,27,31,51,53,33,50,38,32,8,31,37,5,44
27,31,51,53,33,50,38,32,8,31,37,5,44,1
31,51,53,33,50,38,32,8,31,37,5,44,1,53
51,53,33,50,38,32,8,31,37,5,44,1,53,6
53,33,50,38,32,8,31,37,5,44,1,53,6,57
33,50,38,32,8,31,37,5,44,1,53,6,57,50
50,38,32,8,31,37,5,44,1,53,6,57,50,56
38,32,8,31,37,5,44,1,53,6,57,50,56,51
32,8,31,37,5,44,1,53,6,57,50,56,51,58
8,31,37,5,44,1,53,6,57,50,56,51,58,59
31,37,5,44,1,53,6,57,50,56,51,58,59,12
37,5,44,1,53,6,57,50,56,51,58,59,12,27
5,44,1,53,6,57,50,56,51,58,59,12,27,40
44,1,53,6,57,50,56,51,58,59,12,27,40,37
1,53,6,57,50,56,51,58,59,12,27,40,37,22
53,6,57,50,56,51,58,59,12,27,40,37,22,55
6,57,50,56,51,58,59,12,27,40,37,22,55,39
57,50,56,51,58,59,12,27,40,37,22,55,39,4
50,56,51,58,59,12,27,40,37,22,55,39,4,7
56,51,58,59,12,27,40,37,22,55,39,4,7,12
51,58,59,12,27,40,37,22,55,39,4,7,12,26
58,59,12,27,40,37,22,55,39,4,7,12,26,22
59,12,27,40,37,22,55,39,4,7,12,26,22,53
12,27,40,37,22,55,39,4,7,12,26,22,53,43
27,40,37,22,55,39,4,7,12,26,22,53,43,46
40,37,22,55,39,4,7,12,26,22,53,43,46,25
37,22,55,39,4,7,12,26,22,53,43,46,25,35
22,55,39,4,7,12,26,22,53,43,46,25,35,6
55,39,4,7,12,26,22,53,43,46,25,35,6,29
39,4,7,12,26,22,53,43,46,25,35,6,29,47
4,7,12,26,22,53,43,46,25,35,6,29,47,22
7,12,26,22,53,43,46,25,35,6,29,47,22,36
12,26,22,53,43,46,25,35,6,29,47,22,36,34
26,22,53,43,46,25,35,6,29,47,22,36,34,18
22,53,43,46,25,35,6,29,47,22,36,34,18,37
53,43,46,25,35,6,29,47,22,36,34,18,37,38
43,46,25,35,6,29,47,22,36,34,18,37,38,20
46,25,35,6,29,47,22,36,34,18,37,38,20,13
25,35,6,29,47,22,36,34,18,37,38,20,13,10
35,6,29,47,22,36,34,18,37,38,20,13,10,54
6,29,47,22,36,34,18,37,38,20,13,10,54,19
29,47,22,36,34,18,37,38,20,13,10,54,19,4
47,22,36,34,18,37,38,20,13,10,54,19,4,23
22,36,34,18,37,38,20,13,10,54,19,4,23,29
36,34,18,37,38,20,13,10,54,19,4,23,29,59
34,18,37,38,20,13,10,54,19,4,23,29,59,56
18,37,38,20,13,10,54,19,4,23,29,59,56,5
37,38,20,13,10,54,19,4,23,29,59,56,5,4
38,20,13,10,54,19,4,23,29,59,56,5,4,36
20,13,10,54,19,4,23,29,59,56,5,4,36,56
13,10,54,19,4,23,29,59,56,5,4,36,56,40
10,54,19,4,23,29,59,56,5,4,36,56,40,44
54,19,4,23,29,59,56,5,4,36,56,40,44,11
19,4,23,29,59,56,5,4,36,56,40,44,11,39
4,23,29,59,56,5,4,36,56,40,44,11,39,41
23,29,59,56,5,4,36,56,40,44,11,39,41,9
29,59,56,5,4,36,56,40,44,11,39,41,9,25
59,56,5,4,36,56,40,44,11,39,41,9,25,8
56,5,4,36,56,40,44,11,39,41,9,25,8,33
5,4,36,56,40,44,11,39,41,9,25,8,33,45
4,36,56,40,44,11,39,41,9,25,8,33,45,44
36,56,40,44,11,39,41,9,25,8,33,45,44,40
56,40,44,11,39,41,9,25,8,33,45,44,40,36
40,44,11,39,41,9,25,8,33,45,44,40,36,54
44,11,39,41,9,25,8,33,45,44,40,36,54,8
11,39,41,9,25,8,33,45,44,40,36,54,8,15
39,41,9,25,8,33,45,44,40,36,54,8,15,34
41,9,25,8,33,45,44,40,36,54,8,15,34,25
9,25,8,33,45,44,40,36,54,8,15,34,25,10
25,8,33,45,44,40,36,54,8,15,34,25,10,23
8,33,45,44,40,36,54,8,15,34,25,10,23,10
33,45,44,40,36,54,8,15,34,25,10,23,10,19
45,44,40,36,54,8,15,34,25,10,23,10,19,29
44,40,36,54,8,15,34,25,10,23,10,19,29,24
40,36,54,8,15,34,25,10,23,10,19,29,24,6
36,54,8,15,34,25,10,23,10,19,29,24,6,25
54,8,15,34,25,10,23,10,19,29,24,6,25,55
8,15,34,25,10,23,10,19,29,24,6,25,55,53
15,34,25,10,23,10,19,29,24,6,25,55,53,14
34,25,10,23,10,19,29,24,6,25,55,53,14,10
25,10,23,10,19,29,24,6,25,55,53,14,10,36
10,23,10,19,29,24,6,25,55,53,14,10,36,60
23,10,19,29,24,6,25,55,53,14,10,36,60,4
10,19,29,24,6,25,55,53,14,10,36,60,4,11
19,29,24,6,25,55,53,14,10,36,60,4,11,43
29,24,6,25,55,53,14,10,36,60,4,11,43,20
24,6,25,55,53,14,10,36,60,4,11,43,20,30
6,25,55,53,14,10,36,60,4,11,43,20,30,37
25,55,53,14,10,36,60,4,11,43,20,30,37,27
55,53,14,10,36,60,4,11,43,20,30,37,27,55
53,14,10,36,60,4,11,43,20,30,37,27,55,35
14,10,36,60,4,11,43,20,30,37,27,55,35,6
10,36,60,4,11,43,20,30,37,27,55,35,6,25
36,60,4,11,43,20,30,37,27,55,35,6,25,45
60,4,11,43,20,30,37,27,55,35,6,25,45,59
4,11,43,20,30,37,27,55,35,6,25,45,59,2
11,43,20,30,37,27,55,35,6,25,45,59,2,11
43,20,30,37,27,55,35,6,25,45,59,2,11,32
20,30,37,27,55,35,6,25,45,59,2,11,32,26
30,37,27,55,35,6,25,45,59,2,11,32,26,13
37,27,55,35,6,25,45,59,2,11,32,26,13,5
27,55,35,6,25,45,59,2,11,32,26,13,5,47
55,35,6,25,45,59,2,11,32,26,13,5,47,40
35,6,25,45,59,2,11,32,26,13,5,47,40,9
6,25,45,59,2,11,32,26,13,5,47,40,9,42
25,45,59,2,11,32,26,13,5,47,40,9,42,3
45,59,2,11,32,26,13,5,47,40,9,42,3,40
59,2,11,32,26,13,5,47,40,9,42,3,40,3
2,11,32,26,13,5,47,40,9,42,3,40,3,48
11,32,26,13,5,47,40,9,42,3,40,3,48,17
32,26,13,5,47,40,9,42,3,40,3,48,17,34
26,13,5,47,40,9,42,3,40,3,48,17,34,35
13,5,47,40,9,42,3,40,3,48,17,34,35,5
5,47,40,9,42,3,40,3,48,17,34,35,5,26
47,40,9,42,3,40,3,48,17,34,35,5,26,42
40,9,42,3,40,3,48,17,34,35,5,26,42,27
9,42,3,40,3,48,17,34,35,5,26,42,27,48
42,3,40,3,48,17,34,35,5,26,42,27,48,34
3,40,3,48,17,34,35,5,26,42,27,48,34,35
40,3,48,17,34,35,5,26,42,27,48,34,35,46
3,48,17,34,35,5,26,42,27,48,34,35,46,34
48,17,34,35,5,26,42,27,48,34,35,46,34,60
17,34,35,5,26,42,27,48,34,35,46,34,60,24
34,35,5,26,42,27,48,34,35,46,34,60,24,33
35,5,26,42,27,48,34,35,46,34,60,24,33,22
5,26,42,27,48,34,35,46,34,60,24,33,22,13
26,42,27,48,34,35,46,34,60,24,33,22,13,10
42,27,48,34,35,46,34,60,24,33,22,13,10,20
27,48,34,35,46,34,60,24,33,22,13,10,20,12
48,34,35,46,34,60,24,33,22,13,10,20,12,54
34,35,46,34,60,24,33,22,13,10,20,12,54,55
35,46,34,60,24,33,22,13,10,20,12,54,55,12
46,34,60,24,33,22,13,10,20,12,54,55,12,15
34,60,24,33,22,13,10,20,12,54,55,12,15,30
60,24,33,22,13,10,20,12,54,55,12,15,30,52
24,33,22,13,10,20,12,54,55,12,15,30,52,18
33,22,13,10,20,12,54,55,12,15,30,52,18,42
22,13,10,20,12,54,55,12,15,30,52,18,42,8
13,10,20,12,54,55,12,15,30,52,18,42,8,18
10,20,12,54,55,12,15,30,52,18,42,8,18,37
20,12,54,55,12,15,30,52,18,42,8,18,37,58
12,54,55,12,15,30,52,18,42,8,18,37,58,23
54,55,12,15,30,52,18,42,8,18,37,58,23,7
55,12,15,30,52,18,42,8,18,37,58,23,7,9
12,15,30,52,18,42,8,18,37,58,23,7,9,23
15,30,52,18,42,8,18,37,58,23,7,9,23,33
30,52,18,42,8,18,37,58,23,7,9,23,33,57
52,18,42,8,18,37,58,23,7,9,23,33,57,59
18,42,8,18,37,58,23,7,9,23,33,57,59,6
42,8,18,37,58,23,7,9,23,33,57,59,6,15
8,18,37,58,23,7,9,23,33,57,59,6,15,43
18,37,58,23,7,9,23,33,57,59,6,15,43,5
37,58,23,7,9,23,33,57,59,6,15,43,5,12
58,23,7,9,23,33,57,59,6,15,43,5,12,22
23,7,9,23,33,57,59,6,15,43,5,12,22,37
7,9,23,33,57,59,6,15,43,5,12,22,37,13
9,23,33,57,59,6,15,43,5,12,22,37,13,16
23,33,57,59,6,15,43,5,12,22,37,13,16,26
33,57,59,6,15,43,5,12,22,37,13,16,26,39
57,59,6,15,43,5,12,22,37,13,16,26,39,35
59,6,15,43,5,12,22,37,13,16,26,39,35,30
6,15,43,5,12,22,37,13,16,26,39,35,30,36
15,43,5,12,22,37,13,16,26,39,35,30,36,2
43,5,12,22,37,13,16,26,39,35,30,36,2,11
5,12,22,37,13,16,26,39,35,30,36,2,11,39
12,22,37,13,16,26,39,35,30,36,2,11,39,15
22,37,13,16,26,39,35,30,36,2,11,39,15,55
37,13,16,26,39,35,30,36,2,11,39,15,55,37
13,16,26,39,35,30,36,2,11,39,15,55,37,58
16,26,39,35,30,36,2,11,39,15,55,37,58,14
26,39,35,30,36,2,11,39,15,55,37,58,14,2
39,35,30,36,2,11,39,15,55,37,58,14,2,1
35,30,36,2,11,39,15,55,37,58,14,2,1,58
30,36,2,11,39,15,55,37,58,14,2,1,58,55
36,2,11,39,15,55,37,58,14,2,1,58,55,46
2,11,39,15,55,37,58,14,2,1,58,55,46,22
11,39,15,55,37,58,14,2,1,58,55,46,22,40
39,15,55,37,58,14,2,1,58,55,46,22,40,10
15,55,37,58,14,2,1,58,55,46,22,40,10,40
55,37,58,14,2,1,58,55,46,22,40,10,40,42
37,58,14,2,1,58,55,46,22,40,10,40,42,13
58,14,2,1,58,55,46,22,40,10,40,42,13,18
14,2,1,58,55,46,22,40,10,40,42,13,18,35
2,1,58,55,46,22,40,10,40,42,13,18,35,41
1,58,55,46,22,40,10,40,42,13,18,35,41,25
58,55,46,22,40,10,40,42,13,18,35,41,25,33
55,46,22,40,10,40,42,13,18,35,41,25,33,42
46,22,40,10,40,42,13,18,35,41,25,33,42,49
22,40,10,40,42,13,18,35,41,25,33,42,49,6
40,10,40,42,13,18,35,41,25,33,42,49,6,48
10,40,42,13,18,35,41,25,33,42,49,6,48,56
40,42,13,18,35,41,25,33,42,49,6,48,56,33
42,13,18,35,41,25,33,42,49,6,48,56,33,1
13,18,35,41,25,33,42,49,6,48,56,33,1,19
18,35,41,25,33,42,49,6,48,56,33,1,19,18
35,41,25,33,42,49,6,48,56,33,1,19,18,60
41,25,33,42,49,6,48,56,33,1,19,18,60,20
25,33,42,49,6,48,56,33,1,19,18,60,20,37
33,42,49,6,48,56,33,1,19,18,60,20,37,26
42,49,6,48,56,33,1,19,18,60,20,37,26,7
49,6,48,56,33,1,19,18,60,20,37,26,7,39
6,48,56,33,1,19,18,60,20,37,26,7,39,38
48,56,33,1,19,18,60,20,37,26,7,39,38,25
56,33,1,19,18,60,20,37,26,7,39,38,25,49
33,1,19,18,60,20,37,26,7,39,38,25,49,12
1,19,18,60,20,37,26,7,39,38,25,49,12,21
19,18,60,20,37,26,7,39,38,25,49,12,21,38
18,60,20,37,26,7,39,38,25,49,12,21,38,37
60,20,37,26,7,39,38,25,49,12,21,38,37,4
20,37,26,7,39,38,25,49,12,21,38,37,4,53
37,26,7,39,38,25,49,12,21,38,37,4,53,35
26,7,39,38,25,49,12,21,38,37,4,53,35,43
7,39,38,25,49,12,21,38,37,4,53,35,43,47
39,38,25,49,12,21,38,37,4,53,35,43,47,46
38,25,49,12,21,38,37,4,53,35,43,47,46,19
25,49,12,21,38,37,4,53,35,43,47,46,19,18
49,12,21,38,37,4,53,35,43,47,46,19,18,53
12,21,38,37,4,53,35,43,47,46,19,18,53,34
21,38,37,4,53,35,43,47,46,19,18,53,34,2
38,37,4,53,35,43,47,46,19,18,53,34,2,23
37,4,53,35,43,47,46,19,18,53,34,2,23,24
4,53,35,43,47,46,19,18,53,34,2,23,24,3
53,35,43,47,46,19,18,53,34,2,23,24,3,27
35,43,47,46,19,18,53,34,2,23,24,3,27,38
43,47,46,19,18,53,34,2,23,24,3,27,38,14
47,46,19,18,53,34,2,23,24,3,27,38,14,56
46,19,18,53,34,2,23,24,3,27,38,14,56,38
19,18,53,34,2,23,24,3,27,38,14,56,38,48
18,53,34,2,23,24,3,27,38,14,56,38,48,5
53,34,2,23,24,3,27,38,14,56,38,48,5,49
34,2,23,24,3,27,38,14,56,38,48,5,49,10
2,23,24,3,27,38,14,56,38,48,5,49,10,32
23,24,3,27,38,14,56,38,48,5,49,10,32,11
24,3,27,38,14,56,38,48,5,49,10,32,11,8
3,27,38,14,56,38,48,5,49,10,32,11,8,18
27,38,14,56,38,48,5,49,10,32,11,8,18,40
38,14,56,38,48,5,49,10,32,11,8,18,40,37
14,56,38,48,5,49,10,32,11,8,18,40,37,51
56,38,48,5,49,10,32,11,8,18,40,37,51,12
38,48,5,49,10,32,11,8,18,40,37,51,12,11
48,5,49,10,32,11,8,18,40,37,51,12,11,10
5,49,10,32,11,8,18,40,37,51,12,11,10,59
49,10,32,11,8,18,40,37,51,12,11,10,59,38
10,32,11,8,18,40,37,51,12,11,10,59,38,37
32,11,8,18,40,37,51,12,11,10,59,38,37,13
11,8,18,40,37,51,12,11,10,59,38,37,13,17
8,18,40,37,51,12,11,10,59,38,37,13,17,27
18,40,37,51,12,11,10,59,38,37,13,17,27,11
40,37,51,12,11,10,59,38,37,13,17,27,11,15
37,51,12,11,10,59,38,37,13,17,27,11,15,22
51,12,11,10,59,38,37,13,17,27,11,15,22,54
12,11,10,59,38,37,13,17,27,11,15,22,54,34
11,10,59,38,37,13,17,27,11,15,22,54,34,52
10,59,38,37,13,17,27,11,15,22,54,34,52,8
59,38,37,13,17,27,11,15,22,54,34,52,8,14
38,37,13,17,27,11,15,22,54,34,52,8,14,27
37,13,17,27,11,15,22,54,34,52,8,14,27,4
13,17,27,11,15,22,54,34,52,8,14,27,4,33
17,27,11,15,22,54,34,52,8,14,27,4,33,16
27,11,15,22,54,34,52,8,14,27,4,33,16,44
11,15,22,54,34,52,8,14,27,4,33,16,44,19
15,22,54,34,52,8,14,27,4,33,16,44,19,31
22,54,34,52,8,14,27,4,33,16,44,19,31,49
54,34,52,8,14,27,4,33,16,44,19,31,49,29
34,52,8,14,27,4,33,16,44,19,31,49,29,56
52,8,14,27,4,33,16,44,19,31,49,29,56,43
8,14,27,4,33,16,44,19,31,49,29,56,43,35
14,27,4,33,16,44,19,31,49,29,56,43,35,16
27,4,33,16,44,19,31,49,29,56,43,35,16,11
4,33,16,44,19,31,49,29,56,43,35,16,11,51
33,16,44,19,31,49,29,56,43,35,16,11,51,6
16,44,19,31,49,29,56,43,35,16,11,51,6,24
44,19,31,49,29,56,43,35,16,11,51,6,24,13
19,31,49,29,56,43,35,16,11,51,6,24,13,19
31,49,29,56,43,35,16,11,51,6,24,13,19,51
49,29,56,43,35,16,11,51,6,24,13,19,51,28
29,56,43,35,16,11,51,6,24,13,19,51,28,24
56,43,35,16,11,51,6,24,13,19,51,28,24,49
43,35,16,11,51,6,24,13,19,51,28,24,49,9
35,16,11,51,6,24,13,19,51,28,24,49,9,45
16,11,51,6,24,13,19,51,28,24,49,9,45,2
11,51,6,24,13,19,51,28,24,49,9,45,2,38
51,6,24,13,19,51,28,24,49,9,45,2,38,27
6,24,13,19,51,28,24,49,9,45,2,38,27,60
24,13,19,51,28,24,49,9,45,2,38,27,60,18
13,19,51,28,24,49,9,45,2,38,27,60,18,8
19,51,28,24,49,9,45,2,38,27,60,18,8,30
51,28,24,49,9,45,2,38,27,60,18,8,30,15
28,24,49,9,45,2,38,27,60,18,8,30,15,5
24,49,9,45,2,38,27,60,18,8,30,15,5,58
49,9,45,2,38,27,60,18,8,30,15,5,58,20
9,45,2,38,27,60,18,8,30,15,5,58,20,27
45,2,38,27,60,18,8,30,15,5,58,20,27,1
2,38,27,60,18,8,30,15,5,58,20,27,1,35
38,27,60,18,8,30,15,5,58,20,27,1,35,13
27,60,18,8,30,15,5,58,20,27,1,35,13,11
60,18,8,30,15,5,58,20,27,1,35,13,11,10
18,8,30,15,5,58,20,27,1,35,13,11,10,49
8,30,15,5,58,20,27,1,35,13,11,10,49,58
30,15,5,58,20,27,1,35,13,11,10,49,58,56
15,5,58,20,27,1,35,13,11,10,49,58,56,18
5,58,20,27,1,35,13,11,10,49,58,56,18,8
58,20,27,1,35,13,11,10,49,58,56,18,8,2
20,27,1,35,13,11,10,49,58,56,18,8,2,37
27,1,35,13,11,10,49,58,56,18,8,2,37,6
1,35,13,11,10,49,58,56,18,8,2,37,6,4
35,13,11,10,49,58,56,18,8,2,37,6,4,17
13,11,10,49,58,56,18,8,2,37,6,4,17,57
11,10,49,58,56,18,8,2,37,6,4,17,57,34
10,49,58,56,18,8,2,37,6,4,17,57,34,51
49,58,56,18,8,2,37,6,4,17,57,34,51,13
58,56,18,8,2,37,6,4,17,57,34,51,13,40
56,18,8,2,37,6,4,17,57,34,51,13,40,50
18,8,2,37,6,4,17,57,34,51,13,40,50,46
8,2,37,6,4,17,57,34,51,13,40,50,46,3
2,37,6,4,17,57,34,51,13,40,50,46,3,44
37,6,4,17,57,34,51,13,40,50,46,3,44,12
6,4,17,57,34,51,13,40,50,46,3,44,12,45
4,17,57,34,51,13,40,50,46,3,44,12,45,10
17,57,34,51,13,40,50,46,3,44,12,45,10,56
57,34,51,13,40,50,46,3,44,12,45,10,56,2
34,51,13,40,50,46,3,44,12,45,10,56,2,27
51,13,40,50,46,3,44,12,45,10,56,2,27,16
13,40,50,46,3,44,12,45,10,56,2,27,16,46
40,50,46,3,44,12,45,10,56,2,27,16,46,13
50,46,3,44,12,45,10,56,2,27,16,46,13,11
46,3,44,12,45,10,56,2,27,16,46,13,11,24
3,44,12,45,10,56,2,27,16,46,13,11,24,31
44,12,45,10,56,2,27,16,46,13,11,24,31,27
12,45,10,56,2,27,16,46,13,11,24,31,27,3
45,10,56,2,27,16,46,13,11,24,31,27,3,39
10,56,2,27,16,46,13,11,24,31,27,3,39,40
56,2,27,16,46,13,11,24,31,27,3,39,40,36
2,27,16,46,13,11,24,31,27,3,39,40,36,43
27,16,46,13,11,24,31,27,3,39,40,36,43,50
16,46,13,11,24,31,27,3,39,40,36,43,50,44
46,13,11,24,31,27,3,39,40,36,43,50,44,60
13,11,24,31,27,3,39,40,36,43,50,44,60,38
11,24,31,27,3,39,40,36,43,50,44,60,38,56
24,31,27,3,39,40,36,43,50,44,60,38,56,8
31,27,3,39,40,36,43,50,44,60,38,56,8,44
27,3,39,40,36,43,50,44,60,38,56,8,44,59
3,39,40,36,43,50,44,60,38,56,8,44,59,29
39,40,36,43,50,44,60,38,56,8,44,59,29,19
40,36,43,50,44,60,38,56,8,44,59,29,19,41
36,43,50,44,60,38,56,8,44,59,29,19,41,22
43,50,44,60,38,56,8,44,59,29,19,41,22,4
50,44,60,38,56,8,44,59,29,19,41,22,4,16
44,60,38,56,8,44,59,29,19,41,22,4,16,44
60,38,56,8,44,59,29,19,41,22,4,16,44,49
38,56,8,44,59,29,19,41,22,4,16,44,49,12
56,8,44,59,29,19,41,22,4,16,44,49,12,34
8,44,59,29,19,41,22,4,16,44,49,12,34,25
44,59,29,19,41,22,4,16,44,49,12,34,25,33
59,29,19,41,22,4,16,44,49,12,34,25,33,10
29,19,41,22,4,16,44,49,12,34,25,33,10,12
19,41,22,4,16,44,49,12,34,25,33,10,12,18
41,22,4,16,44,49,12,34,25,33,10,12,18,5
22,4,16,44,49,12,34,25,33,10,12,18,5,54
4,16,44,49,12,34,25,33,10,12,18,5,54,41
16,44,49,12,34,25,33,10,12,18,5,54,41,1
44,49,12,34,25,33,10,12,18,5,54,41,1,46
49,12,34,25,33,10,12,18,5,54,41,1,46,58
12,34,25,33,10,12,18,5,54,41,1,46,58,44
34,25,33,10,12,18,5,54,41,1,46,58,44,17
25,33,10,12,18,5,54,41,1,46,58,44,17,46
33,10,12,18,5,54,41,1,46,58,44,17,46,43
10,12,18,5,54,41,1,46,58,44,17,46,43,53
12,18,5,54,41,1,46,58,44,17,46,43,53,52
18,5,54,41,1,46,58,44,17,46,43,53,52,39
5,54,41,1,46,58,44,17,46,43,53,52,39,11
54,41,1,46,58,44,17,46,43,53,52,39,11,21
41,1,46,58,44,17,46,43,53,52,39,11,21,46
1,46,58,44,17,46,43,53,52,39,11,21,46,14
46,58,44,17,46,43,53,52,39,11,21,46,14,25
58,44,17,46,43,53,52,39,11,21,46,14,25,50
44,17,46,43,53,52,39,11,21,46,14,25,50,35
17,46,43,53,52,39,11,21,46,14,25,50,35,17
46,43,53,52,39,11,21,46,14,25,50,35,17,30
43,53,52,39,11,21,46,14,25,50,35,17,30,25
53,52,39,11,21,46,14,25,50,35,17,30,25,42
52,39,11,21,46,14,25,50,35,17,30,25,42,57
39,11,21,46,14,25,50,35,17,30,25,42,57,19
11,21,46,14,25,50,35,17,30,25,42,57,19,40
21,46,14,25,50,35,17,30,25,42,57,19,40,35
46,14,25,50,35,17,30,25,42,57,19,40,35,44
14,25,50,35,17,30,25,42,57,19,40,35,44,27
25,50,35,17,30,25,42,57,19,40,35,44,27,4
50,35,17,30,25,42,57,19,40,35,44,27,4,21
35,17,30,25,42,57,19,40,35,44,27,4,21,19
17,30,25,42,57,19,40,35,44,27,4,21,19,1
30,25,42,57,19,40,35,44,27,4,21,19,1,9
25,42,57,19,40,35,44,27,4,21,19,1,9,34
42,57,19,40,35,44,27,4,21,19,1,9,34,54
57,19,40,35,44,27,4,21,19,1,9,34,54,28
19,40,35,44,27,4,21,19,1,9,34,54,28,43
40,35,44,27,4,21,19,1,9,34,54,28,43,4
35,44,27,4,21,19,1,9,34,54,28,43,4,29
44,27,4,21,19,1,9,34,54,28,43,4,29,52
27,4,21,19,1,9,34,54,28,43,4,29,52,30
4,21,19,1,9,34,54,28,43,4,29,52,30,41
21,19,1,9,34,54,28,43,4,29,52,30,41,11
19,1,9,34,54,28,43,4,29,52,30,41,11,12
1,9,34,54,28,43,4,29,52,30,41,11,12,46
9,34,54,28,43,4,29,52,30,41,11,12,46,20
34,54,28,43,4,29,52,30,41,11,12,46,20,40
54,28,43,4,29,52,30,41,11,12,46,20,40,42
28,43,4,29,52,30,41,11,12,46,20,40,42,49
43,4,29,52,30,41,11,12,46,20,40,42,49,26
4,29,52,30,41,11,12,46,20,40,42,49,26,31
29,52,30,41,11,12,46,20,40,42,49,26,31,19
52,30,41,11,12,46,20,40,42,49,26,31,19,21
30,41,11,12,46,20,40,42,49,26,31,19,21,38
41,11,12,46,20,40,42,49,26,31,19,21,38,41
11,12,46,20,40,42,49,26,31,19,21,38,41,20
12,46,20,40,42,49,26,31,19,21,38,41,20,24
46,20,40,42,49,26,31,19,21,38,41,20,24,25
20,40,42,49,26,31,19,21,38,41,20,24,25,13
40,42,49,26,31,19,21,38,41,20,24,25,13,37
42,49,26,31,19,21,38,41,20,24,25,13,37,8
49,26,31,19,21,38,41,20,24,25,13,37,8,17
26,31,19,21,38,41,20,24,25,13,37,8,17,29
31,19,21,38,41,20,24,25,13,37,8,17,29,10
19,21,38,41,20,24,25,13,37,8,17,29,10,40
21,38,41,20,24,25,13,37,8,17,29,10,40,27
38,41,20,24,25,13,37,8,17,29,10,40,27,21
41,20,24,25,13,37,8,17,29,10,40,27,21,3
20,24,25,13,37,8,17,29,10,40,27,21,3,11
24,25,13,37,8,17,29,10,40,27,21,3,11,15
25,13,37,8,17,29,10,40,27,21,3,11,15,49
13,37,8,17,29,10,40,27,21,3,11,15,49,47
37,8,17,29,10,40,27,21,3,11,15,49,47,59
8,17,29,10,40,27,21,3,11,15,49,47,59,14
17,29,10,40,27,21,3,11,15,49,47,59,14,56
29,10,40,27,21,3,11,15,49,47,59,14,56,50
10,40,27,21,3,11,15,49,47,59,14,56,50,15
40,27,21,3,11,15,49,47,59,14,56,50,15,31
27,21,3,11,15,49,47,59,14,56,50,15,31,20
21,3,11,15,49,47,59,14,56,50,15,31,20,47
3,11,15,49,47,59,14,56,50,15,31,20,47,43
11,15,49,47,59,14,56,50,15,31,20,47,43,2
15,49,47,59,14,56,50,15,31,20,47,43,2,11
49,47,59,14,56,50,15,31,20,47,43,2,11,44
47,59,14,56,50,15,31,20,47,43,2,11,44,1
59,14,56,50,15,31,20,47,43,2,11,44,1,31
14,56,50,15,31,20,47,43,2,11,44,1,31,53
56,50,15,31,20,47,43,2,11,44,1,31,53,46
50,15,31,20,47,43,2,11,44,1,31,53,46,58
15,31,20,47,43,2,11,44,1,31,53,46,58,58
31,20,47,43,2,11,44,1,31,53,46,58,58,39
20,47,43,2,11,44,1,31,53,46,58,58,39,27
47,43,2,11,44,1,31,53,46,58,58,39,27,7
43,2,11,44,1,31,53,46,58,58,39,27,7,24
2,11,44,1,31,53,46,58,58,39,27,7,24,12
11,44,1,31,53,46,58,58,39,27,7,24,12,7
44,1,31,53,46,58,58,39,27,7,24,12,7,46
1,31,53,46,58,58,39,27,7,24,12,7,46,28
31,53,46,58,58,39,27,7,24,12,7,46,28,30
53,46,58,58,39,27,7,24,12,7,46,28,30,44
46,58,58,39,27,7,24,12,7,46,28,30,44,1
58,58,39,27,7,24,12,7,46,28,30,44,1,24
58,39,27,7,24,12,7,46,28,30,44,1,24,55
39,27,7,24,12,7,46,28,30,44,1,24,55,46
27,7,24,12,7,46,28,30,44,1,24,55,46,16
7,24,12,7,46,28,30,44,1,24,55,46,16,11
24,12,7,46,28,30,44,1,24,55,46,16,11,54
12,7,46,28,30,44,1,24,55,46,16,11,54,60
7,46,28,30,44,1,24,55,46,16,11,54,60,46
46,28,30,44,1,24,55,46,16,11,54,60,46,12
28,30,44,1,24,55,46,16,11,54,60,46,12,6
30,44,1,24,55,46,16,11,54,60,46,12,6,32
44,1,24,55,46,16,11,54,60,46,12,6,32,31
1,24,55,46,16,11,54,60,46,12,6,32,31,13
24,55,46,16,11,54,60,46,12,6,32,31,13,53
55,46,16,11,54,60,46,12,6,32,31,13,53,16
46,16,11,54,60,46,12,6,32,31,13,53,16,36
16,11,54,60,46,12,6,32,31,13,53,16,36,55
11,54,60,46,12,6,32,31,13,53,16,36,55,54
54,60,46,12,6,32,31,13,53,16,36,55,54,28
60,46,12,6,32,31,13,53,16,36,55,54,28,18
46,12,6,32,31,13,53,16,36,55,54,28,18,20
12,6,32,31,13,53,16,36,55,54,28,18,20,6
6,32,31,13,53,16,36,55,54,28,18,20,6,2
32,31,13,53,16,36,55,54,28,18,20,6,2,3
31,13,53,16,36,55,54,28,18,20,6,2,3,5
13,53,16,36,55,54,28,18,20,6,2,3,5,60
53,16,36,55,54,28,18,20,6,2,3,5,60,18
16,36,55,54,28,18,20,6,2,3,5,60,18,39
36,55,54,28,18,20,6,2,3,5,60,18,39,35
55,54,28,18,20,6,2,3,5,60,18,39,35,30
54,28,18,20,6,2,3,5,60,18,39,35,30,26
28,18,20,6,2,3,5,60,18,39,35,30,26,20
18,20,6,2,3,5,60,18,39,35,30,26,20,19
20,6,2,3,5,60,18,39,35,30,26,20,19,51
6,2,3,5,60,18,39,35,30,26,20,19,51,52
2,3,5,60,18,39,35,30,26,20,19,51,52,57
3,5,60,18,39,35,30,26,20,19,51,52,57,54
5,60,18,39,35,30,26,20,19,51,52,57,54,6
60,18,39,35,30,26,20,19,51,52,57,54,6,46
18,39,35,30,26,20,19,51,52,57,54,6,46,21
39,35,30,26,20,19,51,52,57,54,6,46,21,59
35,30,26,20,19,51,52,57,54,6,46,21,59,34
30,26,20,19,51,52,57,54,6,46,21,59,34,23
26,20,19,51,52,57,54,6,46,21,59,34,23,48
20,19,51,52,57,54,6,46,21,59,34,23,48,59
19,51,52,57,54,6,46,21,59,34,23,48,59,28
51,52,57,54,6,46,21,59,34,23,48,59,28,40
52,57,54,6,46,21,59,34,23,48,59,28,40,9
57,54,6,46,21,59,34,23,48,59,28,40,9,35
54,6,46,21,59,34,23,48,59,28,40,9,35,22
6,46,21,59,34,23,48,59,28,40,9,35,22,11
46,21,59,34,23,48,59,28,40,9,35,22,11,1
21,59,34,23,48,59,28,40,9,35,22,11,1,30
59,34,23,48,59,28,40,9,35,22,11,1,30,8
34,23,48,59,28,40,9,35,22,11,1,30,8,2
23,48,59,28,40,9,35,22,11,1,30,8,2,1
48,59,28,40,9,35,22,11,1,30,8,2,1,49
59,28,40,9,35,22,11,1,30,8,2,1,49,11
28,40,9,35,22,11,1,30,8,2,1,49,11,12
40,9,35,22,11,1,30,8,2,1,49,11,12,34
9,35,22,11,1,30,8,2,1,49,11,12,34,30
35,22,11,1,30,8,2,1,49,11,12,34,30,34
22,11,1,30,8,2,1,49,11,12,34,30,34,4
11,1,30,8,2,1,49,11,12,34,30,34,4,21
1,30,8,2,1,49,11,12,34,30,34,4,21,13
30,8,2,1,49,11,12,34,30,34,4,21,13,14
8,2,1,49,11,12,34,30,34,4,21,13,14,58
2,1,49,11,12,34,30,34,4,21,13,14,58,29
1,49,11,12,34,30,34,4,21,13,14,58,29,23
49,11,12,34,30,34,4,21,13,14,58,29,23,41
11,12,34,30,34,4,21,13,14,58,29,23,41,14
12,34,30,34,4,21,13,14,58,29,23,41,14,57
34,30,34,4,21,13,14,58,29,23,41,14,57,20
30,34,4,21,13,14,58,29,23,41,14,57,20,54
34,4,21,13,14,58,29,23,41,14,57,20,54,36
4,21,13,14,58,29,23,41,14,57,20,54,36,17
21,13,14,58,29,23,41,14,57,20,54,36,17,42
13,14,58,29,23,41,14,57,20,54,36,17,42,26
14,58,29,23,41,14,57,20,54,36,17,42,26,10
58,29,23,41,14,57,20,54,36,17,42,26,10,19
29,23,41,14,57,20,54,36,17,42,26,10,19,11
23,41,14,57,20,54,36,17,42,26,10,19,11,37
41,14,57,20,54,36,17,42,26,10,19,11,37,41
14,57,20,54,36,17,42,26,10,19,11,37,41,17
57,20,54,36,17,42,26,10,19,11,37,41,17,44
20,54,36,17,42,26,10,19,11,37,41,17,44,50
54,36,17,42,26,10,19,11,37,41,17,44,50,52
36,17,42,26,10,19,11,37,41,17,44,50,52,57
17,42,26,10,19,11,37,41,17,44,50,52,57,7
42,26,10,19,11,37,41,17,44,50,52,57,7,40
26,10,19,11,37,41,17,44,50,52,57,7,40,12
10,19,11,37,41,17,44,50,52,57,7,40,12,58
19,11,37,41,17,44,50,52,57,7,40,12,58,35
11,37,41,17,44,50,52,57,7,40,12,58,35,51
37,41,17,44,50,52,57,7,40,12,58,35,51,2
41,17,44,50,52,57,7,40,12,58,35,51,2,57
17,44,50,52,57,7,40,12,58,35,51,2,57,21
44,50,52,57,7,40,12,58,35,51,2,57,21,33
50,52,57,7,40,12,58,35,51,2,57,21,33,55
52,57,7,40,12,58,35,51,2,57,21,33,55,16
57,7,40,12,58,35,51,2,57,21,33,55,16,7
7,40,12,58,35,51,2,57,21,33,55,16,7,60
40,12,58,35,51,2,57,21,33,55,16,7,60,6
12,58,35,51,2,57,21,33,55,16,7,60,6,59
58,35,51,2,57,21,33,55,16,7,60,6,59,28
35,51,2,57,21,33,55,16,7,60,6,59,28,8
51,2,57,21,33,55,16,7,60,6,59,28,8,51
2,57,21,33,55,16,7,60,6,59,28,8,51,53
57,21,33,55,16,7,60,6,59,28,8,51,53,39
21,33,55,16,7,60,6,59,28,8,51,53,39,42
33,55,16,7,60,6,59,28,8,51,53,39,42,16
55,16,7,60,6,59,28,8,51,53,39,42,16,18
16,7,60,6,59,28,8,51,53,39,42,16,18,44
7,60,6,59,28,8,51,53,39,42,16,18,44,31
60,6,59,28,8,51,53,39,42,16,18,44,31,49
6,59,28,8,51,53,39,42,16,18,44,31,49,42
59,28,8,51,53,39,42,16,18,44,31,49,42,17
28,8,51,53,39,42,16,18,44,31,49,42,17,19
8,51,53,39,42,16,18,44,31,49,42,17,19,37
51,53,39,42,16,18,44,31,49,42,17,19,37,41
53,39,42,16,18,44,31,49,42,17,19,37,41,59
39,42,16,18,44,31,49,42,17,19,37,41,59,33
42,16,18,44,31,49,42,17,19,37,41,59,33,8
16,18,44,31,49,42,17,19,37,41,59,33,8,58
18,44,31,49,42,17,19,37,41,59,33,8,58,32
44,31,49,42,17,19,37,41,59,33,8,58,32,15
31,49,42,17,19,37,41,59,33,8,58,32,15,21
49,42,17,19,37,41,59,33,8,58,32,15,21,48
42,17,19,37,41,59,33,8,58,32,15,21,48,46
17,19,37,41,59,33,8,58,32,15,21,48,46,23
19,37,41,59,33,8,58,32,15,21,48,46,23,44
37,41,59,33,8,58,32,15,21,48,46,23,44,37
41,59,33,8,58,32,15,21,48,46,23,44,37,38
59,33,8,58,32,15,21,48,46,23,44,37,38,24
33,8,58,32,15,21,48,46,23,44,37,38,24,23
8,58,32,15,21,48,46,23,44,37,38,24,23,26
58,32,15,21,48,46,23,44,37,38,24,23,26,42
32,15,21,48,46,23,44,37,38,24,23,26,42,49
15,21,48,46,23,44,37,38,24,23,26,42,49,36
21,48,46,23,44,37,38,24,23,26,42,49,36,38
48,46,23,44,37,38,24,23,26,42,49,36,38,2
46,23,44,37,38,24,23,26,42,49,36,38,2,29
23,44,37,38,24,23,26,42,49,36,38,2,29,14
44,37,38,24,23,26,42,49,36,38,2,29,14,18
37,38,24,23,26,42,49,36,38,2,29,14,18,49
38,24,23,26,42,49,36,38,2,29,14,18,49,36
24,23,26,42,49,36,38,2,29,14,18,49,36,29
23,26,42,49,36,38,2,29,14,18,49,36,29,26
26,42,49,36,38,2,29,14,18,49,36,29,26,59
42,49,36,38,2,29,14,18,49,36,29,26,59,50
49,36,38,2,29,14,18,49,36,29,26,59,50,13
36,38,2,29,14,18,49,36,29,26,59,50,13,28
38,2,29,14,18,49,36,29,26,59,50,13,28,31
2,29,14,18,49,36,29,26,59,50,13,28,31,8
29,14,18,49,36,29,26,59,50,13,28,31,8,33
14,18,49,36,29,26,59,50,13,28,31,8,33,32
18,49,36,29,26,59,50,13,28,31,8,33,32,53
49,36,29,26,59,50,13,28,31,8,33,32,53,41
36,29,26,59,50,13,28,31,8,33,32,53,41,47
29,26,59,50,13,28,31,8,33,32,53,41,47,50
26,59,50,13,28,31,8,33,32,53,41,47,50,7
59,50,13,28,31,8,33,32,53,41,47,50,7,25
50,13,28,31,8,33,32,53,41,47,50,7,25,37
13,28,31,8,33,32,53,41,47,50,7,25,37,44
28,31,8,33,32,53,41,47,50,7,25,37,44,2
31,8,33,32,53,41,47,50,7,25,37,44,2,27
8,33,32,53,41,47,50,7,25,37,44,2,27,6
33,32,53,41,47,50,7,25,37,44,2,27,6,47
32,53,41,47,50,7,25,37,44,2,27,6,47,49
53,41,47,50,7,25,37,44,2,27,6,47,49,39
41,47,50,7,25,37,44,2,27,6,47,49,39,23
47,50,7,25,37,44,2,27,6,47,49,39,23,6
50,7,25,37,44,2,27,6,47,49,39,23,6,26
7,25,37,44,2,27,6,47,49,39,23,6,26,1
25,37,44,2,27,6,47,49,39,23,6,26,1,34
37,44,2,27,6,47,49,39,23,6,26,1,34,48
44,2,27,6,47,49,39,23,6,26,1,34,48,31
2,27,6,47,49,39,23,6,26,1,34,48,31,39
27,6,47,49,39,23,6,26,1,34,48,31,39,33
6,47,49,39,23,6,26,1,34,48,31,39,33,35
47,49,39,23,6,26,1,34,48,31,39,33,35,9
49,39,23,6,26,1,34,48,31,39,33,35,9,27
39,23,6,26,1,34,48,31,39,33,35,9,27,46
23,6,26,1,34,48,31,39,33,35,9,27,46,59
6,26,1,34,48,31,39,33,35,9,27,46,59,35
26,1,34,48,31,39,33,35,9,27,46,59,35,45
1,34,48,31,39,33,35,9,27,46,59,35,45,53
34,48,31,39,33,35,9,27,46,59,35,45,53,35
48,31,39,33,35,9,27,46,59,35,45,53,35,38
31,39,33,35,9,27,46,59,35,45,53,35,38,14
39,33,35,9,27,46,59,35,45,53,35,38,14,45
33,35,9,27,46,59,35,45,53,35,38,14,45,26
35,9,27,46,59,35,45,53,35,38,14,45,26,53
9,27,46,59,35,45,53,35,38,14,45,26,53,49
27,46,59,35,45,53,35,38,14,45,26,53,49,1
46,59,35,45,53,35,38,14,45,26,53,49,1,46
59,35,45,53,35,38,14,45,26,53,49,1,46,47
35,45,53,35,38,14,45,26,53,49,1,46,47,19
45,53,35,38,14,45,26,53,49,1,46,47,19,24
53,35,38,14,45,26,53,49,1,46,47,19,24,10
35,38,14,45,26,53,49,1,46,47,19,24,10,8
38,14,45,26,53,49,1,46,47,19,24,10,8,44
14,45,26,53,49,1,46,47,19,24,10,8,44,9
45,26,53,49,1,46,47,19,24,10,8,44,9,42
26,53,49,1,46,47,19,24,10,8,44,9,42,11
53,49,1,46,47,19,24,10,8,44,9,42,11,30
49,1,46,47,19,24,10,8,44,9,42,11,30,42
1,46,47,19,24,10,8,44,9,42,11,30,42,34
46,47,19,24,10,8,44,9,42,11,30,42,34,16
47,19,24,10,8,44,9,42,11,30,42,34,16,22
19,24,10,8,44,9,42,11,30,42,34,16,22,45
24,10,8,44,9,42,11,30,42,34,16,22,45,20
10,8,44,9,42,11,30,42,34,16,22,45,20,24
8,44,9,42,11,30,42,34,16,22,45,20,24,36
44,9,42,11,30,42,34,16,22,45,20,24,36,18
9,42,11,30,42,34,16,22,45,20,24,36,18,8
42,11,30,42,34,16,22,45,20,24,36,18,8,48
11,30,42,34,16,22,45,20,24,36,18,8,48,17
30,42,34,16,22,45,20,24,36,18,8,48,17,58
42,34,16,22,45,20,24,36,18,8,48,17,58,47
34,16,22,45,20,24,36,18,8,48,17,58,47,16
16,22,45,20,24,36,18,8,48,17,58,47,16,25
22,45,20,24,36,18,8,48,17,58,47,16,25,56
45,20,24,36,18,8,48,17,58,47,16,25,56,49
20,24,36,18,8,48,17,58,47,16,25,56,49,54
24,36,18,8,48,17,58,47,16,25,56,49,54,43
36,18,8,48,17,58,47,16,25,56,49,54,43,5
18,8,48,17,58,47,16,25,56,49,54,43,5,37
8,48,17,58,47,16,25,56,49,54,43,5,37,44
48,17,58,47,16,25,56,49,54,43,5,37,44,3
17,58,47,16,25,56,49,54,43,5,37,44,3,34
58,47,16,25,56,49,54,43,5,37,44,3,34,56
47,16,25,56,49,54,43,5,37,44,3,34,56,19
16,25,56,49,54,43,5,37,44,3,34,56,19,58
25,56,49,54,43,5,37,44,3,34,56,19,58,37
56,49,54,43,5,37,44,3,34,56,19,58,37,45
49,54,43,5,37,44,3,34,56,19,58,37,45,38
54,43,5,37,44,3,34,56,19,58,37,45,38,43
43,5,37,44,3,34,56,19,58,37,45,38,43,54
5,37,44,3,34,56,19,58,37,45,38,43,54,27
37,44,3,34,56,19,58,37,45,38,43,54,27,37
44,3,34,56,19,58,37,45,38,43,54,27,37,25
3,34,56,19,58,37,45,38,43,54,27,37,25,29
34,56,19,58,37,45,38,43,54,27,37,25,29,4
56,19,58,37,45,38,43,54,27,37,25,29,4,1
19,58,37,45,38,43,54,27,37,25,29,4,1,27
58,37,45,38,43,54,27,37,25,29,4,1,27,45
37,45,38,43,54,27,37,25,29,4,1,27,45,7
45,38,43,54,27,37,25,29,4,1,27,45,7,34
38,43,54,27,37,25,29,4,1,27,45,7,34,59
43,54,27,37,25,29,4,1,27,45,7,34,59,51
54,27,37,25,29,4,1,27,45,7,34,59,51,54
27,37,25,29,4,1,27,45,7,34,59,51,54,36
37,25,29,4,1,27,45,7,34,59,51,54,36,21
25,29,4,1,27,45,7,34,59,51,54,36,21,51
29,4,1,27,45,7,34,59,51,54,36,21,51,10
4,1,27,45,7,34,59,51,54,36,21,51,10,24
1,27,45,7,34,59,51,54,36,21,51,10,24,38
27,45,7,34,59,51,54,36,21,51,10,24,38,19
45,7,34,59,51,54,36,21,51,10,24,38,19,12
7,34,59,51,54,36,21,51,10,24,38,19,12,13
34,59,51,54,36,21,51,10,24,38,19,12,13,36
59,51,54,36,21,51,10,24,38,19,12,13,36,55
51,54,36,21,51,10,24,38,19,12,13,36,55,44
54,36,21,51,10,24,38,19,12,13,36,55,44,9
36,21,51,10,24,38,19,12,13,36,55,44,9,57
21,51,10,24,38,19,12,13,36,55,44,9,57,43
51,10,24,38,19,12,13,36,55,44,9,57,43,37
10,24,38,19,12,13,36,55,44,9,57,43,37,28
24,38,19,12,13,36,55,44,9,57,43,37,28,24
38,19,12,13,36,55,44,9,57,43,37,28,24,9
19,12,13,36,55,44,9,57,43,37,28,24,9,48
12,13,36,55,44,9,57,43,37,28,24,9,48,44
13,36,55,44,9,57,43,37,28,24,9,48,44,42
36,55,44,9,57,43,37,28,24,9,48,44,42,2
55,44,9,57,43,37,28,24,9,48,44,42,2,50
44,9,57,43,37,28,24,9,48,44,42,2,50,36
9,57,43,37,28,24,9,48,44,42,2,50,36,10
57,43,37,28,24,9,48,44,42,2,50,36,10,34
43,37,28,24,9,48,44,42,2,50,36,10,34,15
37,28,24,9,48,44,42,2,50,36,10,34,15,60
28,24,9,48,44,42,2,50,36,10,34,15,60,56
24,9,48,44,42,2,50,36,10,34,15,60,56,55
9,48,44,42,2,50,36,10,34,15,60,56,55,53
48,44,42,2,50,36,10,34,15,60,56,55,53,7
44,42,2,50,36,10,34,15,60,56,55,53,7,32
42,2,50,36,10,34,15,60,56,55,53,7,32,43
2,50,36,10,34,15,60,56,55,53,7,32,43,25
50,36,10,34,15,60,56,55,53,7,32,43,25,23
36,10,34,15,60,56,55,53,7,32,43,25,23,8
10,34,15,60,56,55,53,7,32,43,25,23,8,25
34,15,60,56,55,53,7,32,43,25,23,8,25,43
15,60,56,55,53,7,32,43,25,23,8,25,43,39
60,56,55,53,7,32,43,25,23,8,25,43,39,44
56,55,53,7,32,43,25,23,8,25,43,39,44,14
55,53,7,32,43,25,23,8,25,43,39,44,14,9
53,7,32,43,25,23,8,25,43,39,44,14,9,48
7,32,43,25,23,8,25,43,39,44,14,9,48,11
32,43,25,23,8,25,43,39,44,14,9,48,11,31
43,25,23,8,25,43,39,44,14,9,48,11,31,51
25,23,8,25,43,39,44,14,9,48,11,31,51,16
23,8,25,43,39,44,14,9,48,11,31,51,16,21
8,25,43,39,44,14,9,48,11,31,51,16,21,42
25,43,39,44,14,9,48,11,31,51,16,21,42,2
43,39,44,14,9,48,11,31,51,16,21,42,2,50
39,44,14,9,48,11,31,51,16,21,42,2,50,56
44,14,9,48,11,31,51,16,21,42,2,50,56,24
14,9,48,11,31,51,16,21,42,2,50,56,24,2
9,48,11,31,51,16,21,42,2,50,56,24,2,35
48,11,31,51,16,21,42,2,50,56,24,2,35,54
11,31,51,16,21,42,2,50,56,24,2,35,54,50
31,51,16,21,42,2,50,56,24,2,35,54,50,13
51,16,21,42,2,50,56,24,2,35,54,50,13,16
16,21,42,2,50,56,24,2,35,54,50,13,16,12
21,42,2,50,56,24,2,35,54,50,13,16,12,10
42,2,50,56,24,2,35,54,50,13,16,12,10,21
2,50,56,24,2,35,54,50,13,16,12,10,21,28
50,56,24,2,35,54,50,13,16,12,10,21,28,38
56,24,2,35,54,50,13,16,12,10,21,28,38,8
24,2,35,54,50,13,16,12,10,21,28,38,8,1
2,35,54,50,13,16,12,10,21,28,38,8,1,19
35,54,50,13,16,12,10,21,28,38,8,1,19,48
54,50,13,16,12,10,21,28,38,8,1,19,48,36
50,13,16,12,10,21,28,38,8,1,19,48,36,33
13,16,12,10,21,28,38,8,1,19,48,36,33,59
16,12,10,21,28,38,8,1,19,48,36,33,59,47
12,10,21,28,38,8,1,19,48,36,33,59,47,46
10,21,28,38,8,1,19,48,36,33,59,47,46,19
21,28,38,8,1,19,48,36,33,59,47,46,19,39
28,38,8,1,19,48,36,33,59,47,46,19,39,22
38,8,1,19,48,36,33,59,47,46,19,39,22,51
8,1,19,48,36,33,59,47,46,19,39,22,51,13
1,19,48,36,33,59,47,46,19,39,22,51,13,43
19,48,36,33,59,47,46,19,39,22,51,13,43,30
48,36,33,59,47,46,19,39,22,51,13,43,30,34
36,33,59,47,46,19,39,22,51,13,43,30,34,26
33,59,47,46,19,39,22,51,13,43,30,34,26,51
59,47,46,19,39,22,51,13,43,30,34,26,51,15
47,46,19,39,22,51,13,43,30,34,26,51,15,52
46,19,39,22,51,13,43,30,34,26,51,15,52,36
19,39,22,51,13,43,30,34,26,51,15,52,36,59
39,22,51,13,43,30,34,26,51,15,52,36,59,45
22,51,13,43,30,34,26,51,15,52,36,59,45,19
51,13,43,30,34,26,51,15,52,36,59,45,19,42
13,43,30,34,26,51,15,52,36,59,45,19,42,18
43,30,34,26,51,15,52,36,59,45,19,42,18,47
30,34,26,51,15,52,36,59,45,19,42,18,47,22
34,26,51,15,52,36,59,45,19,42,18,47,22,9
26,51,15,52,36,59,45,19,42,18,47,22,9,27
51,15,52,36,59,45,19,42,18,47,22,9,27,19
15,52,36,59,45,19,42,18,47,22,9,27,19,12
52,36,59,45,19,42,18,47,22,9,27,19,12,41
36,59,45,19,42,18,47,22,9,27,19,12,41,18
59,45,19,42,18,47,22,9,27,19,12,41,18,46
45,19,42,18,47,22,9,27,19,12,41,18,46,16
19,42,18,47,22,9,27,19,12,41,18,46,16,21
42,18,47,22,9,27,19,12,41,18,46,16,21,50
18,47,22,9,27,19,12,41,18,46,16,21,50,10
47,22,9,27,19,12,41,18,46,16,21,50,10,46
22,9,27,19,12,41,18,46,16,21,50,10,46,11
9,27,19,12,41,18,46,16,21,50,10,46,11,60
27,19,12,41,18,46,16,21,50,10,46,11,60,51
19,12,41,18,46,16,21,50,10,46,11,60,51,21
12,41,18,46,16,21,50,10,46,11,60,51,21,28
41,18,46,16,21,50,10,46,11,60,51,21,28,2
18,46,16,21,50,10,46,11,60,51,21,28,2,17
46,16,21,50,10,46,11,60,51,21,28,2,17,33
16,21,50,10,46,11,60,51,21,28,2,17,33,29
21,50,10,46,11,60,51,21,28,2,17,33,29,11
50,10,46,11,60,51,21,28,2,17,33,29,11,4
10,46,11,60,51,21,28,2,17,33,29,11,4,16
46,11,60,51,21,28,2,17,33,29,11,4,16,22
11,60,51,21,28,2,17,33,29,11,4,16,22,53
60,51,21,28,2,17,33,29,11,4,16,22,53,35
51,21,28,2,17,33,29,11,4,16,22,53,35,25
21,28,2,17,33,29,11,4,16,22,53,35,25,9
28,2,17,33,29,11,4,16,22,53,35,25,9,5
2,17,33,29,11,4,16,22,53,35,25,9,5,20
17,33,29,11,4,16,22,53,35,25,9,5,20,33
33,29,11,4,16,22,53,35,25,9,5,20,33,46
29,11,4,16,22,53,35,25,9,5,20,33,46,26
11,4,16,22,53,35,25,9,5,20,33,46,26,4
4,16,22,53,35,25,9,5,20,33,46,26,4,53
16,22,53,35,25,9,5,20,33,46,26,4,53,8
22,53,35,25,9,5,20,33,46,26,4,53,8,57
53,35,25,9,5,20,33,46,26,4,53,8,57,53
35,25,9,5,20,33,46,26,4,53,8,57,53,7
25,9,5,20,33,46,26,4,53,8,57,53,7,59
9,5,20,33,46,26,4,53,8,57,53,7,59,16
5,20,33,46,26,4,53,8,57,53,7,59,16,37
20,33,46,26,4,53,8,57,53,7,59,16,37,8
33,46,26,4,53,8,57,53,7,59,16,37,8,7
46,26,4,53,8,57,53,7,59,16,37,8,7,42
26,4,53,8,57,53,7,59,16,37,8,7,42,27
4,53,8,57,53,7,59,16,37,8,7,42,27,29
53,8,57,53,7,59,16,37,8,7,42,27,29,22
8,57,53,7,59,16,37,8,7,42,27,29,22,16
57,53,7,59,16,37,8,7,42,27,29,22,16,8
53,7,59,16,37,8,7,42,27,29,22,16,8,20
7,59,16,37,8,7,42,27,29,22,16,8,20,21
59,16,37,8,7,42,27,29,22,16,8,20,21,34
16,37,8,7,42,27,29,22,16,8,20,21,34,31
37,8,7,42,27,29,22,16,8,20,21,34,31,24
8,7,42,27,29,22,16,8,20,21,34,31,24,32
7,42,27,29,22,16,8,20,21,34,31,24,32,38
42,27,29,22,16,8,20,21,34,31,24,32,38,53
27,29,22,16,8,20,21,34,31,24,32,38,53,46
29,22,16,8,20,21,34,31,24,32,38,53,46,14
22,16,8,20,21,34,31,24,32,38,53,46,14,56
16,8,20,21,34,31,24,32,38,53,46,14,56,28
8,20,21,34,31,24,32,38,53,46,14,56,28,27
20,21,34,31,24,32,38,53,46,14,56,28,27,1
21,34,31,24,32,38,53,46,14,56,28,27,1,41
34,31,24,32,38,53,46,14,56,28,27,1,41,25
31,24,32,38,53,46,14,56,28,27,1,41,25,29
24,32,38,53,46,14,56,28,27,1,41,25,29,11
32,38,53,46,14,56,28,27,1,41,25,29,11,3
38,53,46,14,56,28,27,1,41,25,29,11,3,35
53,46,14,56,28,27,1,41,25,29,11,3,35,44
46,14,56,28,27,1,41,25,29,11,3,35,44,57
14,56,28,27,1,41,25,29,11,3,35,44,57,56
56,28,27,1,41,25,29,11,3,35,44,57,56,11
28,27,1,41,25,29,11,3,35,44,57,56,11,34
27,1,41,25,29,11,3,35,44,57,56,11,34,44
1,41,25,29,11,3,35,44,57,56,11,34,44,36
41,25,29,11,3,35,44,57,56,11,34,44,36,1
25,29,11,3,35,44,57,56,11,34,44,36,1,38
29,11,3,35,44,57,56,11,34,44,36,1,38,23
11,3,35,44,57,56,11,34,44,36,1,38,23,30
3,35,44,57,56,11,34,44,36,1,38,23,30,44
35,44,57,56,11,34,44,36,1,38,23,30,44,35
44,57,56,11,34,44,36,1,38,23,30,44,35,15
57,56,11,34,44,36,1,38,23,30,44,35,15,28
56,11,34,44,36,1,38,23,30,44,35,15,28,55
11,34,44,36,1,38,23,30,44,35,15,28,55,36
34,44,36,1,38,23,30,44,35,15,28,55,36,43
44,36,1,38,23,30,44,35,15,28,55,36,43,11
36,1,38,23,30,44,35,15,28,55,36,43,11,15
1,38,23,30,44,35,15,28,55,36,43,11,15,13
38,23,30,44,35,15,28,55,36,43,11,15,13,49
23,30,44,35,15,28,55,36,43,11,15,13,49,3
30,44,35,15,28,55,36,43,11,15,13,49,3,41
44,35,15,28,55,36,43,11,15,13,49,3,41,53
35,15,28,55,36,43,11,15,13,49,3,41,53,23
15,28,55,36,43,11,15,13,49,3,41,53,23,43
28,55,36,43,11,15,13,49,3,41,53,23,43,60
55,36,43,11,15,13,49,3,41,53,23,43,60,37
36,43,11,15,13,49,3,41,53,23,43,60,37,38
43,11,15,13,49,3,41,53,23,43,60,37,38,29
11,15,13,49,3,41,53,23,43,60,37,38,29,11
15,13,49,3,41,53,23,43,60,37,38,29,11,34
13,49,3,41,53,23,43,60,37,38,29,11,34,46
49,3,41,53,23,43,60,37,38,29,11,34,46,57
3,41,53,23,43,60,37,38,29,11,34,46,57,50
41,53,23,43,60,37,38,29,11,34,46,57,50,17
53,23,43,60,37,38,29,11,34,46,57,50,17,49
23,43,60,37,38,29,11,34,46,57,50,17,49,32
43,60,37,38,29,11,34,46,57,50,17,49,32,56
60,37,38,29,11,34,46,57,50,17,49,32,56,29
37,38,29,11,34,46,57,50,17,49,32,56,29,28
38,29,11,34,46,57,50,17,49,32,56,29,28,1
29,11,34,46,57,50,17,49,32,56,29,28,1,35
11,34,46,57,50,17,49,32,56,29,28,1,35,21
34,46,57,50,17,49,32,56,29,28,1,35,21,42
46,57,50,17,49,32,56,29,28,1,35,21,42,12
57,50,17,49,32,56,29,28,1,35,21,42,12,57
50,17,49,32,56,29,28,1,35,21,42,12,57,37
17,49,32,56,29,28,1,35,21,42,12,57,37,28
49,32,56,29,28,1,35,21,42,12,57,37,28,42
32,56,29,28,1,35,21,42,12,57,37,28,42,38
56,29,28,1,35,21,42,12,57,37,28,42,38,45
29,28,1,35,21,42,12,57,37,28,42,38,45,6
28,1,35,21,42,12,57,37,28,42,38,45,6,27
1,35,21,42,12,57,37,28,42,38,45,6,27,57
35,21,42,12,57,37,28,42,38,45,6,27,57,43
21,42,12,57,37,28,42,38,45,6,27,57,43,11
42,12,57,37,28,42,38,45,6,27,57,43,11,6
12,57,37,28,42,38,45,6,27,57,43,11,6,55
57,37,28,42,38,45,6,27,57,43,11,6,55,53
37,28,42,38,45,6,27,57,43,11,6,55,53,10
28,42,38,45,6,27,57,43,11,6,55,53,10,30
42,38,45,6,27,57,43,11,6,55,53,10,30,45
38,45,6,27,57,43,11,6,55,53,10,30,45,16
45,6,27,57,43,11,6,55,53,10,30,45,16,49
6,27,57,43,11,6,55,53,10,30,45,16,49,25
27,57,43,11,6,55,53,10,30,45,16,49,25,40
57,43,11,6,55,53,10,30,45,16,49,25,40,32
43,11,6,55,53,10,30,45,16,49,25,40,32,22
11,6,55,53,10,30,45,16,49,25,40,32,22,47
6,55,53,10,30,45,16,49,25,40,32,22,47,28
55,53,10,30,45,16,49,25,40,32,22,47,28,33
53,10,30,45,16,49,25,40,32,22,47,28,33,25
10,30,45,16,49,25,40,32,22,47,28,33,25,11
30,45,16,49,25,40,32,22,47,28,33,25,11,33
45,16,49,25,40,32,22,47,28,33,25,11,33,34
16,49,25,40,32,22,47,28,33,25,11,33,34,25
49,25,40,32,22,47,28,33,25,11,33,34,25,24
25,40,32,22,47,28,33,25,11,33,34,25,24,17
40,32,22,47,28,33,25,11,33,34,25,24,17,27
32,22,47,28,33,25,11,33,34,25,24,17,27,44
22,47,28,33,25,11,33,34,25,24,17,27,44,36
47,28,33,25,11,33,34,25,24,17,27,44,36,54
28,33,25,11,33,34,25,24,17,27,44,36,54,41
33,25,11,33,34,25,24,17,27,44,36,54,41,40
25,11,33,34,25,24,17,27,44,36,54,41,40,51
11,33,34,25,24,17,27,44,36,54,41,40,51,58
33,34,25,24,17,27,44,36,54,41,40,51,58,53
34,25,24,17,27,44,36,54,41,40,51,58,53,52
25,24,17,27,44,36,54,41,40,51,58,53,52,26
24,17,27,44,36,54,41,40,51,58,53,52,26,23
17,27,44,36,54,41,40,51,58,53,52,26,23,7
27,44,36,54,41,40,51,58,53,52,26,23,7,5
44,36,54,41,40,51,58,53,52,26,23,7,5,10
36,54,41,40,51,58,53,52,26,23,7,5,10,60
54,41,40,51,58,53,52,26,23,7,5,10,60,32
41,40,51,58,53,52,26,23,7,5,10,60,32,46
40,51,58,53,52,26,23,7,5,10,60,32,46,18
51,58,53,52,26,23,7,5,10,60,32,46,18,30
58,53,52,26,23,7,5,10,60,32,46,18,30,4
53,52,26,23,7,5,10,60,32,46,18,30,4,10
52,26,23,7,5,10,60,32,46,18,30,4,10,34
26,23,7,5,10,60,32,46,18,30,4,10,34,47
23,7,5,10,60,32,46,18,30,4,10,34,47,21
7,5,10,60,32,46,18,30,4,10,34,47,21,23
5,10,60,32,46,18,30,4,10,34,47,21,23,43
10,60,32,46,18,30,4,10,34,47,21,23,43,1
60,32,46,18,30,4,10,34,47,21,23,43,1,19
32,46,18,30,4,10,34,47,21,23,43,1,19,33
46,18,30,4,10,34,47,21,23,43,1,19,33,24
18,30,4,10,34,47,21,23,43,1,19,33,24,42
30,4,10,34,47,21,23,43,1,19,33,24,42,48
4,10,34,47,21,23,43,1,19,33,24,42,48,10
10,34,47,21,23,43,1,19,33,24,42,48,10,43
34,47,21,23,43,1,19,33,24,42,48,10,43,49
47,21,23,43,1,19,33,24,42,48,10,43,49,16
21,23,43,1,19,33,24,42,48,10,43,49,16,32
23,43,1,19,33,24,42,48,10,43,49,16,32,36
43,1,19,33,24,42,48,10,43,49,16,32,36,30
1,19,33,24,42,48,10,43,49,16,32,36,30,14
19,33,24,42,48,10,43,49,16,32,36,30,14,10
33,24,42,48,10,43,49,16,32,36,30,14,10,16
24,42,48,10,43,49,16,32,36,30,14,10,16,6
42,48,10,43,49,16,32,36,30,14,10,16,6,38
48,10,43,49,16,32,36,30,14,10,16,6,38,22
10,43,49,16,32,36,30,14,10,16,6,38,22,52
43,49,16,32,36,30,14,10,16,6,38,22,52,48
49,16,32,36,30,14,10,16,6,38,22,52,48,57
16,32,36,30,14,10,16,6,38,22,52,48,57,59
32,36,30,14,10,16,6,38,22,52,48,57,59,45
36,30,14,10,16,6,38,22,52,48,57,59,45,8
30,14,10,16,6,38,22,52,48,57,59,45,8,28
14,10,16,6,38,22,52,48,57,59,45,8,28,36
10,16,6,38,22,52,48,57,59,45,8,28,36,38
16,6,38,22,52,48,57,59,45,8,28,36,38,58
6,38,22,52,48,57,59,45,8,28,36,38,58,35
38,22,52,48,57,59,45,8,28,36,38,58,35,3
22,52,48,57,59,45,8,28,36,38,58,35,3,40
52,48,57,59,45,8,28,36,38,58,35,3,40,57
48,57,59,45,8,28,36,38,58,35,3,40,57,23
57,59,45,8,28,36,38,58,35,3,40,57,23,34
59,45,8,28,36,38,58,35,3,40,57,23,34,45
45,8,28,36,38,58,35,3,40,57,23,34,45,57
8,28,36,38,58,35,3,40,57,23,34,45,57,5
28,36,38,58,35,3,40,57,23,34,45,57,5,56
36,38,58,35,3,40,57,23,34,45,57,5,56,14
38,58,35,3,40,57,23,34,45,57,5,56,14,48
58,35,3,40,57,23,34,45,57,5,56,14,48,30
35,3,40,57,23,34,45,57,5,56,14,48,30,29
3,40,57,23,34,45,57,5,56,14,48,30,29,59
40,57,23,34,45,57,5,56,14,48,30,29,59,13
57,23,34,45,57,5,56,14,48,30,29,59,13,49
23,34,45,57,5,56,14,48,30,29,59,13,49,26
34,45,57,5,56,14,48,30,29,59,13,49,26,2
45,57,5,56,14,48,30,29,59,13,49,26,2,56
57,5,56,14,48,30,29,59,13,49,26,2,56,40
5,56,14,48,30,29,59,13,49,26,2,56,40,42
56,14,48,30,29,59,13,49,26,2,56,40,42,23
14,48,30,29,59,13,49,26,2,56,40,42,23,50
48,30,29,59,13,49,26,2,56,40,42,23,50,58
30,29,59,13,49,26,2,56,40,42,23,50,58,32
29,59,13,49,26,2,56,40,42,23,50,58,32,52
59,13,49,26,2,56,40,42,23,50,58,32,52,16
13,49,26,2,56,40,42,23,50,58,32,52,16,1
49,26,2,56,40,42,23,50,58,32,52,16,1,37
26,2,56,40,42,23,50,58,32,52,16,1,37,47
2,56,40,42,23,50,58,32,52,16,1,37,47,44
56,40,42,23,50,58,32,52,16,1,37,47,44,46
40,42,23,50,58,32,52,16,1,37,47,44,46,32
42,23,50,58,32,52,16,1,37,47,44,46,32,2
23,50,58,32,52,16,1,37,47,44,46,32,2,7
50,58,32,52,16,1,37,47,44,46,32,2,7,38
58,32,52,16,1,37,47,44,46,32,2,7,38,30
32,52,16,1,37,47,44,46,32,2,7,38,30,4
52,16,1,37,47,44,46,32,2,7,38,30,4,16
16,1,37,47,44,46,32,2,7,38,30,4,16,9
1,37,47,44,46,32,2,7,38,30,4,16,9,6
37,47,44,46,32,2,7,38,30,4,16,9,6,27
47,44,46,32,2,7,38,30,4,16,9,6,27,32
44,46,32,2,7,38,30,4,16,9,6,27,32,12
46,32,2,7,38,30,4,16,9,6,27,32,12,57
32,2,7,38,30,4,16,9,6,27,32,12,57,19
2,7,38,30,4,16,9,6,27,32,12,57,19,45
7,38,30,4,16,9,6,27,32,12,57,19,45,39
38,30,4,16,9,6,27,32,12,57,19,45,39,9
30,4,16,9,6,27,32,12,57,19,45,39,9,23
4,16,9,6,27,32,12,57,19,45,39,9,23,32
16,9,6,27,32,12,57,19,45,39,9,23,32,6
9,6,27,32,12,57,19,45,39,9,23,32,6,41
6,27,32,12,57,19,45,39,9,23,32,6,41,40
27,32,12,57,19,45,39,9,23,32,6,41,40,29
32,12,57,19,45,39,9,23,32,6,41,40,29,58
12,57,19,45,39,9,23,32,6,41,40,29,58,11
57,19,45,39,9,23,32,6,41,40,29,58,11,39
19,45,39,9,23,32,6,41,40,29,58,11,39,17
45,39,9,23,32,6,41,40,29,58,11,39,17,56
39,9,23,32,6,41,40,29,58,11,39,17,56,60
9,23,32,6,41,40,29,58,11,39,17,56,60,26
23,32,6,41,40,29,58,11,39,17,56,60,26,7
32,6,41,40,29,58,11,39,17,56,60,26,7,4
6,41,40,29,58,11,39,17,56,60,26,7,4,13
41,40,29,58,11,39,17,56,60,26,7,4,13,53
40,29,58,11,39,17,56,60,26,7,4,13,53,40
29,58,11,39,17,56,60,26,7,4,13,53,40,25
58,11,39,17,56,60,26,7,4,13,53,40,25,57
11,39,17,56,60,26,7,4,13,53,40,25,57,31
39,17,56,60,26,7,4,13,53,40,25,57,31,34
17,56,60,26,7,4,13,53,40,25,57,31,34,38
56,60,26,7,4,13,53,40,25,57,31,34,38,47
60,26,7,4,13,53,40,25,57,31,34,38,47,7
26,7,4,13,53,40,25,57,31,34,38,47,7,8
7,4,13,53,40,25,57,31,34,38,47,7,8,45
4,13,53,40,25,57,31,34,38,47,7,8,45,35
13,53,40,25,57,31,34,38,47,7,8,45,35,6
53,40,25,57,31,34,38,47,7,8,45,35,6,41
40,25,57,31,34,38,47,7,8,45,35,6,41,4
25,57,31,34,38,47,7,8,45,35,6,41,4,32
57,31,34,38,47,7,8,45,35,6,41,4,32,47
31,34,38,47,7,8,45,35,6,41,4,32,47,29
34,38,47,7,8,45,35,6,41,4,32,47,29,42
38,47,7,8,45,35,6,41,4,32,47,29,42,4
47,7,8,45,35,6,41,4,32,47,29,42,4,27
7,8,45,35,6,41,4,32,47,29,42,4,27,21
8,45,35,6,41,4,32,47,29,42,4,27,21,14
45,35,6,41,4,32,47,29,42,4,27,21,14,55
35,6,41,4,32,47,29,42,4,27,21,14,55,35
6,41,4,32,47,29,42,4,27,21,14,55,35,30
41,4,32,47,29,42,4,27,21,14,55,35,30,18
4,32,47,29,42,4,27,21,14,55,35,30,18,57
32,47,29,42,4,27,21,14,55,35,30,18,57,7
47,29,42,4,27,21,14,55,35,30,18,57,7,53
29,42,4,27,21,14,55,35,30,18,57,7,53,43
42,4,27,21,14,55,35,30,18,57,7,53,43,20
4,27,21,14,55,35,30,18,57,7,53,43,20,45
27,21,14,55,35,30,18,57,7,53,43,20,45,38
21,14,55,35,30,18,57,7,53,43,20,45,38,60
14,55,35,30,18,57,7,53,43,20,45,38,60,27
55,35,30,18,57,7,53,43,20,45,38,60,27,28
35,30,18,57,7,53,43,20,45,38,60,27,28,20
30,18,57,7,53,43,20,45,38,60,27,28,20,53
18,57,7,53,43,20,45,38,60,27,28,20,53,11
57,7,53,43,20,45,38,60,27,28,20,53,11,57
7,53,43,20,45,38,60,27,28,20,53,11,57,36
53,43,20,45,38,60,27,28,20,53,11,57,36,11
43,20,45,38,60,27,28,20,53,11,57,36,11,58
20,45,38,60,27,28,20,53,11,57,36,11,58,55
45,38,60,27,28,20,53,11,57,36,11,58,55,45
38,60,27,28,20,53,11,57,36,11,58,55,45,27
60,27,28,20,53,11,57,36,11,58,55,45,27,39
27,28,20,53,11,57,36,11,58,55,45,27,39,7
28,20,53,11,57,36,11,58,55,45,27,39,7,31
20,53,11,57,36,11,58,55,45,27,39,7,31,46
53,11,57,36,11,58,55,45,27,39,7,31,46,45
11,57,36,11,58,55,45,27,39,7,31,46,45,25
57,36,11,58,55,45,27,39,7,31,46,45,25,9
36,11,58,55,45,27,39,7,31,46,45,25,9,7
11,58,55,45,27,39,7,31,46,45,25,9,7,10
58,55,45,27,39,7,31,46,45,25,9,7,10,58
55,45,27,39,7,31,46,45,25,9,7,10,58,19
45,27,39,7,31,46,45,25,9,7,10,58,19,56
27,39,7,31,46,45,25,9,7,10,58,19,56,18
39,7,31,46,45,25,9,7,10,58,19,56,18,26
7,31,46,45,25,9,7,10,58,19,56,18,26,13
31,46,45,25,9,7,10,58,19,56,18,26,13,1
46,45,25,9,7,10,58,19,56,18,26,13,1,40
45,25,9,7,10,58,19,56,18,26,13,1,40,24
25,9,7,10,58,19,56,18,26,13,1,40,24,42
9,7,10,58,19,56,18,26,13,1,40,24,42,18
7,10,58,19,56,18,26,13,1,40,24,42,18,5
10,58,19,56,18,26,13,1,40,24,42,18,5,25
58,19,56,18,26,13,1,40,24,42,18,5,25,9
19,56,18,26,13,1,40,24,42,18,5,25,9,14
56,18,26,13,1,40,24,42,18,5,25,9,14,38
18,26,13,1,40,24,42,18,5,25,9,14,38,28
26,13,1,40,24,42,18,5,25,9,14,38,28,18
13,1,40,24,42,18,5,25,9,14,38,28,18,35
1,40,24,42,18,5,25,9,14,38,28,18,35,54
40,24,42,18,5,25,9,14,38,28,18,35,54,11
24,42,18,5,25,9,14,38,28,18,35,54,11,5
42,18,5,25,9,14,38,28,18,35,54,11,5,42
18,5,25,9,14,38,28,18,35,54,11,5,42,3
5,25,9,14,38,28,18,35,54,11,5,42,3,34
25,9,14,38,28,18,35,54,11,5,42,3,34,37
9,14,38,28,18,35,54,11,5,42,3,34,37,33
14,38,28,18,35,54,11,5,42,3,34,37,33,11
38,28,18,35,54,11,5,42,3,34,37,33,11,14
28,18,35,54,11,5,42,3,34,37,33,11,14,34
18,35,54,11,5,42,3,34,37,33,11,14,34,15
35,54,11,5,42,3,34,37,33,11,14,34,15,18
54,11,5,42,3,34,37,33,11,14,34,15,18,9
11,5,42,3,34,37,33,11,14,34,15,18,9,33
5,42,3,34,37,33,11,14,34,15,18,9,33,46
42,3,34,37,33,11,14,34,15,18,9,33,46,24
3,34,37,33,11,14,34,15,18,9,33,46,24,27
34,37,33,11,14,34,15,18,9,33,46,24,27,5
37,33,11,14,34,15,18,9,33,46,24,27,5,42
33,11,14,34,15,18,9,33,46,24,27,5,42,53
11,14,34,15,18,9,33,46,24,27,5,42,53,47
14,34,15,18,9,33,46,24,27,5,42,53,47,1
34,15,18,9,33,46,24,27,5,42,53,47,1,44
15,18,9,33,46,24,27,5,42,53,47,1,44,48
18,9,33,46,24,27,5,42,53,47,1,44,48,20
9,33,46,24,27,5,42,53,47,1,44,48,20,9
33,46,24,27,5,42,53,47,1,44,48,20,9,42
46,24,27,5,42,53,47,1,44,48,20,9,42,29
24,27,5,42,53,47,1,44,48,20,9,42,29,30
27,5,42,53,47,1,44,48,20,9,42,29,30,15
5,42,53,47,1,44,48,20,9,42,29,30,15,4
42,53,47,1,44,48,20,9,42,29,30,15,4,49
53,47,1,44,48,20,9,42,29,30,15,4,49,9
47,1,44,48,20,9,42,29,30,15,4,49,9,31
1,44,48,20,9,42,29,30,15,4,49,9,31,47
44,48,20,9,42,29,30,15,4,49,9,31,47,53
48,20,9,42,29,30,15,4,49,9,31,47,53,39
20,9,42,29,30,15,4,49,9,31,47,53,39,52
9,42,29,30,15,4,49,9,31,47,53,39,52,27
42,29,30,15,4,49,9,31,47,53,39,52,27,57
29,30,15,4,49,9,31,47,53,39,52,27,57,58
30,15,4,49,9,31,47,53,39,52,27,57,58,33
15,4,49,9,31,47,53,39,52,27,57,58,33,58
4,49,9,31,47,53,39,52,27,57,58,33,58,22
49,9,31,47,53,39,52,27,57,58,33,58,22,26
9,31,47,53,39,52,27,57,58,33,58,22,26,15
31,47,53,39,52,27,57,58,33,58,22,26,15,54
47,53,39,52,27,57,58,33,58,22,26,15,54,5
53,39,52,27,57,58,33,58,22,26,15,54,5,46
39,52,27,57,58,33,58,22,26,15,54,5,46,50
52,27,57,58,33,58,22,26,15,54,5,46,50,1
27,57,58,33,58,22,26,15,54,5,46,50,1,17
57,58,33,58,22,26,15,54,5,46,50,1,17,37
58,33,58,22,26,15,54,5,46,50,1,17,37,30
33,58,22,26,15,54,5,46,50,1,17,37,30,32
58,22,26,15,54,5,46,50,1,17,37,30,32,39
22,26,15,54,5,46,50,1,17,37,30,32,39,55
26,15,54,5,46,50,1,17,37,30,32,39,55,33
15,54,5,46,50,1,17,37,30,32,39,55,33,52
54,5,46,50,1,17,37,30,32,39,55,33,52,31
5,46,50,1,17,37,30,32,39,55,33,52,31,47
46,50,1,17,37,30,32,39,55,33,52,31,47,4
50,1,17,37,30,32,39,55,33,52,31,47,4,24
1,17,37,30,32,39,55,33,52,31,47,4,24,44
17,37,30,32,39,55,33,52,31,47,4,24,44,56
37,30,32,39,55,33,52,31,47,4,24,44,56,9
30,32,39,55,33,52,31,47,4,24,44,56,9,20
32,39,55,33,52,31,47,4,24,44,56,9,20,15
39,55,33,52,31,47,4,24,44,56,9,20,15,57
55,33,52,31,47,4,24,44,56,9,20,15,57,49
33,52,31,47,4,24,44,56,9,20,15,57,49,39
52,31,47,4,24,44,56,9,20,15,57,49,39,41
31,47,4,24,44,56,9,20,15,57,49,39,41,9
47,4,24,44,56,9,20,15,57,49,39,41,9,37
4,24,44,56,9,20,15,57,49,39,41,9,37,30
24,44,56,9,20,15,57,49,39,41,9,37,30,10
44,56,9,20,15,57,49,39,41,9,37,30,10,54
56,9,20,15,57,49,39,41,9,37,30,10,54,47
9,20,15,57,49,39,41,9,37,30,10,54,47,18
20,15,57,49,39,41,9,37,30,10,54,47,18,30
15,57,49,39,41,9,37,30,10,54,47,18,30,21
57,49,39,41,9,37,30,10,54,47,18,30,21,31
49,39,41,9,37,30,10,54,47,18,30,21,31,34
39,41,9,37,30,10,54,47,18,30,21,31,34,51
41,9,37,30,10,54,47,18,30,21,31,34,51,26
9,37,30,10,54,47,18,30,21,31,34,51,26,7
37,30,10,54,47,18,30,21,31,34,51,26,7,1
30,10,54,47,18,30,21,31,34,51,26,7,1,23
10,54,47,18,30,21,31,34,51,26,7,1,23,14
54,47,18,30,21,31,34,51,26,7,1,23,14,5
47,18,30,21,31,34,51,26,7,1,23,14,5,54
18,30,21,31,34,51,26,7,1,23,14,5,54,56
30,21,31,34,51,26,7,1,23,14,5,54,56,58
21,31,34,51,26,7,1,23,14,5,54,56,58,20
31,34,51,26,7,1,23,14,5,54,56,58,20,27
34,51,26,7,1,23,14,5,54,56,58,20,27,41
51,26,7,1,23,14,5,54,56,58,20,27,41,37
26,7,1,23,14,5,54,56,58,20,27,41,37,12
7,1,23,14,5,54,56,58,20,27,41,37,12,14
1,23,14,5,54,56,58,20,27,41,37,12,14,34
23,14,5,54,56,58,20,27,41,37,12,14,34,35
14,5,54,56,58,20,27,41,37,12,14,34,35,47
5,54,56,58,20,27,41,37,12,14,34,35,47,23
54,56,58,20,27,41,37,12,14,34,35,47,23,26
56,58,20,27,41,37,12,14,34,35,47,23,26,51
58,20,27,41,37,12,14,34,35,47,23,26,51,27
20,27,41,37,12,14,34,35,47,23,26,51,27,29
27,41,37,12,14,34,35,47,23,26,51,27,29,7
41,37,12,14,34,35,47,23,26,51,27,29,7,7
37,12,14,34,35,47,23,26,51,27,29,7,7,30
12,14,34,35,47,23,26,51,27,29,7,7,30,46
14,34,35,47,23,26,51,27,29,7,7,30,46,23
34,35,47,23,26,51,27,29,7,7,30,46,23,8
35,47,23,26,51,27,29,7,7,30,46,23,8,14
47,23,26,51,27,29,7,7,30,46,23,8,14,43
23,26,51,27,29,7,7,30,46,23,8,14,43,49
26,51,27,29,7,7,30,46,23,8,14,43,49,57
51,27,29,7,7,30,46,23,8,14,43,49,57,33
27,29,7,7,30,46,23,8,14,43,49,57,33,9
29,7,7,30,46,23,8,14,43,49,57,33,9,24
7,7,30,46,23,8,14,43,49,57,33,9,24,29
7,30,46,23,8,14,43,49,57,33,9,24,29,19
30,46,23,8,14,43,49,57,33,9,24,29,19,8
46,23,8,14,43,49,57,33,9,24,29,19,8,2
23,8,14,43,49,57,33,9,24,29,19,8,2,37
8,14,43,49,57,33,9,24,29,19,8,2,37,3
14,43,49,57,33,9,24,29,19,8,2,37,3,50
43,49,57,33,9,24,29,19,8,2,37,3,50,20
49,57,33,9,24,29,19,8,2,37,3,50,20,46
57,33,9,24,29,19,8,2,37,3,50,20,46,23
33,9,24,29,19,8,2,37,3,50,20,46,23,14
9,24,29,19,8,2,37,3,50,20,46,23,14,39
24,29,19,8,2,37,3,50,20,46,23,14,39,23
29,19,8,2,37,3,50,20,46,23,14,39,23,37
19,8,2,37,3,50,20,46,23,14,39,23,37,59
8,2,37,3,50,20,46,23,14,39,23,37,59,10
2,37,3,50,20,46,23,14,39,23,37,59,10,58
37,3,50,20,46,23,14,39,23,37,59,10,58,31
3,50,20,46,23,14,39,23,37,59,10,58,31,48
50,20,46,23,14,39,23,37,59,10,58,31,48,49
20,46,23,14,39,23,37,59,10,58,31,48,49,53
46,23,14,39,23,37,59,10,58,31,48,49,53,20
23,14,39,23,37,59,10,58,31,48,49,53,20,32
14,39,23,37,59,10,58,31,48,49,53,20,32,33
39,23,37,59,10,58,31,48,49,53,20,32,33,4
23,37,59,10,58,31,48,49,53,20,32,33,4,30
37,59,10,58,31,48,49,53,20,32,33,4,30,52
59,10,58,31,48,49,53,20,32,33,4,30,52,23
10,58,31,48,49,53,20,32,33,4,30,52,23,13
58,31,48,49,53,20,32,33,4,30,52,23,13,28
31,48,49,53,20,32,33,4,30,52,23,13,28,55
48,49,53,20,32,33,4,30,52,23,13,28,55,14
49,53,20,32,33,4,30,52,23,13,28,55,14,23
53,20,32,33,4,30,52,23,13,28,55,14,23,29
20,32,33,4,30,52,23,13,28,55,14,23,29,11
32,33,4,30,52,23,13,28,55,14,23,29,11,1
33,4,30,52,23,13,28,55,14,23,29,11,1,41
4,30,52,23,13,28,55,14,23,29,11,1,41,16
30,52,23,13,28,55,14,23,29,11,1,41,16,48
52,23,13,28,55,14,23,29,11,1,41,16,48,14
23,13,28,55,14,23,29,11,1,41,16,48,14,38
13,28,55,14,23,29,11,1,41,16,48,14,38,39
28,55,14,23,29,11,1,41,16,48,14,38,39,6
55,14,23,29,11,1,41,16,48,14,38,39,6,10
14,23,29,11,1,41,16,48,14,38,39,6,10,41
23,29,11,1,41,16,48,14,38,39,6,10,41,52
29,11,1,41,16,48,14,38,39,6,10,41,52,27
11,1,41,16,48,14,38,39,6,10,41,52,27,28
1,41,16,48,14,38,39,6,10,41,52,27,28,5
41,16,48,14,38,39,6,10,41,52,27,28,5,41
16,48,14,38,39,6,10,41,52,27,28,5,41,11
48,14,38,39,6,10,41,52,27,28,5,41,11,49
14,38,39,6,10,41,52,27,28,5,41,11,49,24
38,39,6,10,41,52,27,28,5,41,11,49,24,2
39,6,10,41,52,27,28,5,41,11,49,24,2,58
6,10,41,52,27,28,5,41,11,49,24,2,58,15
10,41,52,27,28,5,41,11,49,24,2,58,15,20
41,52,27,28,5,41,11,49,24,2,58,15,20,16
52,27,28,5,41,11,49,24,2,58,15,20,16,38
27,28,5,41,11,49,24,2,58,15,20,16,38,40
28,5,41,11,49,24,2,58,15,20,16,38,40,8
5,41,11,49,24,2,58,15,20,16,38,40,8,55
41,11,49,24,2,58,15,20,16,38,40,8,55,40
11,49,24,2,58,15,20,16,38,40,8,55,40,11
49,24,2,58,15,20,16,38,40,8,55,40,11,33
24,2,58,15,20,16,38,40,8,55,40,11,33,17
2,58,15,20,16,38,40,8,55,40,11,33,17,25
58,15,20,16,38,40,8,55,40,11,33,17,25,50
15,20,16,38,40,8,55,40,11,33,17,25,50,2
20,16,38,40,8,55,40,11,33,17,25,50,2,53
16,38,40,8,55,40,11,33,17,25,50,2,53,4
38,40,8,55,40,11,33,17,25,50,2,53,4,36
40,8,55,40,11,33,17,25,50,2,53,4,36,49
8,55,40,11,33,17,25,50,2,53,4,36,49,27
55,40,11,33,17,25,50,2,53,4,36,49,27,5
40,11,33,17,25,50,2,53,4,36,49,27,5,18
11,33,17,25,50,2,53,4,36,49,27,5,18,57
33,17,25,50,2,53,4,36,49,27,5,18,57,15
17,25,50,2,53,4,36,49,27,5,18,57,15,23
25,50,2,53,4,36,49,27,5,18,57,15,23,10
50,2,53,4,36,49,27,5,18,57,15,23,10,53
2,53,4,36,49,27,5,18,57,15,23,10,53,60
53,4,36,49,27,5,18,57,15,23,10,53,60,22
4,36,49,27,5,18,57,15,23,10,53,60,22,37
36,49,27,5,18,57,15,23,10,53,60,22,37,34
49,27,5,18,57,15,23,10,53,60,22,37,34,17
27,5,18,57,15,23,10,53,60,22,37,34,17,37
5,18,57,15,23,10,53,60,22,37,34,17,37,43
18,57,15,23,10,53,60,22,37,34,17,37,43,8
57,15,23,10,53,60,22,37,34,17,37,43,8,45
15,23,10,53,60,22,37,34,17,37,43,8,45,28
23,10,53,60,22,37,34,17,37,43,8,45,28,12
10,53,60,22,37,34,17,37,43,8,45,28,12,20
53,60,22,37,34,17,37,43,8,45,28,12,20,5
60,22,37,34,17,37,43,8,45,28,12,20,5,27
22,37,34,17,37,43,8,45,28,12,20,5,27,14
37,34,17,37,43,8,45,28,12,20,5,27,14,50
34,17,37,43,8,45,28,12,20,5,27,14,50,28
17,37,43,8,45,28,12,20,5,27,14,50,28,58
37,43,8,45,28,12,20,5,27,14,50,28,58,29
43,8,45,28,12,20,5,27,14,50,28,58,29,59
8,45,28,12,20,5,27,14,50,28,58,29,59,31
45,28,12,20,5,27,14,50,28,58,29,59,31,35
28,12,20,5,27,14,50,28,58,29,59,31,35,40
12,20,5,27,14,50,28,58,29,59,31,35,40,14
20,5,27,14,50,28,58,29,59,31,35,40,14,55
5,27,14,50,28,58,29,59,31,35,40,14,55,50
27,14,50,28,58,29,59,31,35,40,14,55,50,27
14,50,28,58,29,59,31,35,40,14,55,50,27,30
50,28,58,29,59,31,35,40,14,55,50,27,30,52
28,58,29,59,31,35,40,14,55,50,27,30,52,12
58,29,59,31,35,40,14,55,50,27,30,52,12,27
29,59,31,35,40,14,55,50,27,30,52,12,27,36
59,31,35,40,14,55,50,27,30,52,12,27,36,45
31,35,40,14,55,50,27,30,52,12,27,36,45,24
35,40,14,55,50,27,30,52,12,27,36,45,24,4
40,14,55,50,27,30,52,12,27,36,45,24,4,37
14,55,50,27,30,52,12,27,36,45,24,4,37,43
55,50,27,30,52,12,27,36,45,24,4,37,43,59
50,27,30,52,12,27,36,45,24,4,37,43,59,60
27,30,52,12,27,36,45,24,4,37,43,59,60,46
30,52,12,27,36,45,24,4,37,43,59,60,46,36
52,12,27,36,45,24,4,37,43,59,60,46,36,12
12,27,36,45,24,4,37,43,59,60,46,36,12,10
27,36,45,24,4,37,43,59,60,46,36,12,10,4
36,45,24,4,37,43,59,60,46,36,12,10,4,14
45,24,4,37,43,59,60,46,36,12,10,4,14,12
24,4,37,43,59,60,46,36,12,10,4,14,12,10
4,37,43,59,60,46,36,12,10,4,14,12,10,33
37,43,59,60,46,36,12,10,4,14,12,10,33,7
43,59,60,46,36,12,10,4,14,12,10,33,7,42
59,60,46,36,12,10,4,14,12,10,33,7,42,1
60,46,36,12,10,4,14,12,10,33,7,42,1,42
46,36,12,10,4,14,12,10,33,7,42,1,42,43
36,12,10,4,14,12,10,33,7,42,1,42,43,41
12,10,4,14,12,10,33,7,42,1,42,43,41,9
10,4,14,12,10,33,7,42,1,42,43,41,9,21
4,14,12,10,33,7,42,1,42,43,41,9,21,30
14,12,10,33,7,42,1,42,43,41,9,21,30,29
12,10,33,7,42,1,42,43,41,9,21,30,29,4
10,33,7,42,1,42,43,41,9,21,30,29,4,2
33,7,42,1,42,43,41,9,21,30,29,4,2,41
7,42,1,42,43,41,9,21,30,29,4,2,41,6
42,1,42,43,41,9,21,30,29,4,2,41,6,56
1,42,43,41,9,21,30,29,4,2,41,6,56,35
42,43,41,9,21,30,29,4,2,41,6,56,35,39
43,41,9,21,30,29,4,2,41,6,56,35,39,2
41,9,21,30,29,4,2,41,6,56,35,39,2,26
9,21,30,29,4,2,41,6,56,35,39,2,26,56
21,30,29,4,2,41,6,56,35,39,2,26,56,40
30,29,4,2,41,6,56,35,39,2,26,56,40,6
29,4,2,41,6,56,35,39,2,26,56,40,6,34
4,2,41,6,56,35,39,2,26,56,40,6,34,37
2,41,6,56,35,39,2,26,56,40,6,34,37,38
41,6,56,35,39,2,26,56,40,6,34,37,38,45
6,56,35,39,2,26,56,40,6,34,37,38,45,9
56,35,39,2,26,56,40,6,34,37,38,45,9,60
35,39,2,26,56,40,6,34,37,38,45,9,60,36
39,2,26,56,40,6,34,37,38,45,9,60,36,5
2,26,56,40,6,34,37,38,45,9,60,36,5,57
26,56,40,6,34,37,38,45,9,60,36,5,57,44
56,40,6,34,37,38,45,9,60,36,5,57,44,18
40,6,34,37,38,45,9,60,36,5,57,44,18,37
6,34,37,38,45,9,60,36,5,57,44,18,37,31
34,37,38,45,9,60,36,5,57,44,18,37,31,26
37,38,45,9,60,36,5,57,44,18,37,31,26,12
38,45,9,60,36,5,57,44,18,37,31,26,12,36
45,9,60,36,5,57,44,18,37,31,26,12,36,49
9,60,36,5,57,44,18,37,31,26,12,36,49,18
60,36,5,57,44,18,37,31,26,12,36,49,18,57
36,5,57,44,18,37,31,26,12,36,49,18,57,6
5,57,44,18,37,31,26,12,36,49,18,57,6,33
57,44,18,37,31,26,12,36,49,18,57,6,33,42
44,18,37,31,26,12,36,49,18,57,6,33,42,16
18,37,31,26,12,36,49,18,57,6,33,42,16,1
37,31,26,12,36,49,18,57,6,33,42,16,1,48
31,26,12,36,49,18,57,6,33,42,16,1,48,42
26,12,36,49,18,57,6,33,42,16,1,48,42,10
12,36,49,18,57,6,33,42,16,1,48,42,10,2
36,49,18,57,6,33,42,16,1,48,42,10,2,37
49,18,57,6,33,42,16,1,48,42,10,2,37,9
18,57,6,33,42,16,1,48,42,10,2,37,9,43
57,6,33,42,16,1,48,42,10,2,37,9,43,20
6,33,42,16,1,48,42,10,2,37,9,43,20,41
33,42,16,1,48,42,10,2,37,9,43,20,41,33
42,16,1,48,42,10,2,37,9,43,20,41,33,15
16,1,48,42,10,2,37,9,43,20,41,33,15,28
1,48,42,10,2,37,9,43,20,41,33,15,28,6
48,42,10,2,37,9,43,20,41,33,15,28,6,41
42,10,2,37,9,43,20,41,33,15,28,6,41,26
10,2,37,9,43,20,41,33,15,28,6,41,26,35
2,37,9,43,20,41,33,15,28,6,41,26,35,13
37,9,43,20,41,33,15,28,6,41,26,35,13,29
9,43,20,41,33,15,28,6,41,26,35,13,29,6
43,20,41,33,15,28,6,41,26,35,13,29,6,36
20,41,33,15,28,6,41,26,35,13,29,6,36,59
41,33,15,28,6,41,26,35,13,29,6,36,59,21
33,15,28,6,41,26,35,13,29,6,36,59,21,1
15,28,6,41,26,35,13,29,6,36,59,21,1,20
28,6,41,26,35,13,29,6,36,59,21,1,20,22
6,41,26,35,13,29,6,36,59,21,1,20,22,41
41,26,35,13,29,6,36,59,21,1,20,22,41,59
26,35,13,29,6,36,59,21,1,20,22,41,59,35
35,13,29,6,36,59,21,1,20,22,41,59,35,40
13,29,6,36,59,21,1,20,22,41,59,35,40,13
29,6,36,59,21,1,20,22,41,59,35,40,13,21
6,36,59,21,1,20,22,41,59,35,40,13,21,49
36,59,21,1,20,22,41,59,35,40,13,21,49,41
59,21,1,20,22,41,59,35,40,13,21,49,41,17
21,1,20,22,41,59,35,40,13,21,49,41,17,31
1,20,22,41,59,35,40,13,21,49,41,17,31,3
20,22,41,59,35,40,13,21,49,41,17,31,3,40
22,41,59,35,40,13,21,49,41,17,31,3,40,19
41,59,35,40,13,21,49,41,17,31,3,40,19,60
59,35,40,13,21,49,41,17,31,3,40,19,60,2
35,40,13,21,49,41,17,31,3,40,19,60,2,44
40,13,21,49,41,17,31,3,40,19,60,2,44,37
13,21,49,41,17,31,3,40,19,60,2,44,37,39
21,49,41,17,31,3,40,19,60,2,44,37,39,21
49,41,17,31,3,40,19,60,2,44,37,39,21,9
41,17,31,3,40,19,60,2,44,37,39,21,9,54
17,31,3,40,19,60,2,44,37,39,21,9,54,43
31,3,40,19,60,2,44,37,39,21,9,54,43,18
3,40,19,60,2,44,37,39,21,9,54,43,18,36
40,19,60,2,44,37,39,21,9,54,43,18,36,47
19,60,2,44,37,39,21,9,54,43,18,36,47,52
60,2,44,37,39,21,9,54,43,18,36,47,52,35
2,44,37,39,21,9,54,43,18,36,47,52,35,17
44,37,39,21,9,54,43,18,36,47,52,35,17,44
37,39,21,9,54,43,18,36,47,52,35,17,44,43
39,21,9,54,43,18,36,47,52,35,17,44,43,25
21,9,54,43,18,36,47,52,35,17,44,43,25,18
9,54,43,18,36,47,52,35,17,44,43,25,18,27
54,43,18,36,47,52,35,17,44,43,25,18,27,22
43,18,36,47,52,35,17,44,43,25,18,27,22,17
18,36,47,52,35,17,44,43,25,18,27,22,17,50
36,47,52,35,17,44,43,25,18,27,22,17,50,48
47,52,35,17,44,43,25,18,27,22,17,50,48,20
52,35,17,44,43,25,18,27,22,17,50,48,20,3
35,17,44,43,25,18,27,22,17,50,48,20,3,7
17,44,43,25,18,27,22,17,50,48,20,3,7,12
44,43,25,18,27,22,17,50,48,20,3,7,12,54
43,25,18,27,22,17,50,48,20,3,7,12,54,57
25,18,27,22,17,50,48,20,3,7,12,54,57,21
18,27,22,17,50,48,20,3,7,12,54,57,21,29
27,22,17,50,48,20,3,7,12,54,57,21,29,56
22,17,50,48,20,3,7,12,54,57,21,29,56,57
17,50,48,20,3,7,12,54,57,21,29,56,57,55
50,48,20,3,7,12,54,57,21,29,56,57,55,38
48,20,3,7,12,54,57,21,29,56,57,55,38,7
20,3,7,12,54,57,21,29,56,57,55,38,7,16
3,7,12,54,57,21,29,56,57,55,38,7,16,22
7,12,54,57,21,29,56,57,55,38,7,16,22,28
12,54,57,21,29,56,57,55,38,7,16,22,28,58
54,57,21,29,56,57,55,38,7,16,22,28,58,19
57,21,29,56,57,55,38,7,16,22,28,58,19,3
21,29,56,57,55,38,7,16,22,28,58,19,3,57
29,56,57,55,38,7,16,22,28,58,19,3,57,33
56,57,55,38,7,16,22,28,58,19,3,57,33,38
57,55,38,7,16,22,28,58,19,3,57,33,38,53
55,38,7,16,22,28,58,19,3,57,33,38,53,46
38,7,16,22,28,58,19,3,57,33,38,53,46,55
7,16,22,28,58,19,3,57,33,38,53,46,55,33
16,22,28,58,19,3,57,33,38,53,46,55,33,16
22,28,58,19,3,57,33,38,53,46,55,33,16,26
28,58,19,3,57,33,38,53,46,55,33,16,26,9
58,19,3,57,33,38,53,46,55,33,16,26,9,58
19,3,57,33,38,53,46,55,33,16,26,9,58,38
3,57,33,38,53,46,55,33,16,26,9,58,38,60
57,33,38,53,46,55,33,16,26,9,58,38,60,13
33,38,53,46,55,33,16,26,9,58,38,60,13,33
38,53,46,55,33,16,26,9,58,38,60,13,33,60
53,46,55,33,16,26,9,58,38,60,13,33,60,11
46,55,33,16,26,9,58,38,60,13,33,60,11,29
55,33,16,26,9,58,38,60,13,33,60,11,29,9
33,16,26,9,58,38,60,13,33,60,11,29,9,30
16,26,9,58,38,60,13,33,60,11,29,9,30,13
26,9,58,38,60,13,33,60,11,29,9,30,13,42
9,58,38,60,13,33,60,11,29,9,30,13,42,17
58,38,60,13,33,60,11,29,9,30,13,42,17,28
38,60,13,33,60,11,29,9,30,13,42,17,28,53
60,13,33,60,11,29,9,30,13,42,17,28,53,29
13,33,60,11,29,9,30,13,42,17,28,53,29,60
33,60,11,29,9,30,13,42,17,28,53,29,60,9
60,11,29,9,30,13,42,17,28,53,29,60,9,35
11,29,9,30,13,42,17,28,53,29,60,9,35,43
29,9,30,13,42,17,28,53,29,60,9,35,43,5
9,30,13,42,17,28,53,29,60,9,35,43,5,3
30,13,42,17,28,53,29,60,9,35,43,5,3,60
13,42,17,28,53,29,60,9,35,43,5,3,60,39
42,17,28,53,29,60,9,35,43,5,3,60,39,3
17,28,53,29,60,9,35,43,5,3,60,39,3,46
28,53,29,60,9,35,43,5,3,60,39,3,46,47
53,29,60,9,35,43,5,3,60,39,3,46,47,27
29,60,9,35,43,5,3,60,39,3,46,47,27,45
60,9,35,43,5,3,60,39,3,46,47,27,45,3
9,35,43,5,3,60,39,3,46,47,27,45,3,58
35,43,5,3,60,39,3,46,47,27,45,3,58,26
43,5,3,60,39,3,46,47,27,45,3,58,26,20
5,3,60,39,3,46,47,27,45,3,58,26,20,49
3,60,39,3,46,47,27,45,3,58,26,20,49,28
60,39,3,46,47,27,45,3,58,26,20,49,28,6
39,3,46,47,27,45,3,58,26,20,49,28,6,7
3,46,47,27,45,3,58,26,20,49,28,6,7,42
46,47,27,45,3,58,26,20,49,28,6,7,42,45
47,27,45,3,58,26,20,49,28,6,7,42,45,49
27,45,3,58,26,20,49,28,6,7,42,45,49,10
45,3,58,26,20,49,28,6,7,42,45,49,10,17
3,58,26,20,49,28,6,7,42,45,49,10,17,1
58,26,20,49,28,6,7,42,45,49,10,17,1,26
26,20,49,28,6,7,42,45,49,10,17,1,26,30
20,49,28,6,7,42,45,49,10,17,1,26,30,53
49,28,6,7,42,45,49,10,17,1,26,30,53,49
28,6,7,42,45,49,10,17,1,26,30,53,49,11
6,7,42,45,49,10,17,1,26,30,53,49,11,56
7,42,45,49,10,17,1,26,30,53,49,11,56,43
42,45,49,10,17,1,26,30,53,49,11,56,43,52
45,49,10,17,1,26,30,53,49,11,56,43,52,2
49,10,17,1,26,30,53,49,11,56,43,52,2,35
10,17,1,26,30,53,49,11,56,43,52,2,35,48
17,1,26,30,53,49,11,56,43,52,2,35,48,30
1,26,30,53,49,11,56,43,52,2,35,48,30,33
26,30,53,49,11,56,43,52,2,35,48,30,33,3
30,53,49,11,56,43,52,2,35,48,30,33,3,8
53,49,11,56,43,52,2,35,48,30,33,3,8,54
49,11,56,43,52,2,35,48,30,33,3,8,54,58
11,56,43,52,2,35,48,30,33,3,8,54,58,52
56,43,52,2,35,48,30,33,3,8,54,58,52,28
43,52,2,35,48,30,33,3,8,54,58,52,28,44
52,2,35,48,30,33,3,8,54,58,52,28,44,60
2,35,48,30,33,3,8,54,58,52,28,44,60,17
35,48,30,33,3,8,54,58,52,28,44,60,17,25
48,30,33,3,8,54,58,52,28,44,60,17,25,6
30,33,3,8,54,58,52,28,44,60,17,25,6,35
33,3,8,54,58,52,28,44,60,17,25,6,35,49
3,8,54,58,52,28,44,60,17,25,6,35,49,40
8,54,58,52,28,44,60,17,25,6,35,49,40,30
54,58,52,28,44,60,17,25,6,35,49,40,30,6
58,52,28,44,60,17,25,6,35,49,40,30,6,35
52,28,44,60,17,25,6,35,49,40,30,6,35,48
28,44,60,17,25,6,35,49,40,30,6,35,48,39
44,60,17,25,6,35,49,40,30,6,35,48,39,42
60,17,25,6,35,49,40,30,6,35,48,39,42,41
17,25,6,35,49,40,30,6,35,48,39,42,41,43
25,6,35,49,40,30,6,35,48,39,42,41,43,25
6,35,49,40,30,6,35,48,39,42,41,43,25,28
35,49,40,30,6,35,48,39,42,41,43,25,28,14
49,40,30,6,35,48,39,42,41,43,25,28,14,46
40,30,6,35,48,39,42,41,43,25,28,14,46,5
30,6,35,48,39,42,41,43,25,28,14,46,5,10
6,35,48,39,42,41,43,25,28,14,46,5,10,2
35,48,39,42,41,43,25,28,14,46,5,10,2,29
48,39,42,41,43,25,28,14,46,5,10,2,29,34
39,42,41,43,25,28,14,46,5,10,2,29,34,41
42,41,43,25,28,14,46,5,10,2,29,34,41,35
41,43,25,28,14,46,5,10,2,29,34,41,35,27
43,25,28,14,46,5,10,2,29,34,41,35,27,39
25,28,14,46,5,10,2,29,34,41,35,27,39,20
28,14,46,5,10,2,29,34,41,35,27,39,20,50
14,46,5,10,2,29,34,41,35,27,39,20,50,59
46,5,10,2,29,34,41,35,27,39,20,50,59,31
5,10,2,29,34,41,35,27,39,20,50,59,31,2
10,2,29,34,41,35,27,39,20,50,59,31,2,43
2,29,34,41,35,27,39,20,50,59,31,2,43,19
29,34,41,35,27,39,20,50,59,31,2,43,19,60
34,41,35,27,39,20,50,59,31,2,43,19,60,16
41,35,27,39,20,50,59,31,2,43,19,60,16,33
35,27,39,20,50,59,31,2,43,19,60,16,33,37
27,39,20,50,59,31,2,43,19,60,16,33,37,60
39,20,50,59,31,2,43,19,60,16,33,37,60,34
20,50,59,31,2,43,19,60,16,33,37,60,34,46
50,59,31,2,43,19,60,16,33,37,60,34,46,52
59,31,2,43,19,60,16,33,37,60,34,46,52,27
31,2,43,19,60,16,33,37,60,34,46,52,27,36
2,43,19,60,16,33,37,60,34,46,52,27,36,34
43,19,60,16,33,37,60,34,46,52,27,36,34,16
19,60,16,33,37,60,34,46,52,27,36,34,16,57
60,16,33,37,60,34,46,52,27,36,34,16,57,10
16,33,37,60,34,46,52,27,36,34,16,57,10,54
33,37,60,34,46,52,27,36,34,16,57,10,54,45
37,60,34,46,52,27,36,34,16,57,10,54,45,30
60,34,46,52,27,36,34,16,57,10,54,45,30,57
34,46,52,27,36,34,16,57,10,54,45,30,57,37
46,52,27,36,34,16,57,10,54,45,30,57,37,58
52,27,36,34,16,57,10,54,45,30,57,37,58,11
27,36,34,16,57,10,54,45,30,57,37,58,11,8
36,34,16,57,10,54,45,30,57,37,58,11,8,39
34,16,57,10,54,45,30,57,37,58,11,8,39,14
16,57,10,54,45,30,57,37,58,11,8,39,14,48
57,10,54,45,30,57,37,58,11,8,39,14,48,53
10,54,45,30,57,37,58,11,8,39,14,48,53,42
54,45,30,57,37,58,11,8,39,14,48,53,42,28
45,30,57,37,58,11,8,39,14,48,53,42,28,45
30,57,37,58,11,8,39,14,48,53,42,28,45,14
57,37,58,11,8,39,14,48,53,42,28,45,14,12
37,58,11,8,39,14,48,53,42,28,45,14,12,55
58,11,8,39,14,48,53,42,28,45,14,12,55,22
11,8,39,14,48,53,42,28,45,14,12,55,22,35
8,39,14,48,53,42,28,45,14,12,55,22,35,17
39,14,48,53,42,28,45,14,12,55,22,35,17,41
14,48,53,42,28,45,14,12,55,22,35,17,41,20
48,53,42,28,45,14,12,55,22,35,17,41,20,42
53,42,28,45,14,12,55,22,35,17,41,20,42,53
42,28,45,14,12,55,22,35,17,41,20,42,53,16
28,45,14,12,55,22,35,17,41,20,42,53,16,11
45,14,12,55,22,35,17,41,20,42,53,16,11,57
14,12,55,22,35,17,41,20,42,53,16,11,57,13
12,55,22,35,17,41,20,42,53,16,11,57,13,36
55,22,35,17,41,20,42,53,16,11,57,13,36,12
22,35,17,41,20,42,53,16,11,57,13,36,12,33
35,17,41,20,42,53,16,11,57,13,36,12,33,44
17,41,20,42,53,16,11,57,13,36,12,33,44,52
41,20,42,53,16,11,57,13,36,12,33,44,52,35
20,42,53,16,11,57,13,36,12,33,44,52,35,36
42,53,16,11,57,13,36,12,33,44,52,35,36,41
53,16,11,57,13,36,12,33,44,52,35,36,41,53
16,11,57,13,36,12,33,44,52,35,36,41,53,55
11,57,13,36,12,33,44,52,35,36,41,53,55,9
57,13,36,12,33,44,52,35,36,41,53,55,9,16
13,36,12,33,44,52,35,36,41,53,55,9,16,31
36,12,33,44,52,35,36,41,53,55,9,16,31,22
12,33,44,52,35,36,41,53,55,9,16,31,22,4
33,44,52,35,36,41,53,55,9,16,31,22,4,20
44,52,35,36,41,53,55,9,16,31,22,4,20,25
52,35,36,41,53,55,9,16,31,22,4,20,25,13
35,36,41,53,55,9,16,31,22,4,20,25,13,60
36,41,53,55,9,16,31,22,4,20,25,13,60,18
41,53,55,9,16,31,22,4,20,25,13,60,18,42
53,55,9,16,31,22,4,20,25,13,60,18,42,49
55,9,16,31,22,4,20,25,13,60,18,42,49,47
9,16,31,22,4,20,25,13,60,18,42,49,47,9
16,31,22,4,20,25,13,60,18,42,49,47,9,23
31,22,4,20,25,13,60,18,42,49,47,9,23,20
22,4,20,25,13,60,18,42,49,47,9,23,20,27
4,20,25,13,60,18,42,49,47,9,23,20,27,50
20,25,13,60,18,42,49,47,9,23,20,27,50,8
25,13,60,18,42,49,47,9,23,20,27,50,8,10
13,60,18,42,49,47,9,23,20,27,50,8,10,28
60,18,42,49,47,9,23,20,27,50,8,10,28,2
18,42,49,47,9,23,20,27,50,8,10,28,2,51
42,49,47,9,23,20,27,50,8,10,28,2,51,49
49,47,9,23,20,27,50,8,10,28,2,51,49,9
47,9,23,20,27,50,8,10,28,2,51,49,9,34
9,23,20,27,50,8,10,28,2,51,49,9,34,55
23,20,27,50,8,10,28,2,51,49,9,34,55,21
20,27,50,8,10,28,2,51,49,9,34,55,21,8
27,50,8,10,28,2,51,49,9,34,55,21,8,34
50,8,10,28,2,51,49,9,34,55,21,8,34,47
8,10,28,2,51,49,9,34,55,21,8,34,47,42
10,28,2,51,49,9,34,55,21,8,34,47,42,23
28,2,51,49,9,34,55,21,8,34,47,42,23,4
2,51,49,9,34,55,21,8,34,47,42,23,4,48
51,49,9,34,55,21,8,34,47,42,23,4,48,59
49,9,34,55,21,8,34,47,42,23,4,48,59,29
9,34,55,21,8,34,47,42,23,4,48,59,29,47
34,55,21,8,34,47,42,23,4,48,59,29,47,18
55,21,8,34,47,42,23,4,48,59,29,47,18,49
21,8,34,47,42,23,4,48,59,29,47,18,49,41
8,34,47,42,23,4,48,59,29,47,18,49,41,16
34,47,42,23,4,48,59,29,47,18,49,41,16,51
47,42,23,4,48,59,29,47,18,49,41,16,51,28
42,23,4,48,59,29,47,18,49,41,16,51,28,21
23,4,48,59,29,47,18,49,41,16,51,28,21,9
4,48,59,29,47,18,49,41,16,51,28,21,9,46
48,59,29,47,18,49,41,16,51,28,21,9,46,4
59,29,47,18,49,41,16,51,28,21,9,46,4,32
29,47,18,49,41,16,51,28,21,9,46,4,32,31
47,18,49,41,16,51,28,21,9,46,4,32,31,42
18,49,41,16,51,28,21,9,46,4,32,31,42,20
49,41,16,51,28,21,9,46,4,32,31,42,20,24
41,16,51,28,21,9,46,4,32,31,42,20,24,17
16,51,28,21,9,46,4,32,31,42,20,24,17,27
51,28,21,9,46,4,32,31,42,20,24,17,27,40
28,21,9,46,4,32,31,42,20,24,17,27,40,60
21,9,46,4,32,31,42,20,24,17,27,40,60,56
9,46,4,32,31,42,20,24,17,27,40,60,56,49
46,4,32,31,42,20,24,17,27,40,60,56,49,31
4,32,31,42,20,24,17,27,40,60,56,49,31,4
32,31,42,20,24,17,27,40,60,56,49,31,4,45
31,42,20,24,17,27,40,60,56,49,31,4,45,42
42,20,24,17,27,40,60,56,49,31,4,45,42,38
20,24,17,27,40,60,56,49,31,4,45,42,38,11
24,17,27,40,60,56,49,31,4,45,42,38,11,52
17,27,40,60,56,49,31,4,45,42,38,11,52,57
27,40,60,56,49,31,4,45,42,38,11,52,57,17
40,60,56,49,31,4,45,42,38,11,52,57,17,25
60,56,49,31,4,45,42,38,11,52,57,17,25,16
56,49,31,4,45,42,38,11,52,57,17,25,16,22
49,31,4,45,42,38,11,52,57,17,25,16,22,7
31,4,45,42,38,11,52,57,17,25,16,22,7,55
4,45,42,38,11,52,57,17,25,16,22,7,55,19
45,42,38,11,52,57,17,25,16,22,7,55,19,28
42,38,11,52,57,17,25,16,22,7,55,19,28,4
38,11,52,57,17,25,16,22,7,55,19,28,4,58
11,52,57,17,25,16,22,7,55,19,28,4,58,3
52,57,17,25,16,22,7,55,19,28,4,58,3,40
57,17,25,16,22,7,55,19,28,4,58,3,40,11
17,25,16,22,7,55,19,28,4,58,3,40,11,42
25,16,22,7,55,19,28,4,58,3,40,11,42,17
16,22,7,55,19,28,4,58,3,40,11,42,17,58
22,7,55,19,28,4,58,3,40,11,42,17,58,9
7,55,19,28,4,58,3,40,11,42,17,58,9,60
55,19,28,4,58,3,40,11,42,17,58,9,60,30
19,28,4,58,3,40,11,42,17,58,9,60,30,8
28,4,58,3,40,11,42,17,58,9,60,30,8,2
4,58,3,40,11,42,17,58,9,60,30,8,2,3
58,3,40,11,42,17,58,9,60,30,8,2,3,51
3,40,11,42,17,58,9,60,30,8,2,3,51,48
40,11,42,17,58,9,60,30,8,2,3,51,48,54
11,42,17,58,9,60,30,8,2,3,51,48,54,7
42,17,58,9,60,30,8,2,3,51,48,54,7,54
17,58,9,60,30,8,2,3,51,48,54,7,54,25
58,9,60,30,8,2,3,51,48,54,7,54,25,5
9,60,30,8,2,3,51,48,54,7,54,25,5,10
60,30,8,2,3,51,48,54,7,54,25,5,10,49
30,8,2,3,51,48,54,7,54,25,5,10,49,32
8,2,3,51,48,54,7,54,25,5,10,49,32,45
2,3,51,48,54,7,54,25,5,10,49,32,45,28
3,51,48,54,7,54,25,5,10,49,32,45,28,34
51,48,54,7,54,25,5,10,49,32,45,28,34,29
48,54,7,54,25,5,10,49,32,45,28,34,29,25
54,7,54,25,5,10,49,32,45,28,34,29,25,41
7,54,25,5,10,49,32,45,28,34,29,25,41,35
54,25,5,10,49,32,45,28,34,29,25,41,35,49
25,5,10,49,32,45,28,34,29,25,41,35,49,19
5,10,49,32,45,28,34,29,25,41,35,49,19,22
10,49,32,45,28,34,29,25,41,35,49,19,22,47
49,32,45,28,34,29,25,41,35,49,19,22,47,41
32,45,28,34,29,25,41,35,49,19,22,47,41,17
45,28,34,29,25,41,35,49,19,22,47,41,17,55
28,34,29,25,41,35,49,19,22,47,41,17,55,9
34,29,25,41,35,49,19,22,47,41,17,55,9,41
29,25,41,35,49,19,22,47,41,17,55,9,41,38
25,41,35,49,19,22,47,41,17,55,9,41,38,49
41,35,49,19,22,47,41,17,55,9,41,38,49,19
35,49,19,22,47,41,17,55,9,41,38,49,19,3
49,19,22,47,41,17,55,9,41,38,49,19,3,34
19,22,47,41,17,55,9,41,38,49,19,3,34,53
22,47,41,17,55,9,41,38,49,19,3,34,53,48
47,41,17,55,9,41,38,49,19,3,34,53,48,41
41,17,55,9,41,38,49,19,3,34,53,48,41,18
17,55,9,41,38,49,19,3,34,53,48,41,18,54
55,9,41,38,49,19,3,34,53,48,41,18,54,25
9,41,38,49,19,3,34,53,48,41,18,54,25,6
41,38,49,19,3,34,53,48,41,18,54,25,6,30
38,49,19,3,34,53,48,41,18,54,25,6,30,42
49,19,3,34,53,48,41,18,54,25,6,30,42,31
19,3,34,53,48,41,18,54,25,6,30,42,31,7
3,34,53,48,41,18,54,25,6,30,42,31,7,30
34,53,48,41,18,54,25,6,30,42,31,7,30,41
53,48,41,18,54,25,6,30,42,31,7,30,41,56
48,41,18,54,25,6,30,42,31,7,30,41,56,50
41,18,54,25,6,30,42,31,7,30,41,56,50,51
18,54,25,6,30,42,31,7,30,41,56,50,51,36
54,25,6,30,42,31,7,30,41,56,50,51,36,3
25,6,30,42,31,7,30,41,56,50,51,36,3,58
6,30,42,31,7,30,41,56,50,51,36,3,58,10
30,42,31,7,30,41,56,50,51,36,3,58,10,25
42,31,7,30,41,56,50,51,36,3,58,10,25,28
31,7,30,41,56,50,51,36,3,58,10,25,28,34
7,30,41,56,50,51,36,3,58,10,25,28,34,51
30,41,56,50,51,36,3,58,10,25,28,34,51,19
41,56,50,51,36,3,58,10,25,28,34,51,19,40
56,50,51,36,3,58,10,25,28,34,51,19,40,30
50,51,36,3,58,10,25,28,34,51,19,40,30,5
51,36,3,58,10,25,28,34,51,19,40,30,5,43
36,3,58,10,25,28,34,51,19,40,30,5,43,16
3,58,10,25,28,34,51,19,40,30,5,43,16,11
58,10,25,28,34,51,19,40,30,5,43,16,11,9
10,25,28,34,51,19,40,30,5,43,16,11,9,57
25,28,34,51,19,40,30,5,43,16,11,9,57,39
28,34,51,19,40,30,5,43,16,11,9,57,39,42
34,51,19,40,30,5,43,16,11,9,57,39,42,43
51,19,40,30,5,43,16,11,9,57,39,42,43,51
19,40,30,5,43,16,11,9,57,39,42,43,51,31
40,30,5,43,16,11,9,57,39,42,43,51,31,32
30,5,43,16,11,9,57,39,42,43,51,31,32,15
5,43,16,11,9,57,39,42,43,51,31,32,15,21
43,16,11,9,57,39,42,43,51,31,32,15,21,24
16,11,9,57,39,42,43,51,31,32,15,21,24,45
11,9,57,39,42,43,51,31,32,15,21,24,45,29
9,57,39,42,43,51,31,32,15,21,24,45,29,10
57,39,42,43,51,31,32,15,21,24,45,29,10,46
39,42,43,51,31,32,15,21,24,45,29,10,46,21
42,43,51,31,32,15,21,24,45,29,10,46,21,35
43,51,31,32,15,21,24,45,29,10,46,21,35,29
51,31,32,15,21,24,45,29,10,46,21,35,29,14
31,32,15,21,24,45,29,10,46,21,35,29,14,22
32,15,21,24,45,29,10,46,21,35,29,14,22,35
15,21,24,45,29,10,46,21,35,29,14,22,35,22
21,24,45,29,10,46,21,35,29,14,22,35,22,32
24,45,29,10,46,21,35,29,14,22,35,22,32,20
45,29,10,46,21,35,29,14,22,35,22,32,20,50
29,10,46,21,35,29,14,22,35,22,32,20,50,3
10,46,21,35,29,14,22,35,22,32,20,50,3,34
46,21,35,29,14,22,35,22,32,20,50,3,34,6
21,35,29,14,22,35,22,32,20,50,3,34,6,58
35,29,14,22,35,22,32,20,50,3,34,6,58,39
29,14,22,35,22,32,20,50,3,34,6,58,39,14
14,22,35,22,32,20,50,3,34,6,58,39,14,24
22,35,22,32,20,50,3,34,6,58,39,14,24,42
35,22,32,20,50,3,34,6,58,39,14,24,42,56
22,32,20,50,3,34,6,58,39,14,24,42,56,33
32,20,50,3,34,6,58,39,14,24,42,56,33,20
20,50,3,34,6,58,39,14,24,42,56,33,20,51
50,3,34,6,58,39,14,24,42,56,33,20,51,44
3,34,6,58,39,14,24,42,56,33,20,51,44,44
34,6,58,39,14,24,42,56,33,20,51,44,44,50
6,58,39,14,24,42,56,33,20,51,44,44,50,17
58,39,14,24,42,56,33,20,51,44,44,50,17,28
39,14,24,42,56,33,20,51,44,44,50,17,28,37
14,24,42,56,33,20,51,44,44,50,17,28,37,1
24,42,56,33,20,51,44,44,50,17,28,37,1,33
42,56,33,20,51,44,44,50,17,28,37,1,33,41
56,33,20,51,44,44,50,17,28,37,1,33,41,38
33,20,51,44,44,50,17,28,37,1,33,41,38,27
20,51,44,44,50,17,28,37,1,33,41,38,27,4
51,44,44,50,17,28,37,1,33,41,38,27,4,35
44,44,50,17,28,37,1,33,41,38,27,4,35,29
44,50,17,28,37,1,33,41,38,27,4,35,29,5
50,17,28,37,1,33,41,38,27,4,35,29,5,23
17,28,37,1,33,41,38,27,4,35,29,5,23,34
28,37,1,33,41,38,27,4,35,29,5,23,34,53
37,1,33,41,38,27,4,35,29,5,23,34,53,60
1,33,41,38,27,4,35,29,5,23,34,53,60,13
33,41,38,27,4,35,29,5,23,34,53,60,13,7
41,38,27,4,35,29,5,23,34,53,60,13,7,36
38,27,4,35,29,5,23,34,53,60,13,7,36,25
27,4,35,29,5,23,34,53,60,13,7,36,25,58
4,35,29,5,23,34,53,60,13,7,36,25,58,4
35,29,5,23,34,53,60,13,7,36,25,58,4,60
29,5,23,34,53,60,13,7,36,25,58,4,60,9
5,23,34,53,60,13,7,36,25,58,4,60,9,19
23,34,53,60,13,7,36,25,58,4,60,9,19,4
34,53,60,13,7,36,25,58,4,60,9,19,4,17
53,60,13,7,36,25,58,4,60,9,19,4,17,37
60,13,7,36,25,58,4,60,9,19,4,17,37,56
13,7,36,25,58,4,60,9,19,4,17,37,56,31
7,36,25,58,4,60,9,19,4,17,37,56,31,37
36,25,58,4,60,9,19,4,17,37,56,31,37,7
25,58,4,60,9,19,4,17,37,56,31,37,7,44
58,4,60,9,19,4,17,37,56,31,37,7,44,42
4,60,9,19,4,17,37,56,31,37,7,44,42,30
60,9,19,4,17,37,56,31,37,7,44,42,30,48
9,19,4,17,37,56,31,37,7,44,42,30,48,36
19,4,17,37,56,31,37,7,44,42,30,48,36,4
4,17,37,56,31,37,7,44,42,30,48,36,4,39
17,37,56,31,37,7,44,42,30,48,36,4,39,15
37,56,31,37,7,44,42,30,48,36,4,39,15,19
56,31,37,7,44,42,30,48,36,4,39,15,19,25
31,37,7,44,42,30,48,36,4,39,15,19,25,44
37,7,44,42,30,48,36,4,39,15,19,25,44,46
7,44,42,30,48,36,4,39,15,19,25,44,46,3
44,42,30,48,36,4,39,15,19,25,44,46,3,57
42,30,48,36,4,39,15,19,25,44,46,3,57,44
30,48,36,4,39,15,19,25,44,46,3,57,44,26
48,36,4,39,15,19,25,44,46,3,57,44,26,23
36,4,39,15,19,25,44,46,3,57,44,26,23,49
4,39,15,19,25,44,46,3,57,44,26,23,49,60
39,15,19,25,44,46,3,57,44,26,23,49,60,24
15,19,25,44,46,3,57,44,26,23,49,60,24,25
19,25,44,46,3,57,44,26,23,49,60,24,25,37
25,44,46,3,57,44,26,23,49,60,24,25,37,39
44,46,3,57,44,26,23,49,60,24,25,37,39,13
46,3,57,44,26,23,49,60,24,25,37,39,13,41
3,57,44,26,23,49,60,24,25,37,39,13,41,12
57,44,26,23,49,60,24,25,37,39,13,41,12,58
44,26,23,49,60,24,25,37,39,13,41,12,58,6
26,23,49,60,24,25,37,39,13,41,12,58,6,46
23,49,60,24,25,37,39,13,41,12,58,6,46,53
49,60,24,25,37,39,13,41,12,58,6,46,53,44
60,24,25,37,39,13,41,12,58,6,46,53,44,2
24,25,37,39,13,41,12,58,6,46,53,44,2,22
25,37,39,13,41,12,58,6,46,53,44,2,22,12
37,39,13,41,12,58,6,46,53,44,2,22,12,17
39,13,41,12,58,6,46,53,44,2,22,12,17,18
13,41,12,58,6,46,53,44,2,22,12,17,18,19
41,12,58,6,46,53,44,2,22,12,17,18,19,14
12,58,6,46,53,44,2,22,12,17,18,19,14,35
58,6,46,53,44,2,22,12,17,18,19,14,35,5
6,46,53,44,2,22,12,17,18,19,14,35,5,44
46,53,44,2,22,12,17,18,19,14,35,5,44,18
53,44,2,22,12,17,18,19,14,35,5,44,18,43
44,2,22,12,17,18,19,14,35,5,44,18,43,29
2,22,12,17,18,19,14,35,5,44,18,43,29,37
22,12,17,18,19,14,35,5,44,18,43,29,37,49
12,17,18,19,14,35,5,44,18,43,29,37,49,41
17,18,19,14,35,5,44,18,43,29,37,49,41,54
18,19,14,35,5,44,18,43,29,37,49,41,54,11
19,14,35,5,44,18,43,29,37,49,41,54,11,38
14,35,5,44,18,43,29,37,49,41,54,11,38,26
35,5,44,18,43,29,37,49,41,54,11,38,26,32
5,44,18,43,29,37,49,41,54,11,38,26,32,56
44,18,43,29,37,49,41,54,11,38,26,32,56,2
18,43,29,37,49,41,54,11,38,26,32,56,2,8
43,29,37,49,41,54,11,38,26,32,56,2,8,46
29,37,49,41,54,11,38,26,32,56,2,8,46,53
37,49,41,54,11,38,26,32,56,2,8,46,53,39
49,41,54,11,38,26,32,56,2,8,46,53,39,11
41,54,11,38,26,32,56,2,8,46,53,39,11,16
54,11,38,26,32,56,2,8,46,53,39,11,16,20
11,38,26,32,56,2,8,46,53,39,11,16,20,24
38,26,32,56,2,8,46,53,39,11,16,20,24,47
26,32,56,2,8,46,53,39,11,16,20,24,47,41
32,56,2,8,46,53,39,11,16,20,24,47,41,32
56,2,8,46,53,39,11,16,20,24,47,41,32,7
2,8,46,53,39,11,16,20,24,47,41,32,7,23
8,46,53,39,11,16,20,24,47,41,32,7,23,42
46,53,39,11,16,20,24,47,41,32,7,23,42,53
53,39,11,16,20,24,47,41,32,7,23,42,53,6
39,11,16,20,24,47,41,32,7,23,42,53,6,19
11,16,20,24,47,41,32,7,23,42,53,6,19,9
16,20,24,47,41,32,7,23,42,53,6,19,9,38
20,24,47,41,32,7,23,42,53,6,19,9,38,55
24,47,41,32,7,23,42,53,6,19,9,38,55,41
47,41,32,7,23,42,53,6,19,9,38,55,41,16
41,32,7,23,42,53,6,19,9,38,55,41,16,40
32,7,23,42,53,6,19,9,38,55,41,16,40,20
7,23,42,53,6,19,9,38,55,41,16,40,20,15
23,42,53,6,19,9,38,55,41,16,40,20,15,13
42,53,6,19,9,38,55,41,16,40,20,15,13,25
53,6,19,9,38,55,41,16,40,20,15,13,25,26
6,19,9,38,55,41,16,40,20,15,13,25,26,9
19,9,38,55,41,16,40,20,15,13,25,26,9,13
9,38,55,41,16,40,20,15,13,25,26,9,13,22
38,55,41,16,40,20,15,13,25,26,9,13,22,31
55,41,16,40,20,15,13,25,26,9,13,22,31,32
41,16,40,20,15,13,25,26,9,13,22,31,32,12
16,40,20,15,13,25,26,9,13,22,31,32,12,43
40,20,15,13,25,26,9,13,22,31,32,12,43,37
20,15,13,25,26,9,13,22,31,32,12,43,37,24
15,13,25,26,9,13,22,31,32,12,43,37,24,60
13,25,26,9,13,22,31,32,12,43,37,24,60,35
25,26,9,13,22,31,32,12,43,37,24,60,35,13
26,9,13,22,31,32,12,43,37,24,60,35,13,11
9,13,22,31,32,12,43,37,24,60,35,13,11,50
13,22,31,32,12,43,37,24,60,35,13,11,50,49
22,31,32,12,43,37,24,60,35,13,11,50,49,16
31,32,12,43,37,24,60,35,13,11,50,49,16,38
32,12,43,37,24,60,35,13,11,50,49,16,38,26
12,43,37,24,60,35,13,11,50,49,16,38,26,30
43,37,24,60,35,13,11,50,49,16,38,26,30,8
37,24,60,35,13,11,50,49,16,38,26,30,8,31
24,60,35,13,11,50,49,16,38,26,30,8,31,48
60,35,13,11,50,49,16,38,26,30,8,31,48,8
35,13,11,50,49,16,38,26,30,8,31,48,8,37
13,11,50,49,16,38,26,30,8,31,48,8,37,45
11,50,49,16,38,26,30,8,31,48,8,37,45,48
50,49,16,38,26,30,8,31,48,8,37,45,48,33
49,16,38,26,30,8,31,48,8,37,45,48,33,30
16,38,26,30,8,31,48,8,37,45,48,33,30,39
38,26,30,8,31,48,8,37,45,48,33,30,39,30
26,30,8,31,48,8,37,45,48,33,30,39,30,16
30,8,31,48,8,37,45,48,33,30,39,30,16,51
8,31,48,8,37,45,48,33,30,39,30,16,51,37
31,48,8,37,45,48,33,30,39,30,16,51,37,40
48,8,37,45,48,33,30,39,30,16,51,37,40,20
8,37,45,48,33,30,39,30,16,51,37,40,20,13
37,45,48,33,30,39,30,16,51,37,40,20,13,9
45,48,33,30,39,30,16,51,37,40,20,13,9,56
48,33,30,39,30,16,51,37,40,20,13,9,56,32
33,30,39,30,16,51,37,40,20,13,9,56,32,22
30,39,30,16,51,37,40,20,13,9,56,32,22,5
39,30,16,51,37,40,20,13,9,56,32,22,5,8
30,16,51,37,40,20,13,9,56,32,22,5,8,13
16,51,37,40,20,13,9,56,32,22,5,8,13,27
51,37,40,20,13,9,56,32,22,5,8,13,27,50
37,40,20,13,9,56,32,22,5,8,13,27,50,36
40,20,13,9,56,32,22,5,8,13,27,50,36,53
20,13,9,56,32,22,5,8,13,27,50,36,53,34
13,9,56,32,22,5,8,13,27,50,36,53,34,25
9,56,32,22,5,8,13,27,50,36,53,34,25,15
56,32,22,5,8,13,27,50,36,53,34,25,15,23
32,22,5,8,13,27,50,36,53,34,25,15,23,11
22,5,8,13,27,50,36,53,34,25,15,23,11,32
5,8,13,27,50,36,53,34,25,15,23,11,32,28
8,13,27,50,36,53,34,25,15,23,11,32,28,38
13,27,50,36,53,34,25,15,23,11,32,28,38,51
27,50,36,53,34,25,15,23,11,32,28,38,51,27
50,36,53,34,25,15,23,11,32,28,38,51,27,26
36,53,34,25,15,23,11,32,28,38,51,27,26,42
53,34,25,15,23,11,32,28,38,51,27,26,42,44
34,25,15,23,11,32,28,38,51,27,26,42,44,5
25,15,23,11,32,28,38,51,27,26,42,44,5,25
15,23,11,32,28,38,51,27,26,42,44,5,25,36
23,11,32,28,38,51,27,26,42,44,5,25,36,16
11,32,28,38,51,27,26,42,44,5,25,36,16,44
32,28,38,51,27,26,42,44,5,25,36,16,44,11
28,38,51,27,26,42,44,5,25,36,16,44,11,4
38,51,27,26,42,44,5,25,36,16,44,11,4,45
51,27,26,42,44,5,25,36,16,44,11,4,45,57
27,26,42,44,5,25,36,16,44,11,4,45,57,12
26,42,44,5,25,36,16,44,11,4,45,57,12,3
42,44,5,25,36,16,44,11,4,45,57,12,3,25
44,5,25,36,16,44,11,4,45,57,12,3,25,2
5,25,36,16,44,11,4,45,57,12,3,25,2,49
25,36,16,44,11,4,45,57,12,3,25,2,49,42
36,16,44,11,4,45,57,12,3,25,2,49,42,39
16,44,11,4,45,57,12,3,25,2,49,42,39,6
44,11,4,45,57,12,3,25,2,49,42,39,6,14
11,4,45,57,12,3,25,2,49,42,39,6,14,48
4,45,57,12,3,25,2,49,42,39,6,14,48,46
45,57,12,3,25,2,49,42,39,6,14,48,46,20
57,12,3,25,2,49,42,39,6,14,48,46,20,39
12,3,25,2,49,42,39,6,14,48,46,20,39,36
3,25,2,49,42,39,6,14,48,46,20,39,36,59
25,2,49,42,39,6,14,48,46,20,39,36,59,17
2,49,42,39,6,14,48,46,20,39,36,59,17,30
49,42,39,6,14,48,46,20,39,36,59,17,30,8
42,39,6,14,48,46,20,39,36,59,17,30,8,54
39,6,14,48,46,20,39,36,59,17,30,8,54,52
6,14,48,46,20,39,36,59,17,30,8,54,52,42
14,48,46,20,39,36,59,17,30,8,54,52,42,35
48,46,20,39,36,59,17,30,8,54,52,42,35,27
46,20,39,36,59,17,30,8,54,52,42,35,27,51
20,39,36,59,17,30,8,54,52,42,35,27,51,44
39,36,59,17,30,8,54,52,42,35,27,51,44,9
36,59,17,30,8,54,52,42,35,27,51,44,9,26
59,17,30,8,54,52,42,35,27,51,44,9,26,36
17,30,8,54,52,42,35,27,51,44,9,26,36,25
30,8,54,52,42,35,27,51,44,9,26,36,25,21
8,54,52,42,35,27,51,44,9,26,36,25,21,53
54,52,42,35,27,51,44,9,26,36,25,21,53,8
52,42,35,27,51,44,9,26,36,25,21,53,8,38
42,35,27,51,44,9,26,36,25,21,53,8,38,13
35,27,51,44,9,26,36,25,21,53,8,38,13,33
27,51,44,9,26,36,25,21,53,8,38,13,33,11
51,44,9,26,36,25,21,53,8,38,13,33,11,48
44,9,26,36,25,21,53,8,38,13,33,11,48,60
9,26,36,25,21,53,8,38,13,33,11,48,60,29
26,36,25,21,53,8,38,13,33,11,48,60,29,6
36,25,21,53,8,38,13,33,11,48,60,29,6,30
25,21,53,8,38,13,33,11,48,60,29,6,30,25
21,53,8,38,13,33,11,48,60,29,6,30,25,22
53,8,38,13,33,11,48,60,29,6,30,25,22,32
8,38,13,33,11,48,60,29,6,30,25,22,32,12
38,13,33,11,48,60,29,6,30,25,22,32,12,14
13,33,11,48,60,29,6,30,25,22,32,12,14,34
33,11,48,60,29,6,30,25,22,32,12,14,34,33
11,48,60,29,6,30,25,22,32,12,14,34,33,10
